timestamp,asset,theme,direction,signal,asset_catalyst,scenario_confidence,report_reliability,idea_score,edge_ratio,quant_gate_pass,gate_reasons
2025-06-02 00:00:00-04:00,AUDUSD,forex flow + macro overlay favors long exposure,flat,,0.0,0.9991879928672124,0.9642857142857144,0.294521056072939,0.0,False,"['report_invalid', 'weak_signal', 'insufficient_net_edge']"
2025-06-02 00:00:00-04:00,BTC,crypto flow + macro overlay favors long exposure,flat,,0.0,0.9991879928672124,0.9642857142857144,0.294521056072939,0.0,False,"['report_invalid', 'weak_signal', 'insufficient_net_edge']"
2025-06-02 00:00:00-04:00,COPPER,metal flow + macro overlay favors long exposure,flat,,0.0,0.9991879928672124,0.9642857142857144,0.294521056072939,0.0,False,"['report_invalid', 'weak_signal', 'insufficient_net_edge']"
2025-06-02 00:00:00-04:00,ETH,crypto flow + macro overlay favors long exposure,flat,,0.0,0.9991879928672124,0.9642857142857144,0.294521056072939,0.0,False,"['report_invalid', 'weak_signal', 'insufficient_net_edge']"
2025-06-02 00:00:00-04:00,EURUSD,forex flow + macro overlay favors long exposure,flat,,0.0,0.9991879928672124,0.9642857142857144,0.294521056072939,0.0,False,"['report_invalid', 'weak_signal', 'insufficient_net_edge']"
2025-06-02 00:00:00-04:00,GOLD,metal flow + macro overlay favors long exposure,flat,,0.0,0.9991879928672124,0.9642857142857144,0.294521056072939,0.0,False,"['report_invalid', 'weak_signal', 'insufficient_net_edge']"
2025-06-02 00:00:00-04:00,GOOG,stock flow + macro overlay favors long exposure,flat,,0.0,0.9991879928672124,0.9642857142857144,0.294521056072939,0.0,False,"['report_invalid', 'weak_signal', 'insufficient_net_edge']"
2025-06-02 00:00:00-04:00,MCD,stock flow + macro overlay favors long exposure,flat,,0.0,0.9991879928672124,0.9642857142857144,0.294521056072939,0.0,False,"['report_invalid', 'weak_signal', 'insufficient_net_edge']"
2025-06-02 00:00:00-04:00,NVDA,stock flow + macro overlay favors long exposure,flat,,0.0,0.9991879928672124,0.9642857142857144,0.294521056072939,0.0,False,"['report_invalid', 'weak_signal', 'insufficient_net_edge']"
2025-06-02 00:00:00-04:00,SILVER,metal flow + macro overlay favors long exposure,flat,,0.0,0.9991879928672124,0.9642857142857144,0.294521056072939,0.0,False,"['report_invalid', 'weak_signal', 'insufficient_net_edge']"
2025-06-02 00:00:00-04:00,SOL,crypto flow + macro overlay favors long exposure,flat,,0.0,0.9991879928672124,0.9642857142857144,0.294521056072939,0.0,False,"['report_invalid', 'weak_signal', 'insufficient_net_edge']"
2025-06-02 00:00:00-04:00,SPY,stock flow + macro overlay favors long exposure,flat,,0.0,0.9991879928672124,0.9642857142857144,0.294521056072939,0.0,False,"['report_invalid', 'weak_signal', 'insufficient_net_edge']"
2025-06-02 00:00:00-04:00,TSLA,stock flow + macro overlay favors long exposure,flat,,0.0,0.9991879928672124,0.9642857142857144,0.294521056072939,0.0,False,"['report_invalid', 'weak_signal', 'insufficient_net_edge']"
2025-06-02 00:00:00-04:00,XRP,crypto flow + macro overlay favors long exposure,flat,,0.0,0.9991879928672124,0.9642857142857144,0.294521056072939,0.0,False,"['report_invalid', 'weak_signal', 'insufficient_net_edge']"
2025-06-03 00:00:00-04:00,AUDUSD,forex flow + macro overlay favors long exposure,flat,,0.0,0.9991879928672124,0.9642857142857144,0.294521056072939,0.0,False,"['report_invalid', 'weak_signal', 'insufficient_net_edge']"
2025-06-03 00:00:00-04:00,BTC,crypto flow + macro overlay favors long exposure,flat,,0.0,0.9991879928672124,0.9642857142857144,0.294521056072939,0.0,False,"['report_invalid', 'weak_signal', 'insufficient_net_edge']"
2025-06-03 00:00:00-04:00,COPPER,metal flow + macro overlay favors long exposure,flat,,0.0,0.9991879928672124,0.9642857142857144,0.294521056072939,0.0,False,"['report_invalid', 'weak_signal', 'insufficient_net_edge']"
2025-06-03 00:00:00-04:00,ETH,crypto flow + macro overlay favors long exposure,flat,,0.0,0.9991879928672124,0.9642857142857144,0.294521056072939,0.0,False,"['report_invalid', 'weak_signal', 'insufficient_net_edge']"
2025-06-03 00:00:00-04:00,EURUSD,forex flow + macro overlay favors long exposure,flat,,0.0,0.9991879928672124,0.9642857142857144,0.294521056072939,0.0,False,"['report_invalid', 'weak_signal', 'insufficient_net_edge']"
2025-06-03 00:00:00-04:00,GOLD,metal flow + macro overlay favors long exposure,flat,,0.0,0.9991879928672124,0.9642857142857144,0.294521056072939,0.0,False,"['report_invalid', 'weak_signal', 'insufficient_net_edge']"
2025-06-03 00:00:00-04:00,GOOG,stock flow + macro overlay favors long exposure,flat,,0.0,0.9991879928672124,0.9642857142857144,0.294521056072939,0.0,False,"['report_invalid', 'weak_signal', 'insufficient_net_edge']"
2025-06-03 00:00:00-04:00,MCD,stock flow + macro overlay favors long exposure,flat,,0.0,0.9991879928672124,0.9642857142857144,0.294521056072939,0.0,False,"['report_invalid', 'weak_signal', 'insufficient_net_edge']"
2025-06-03 00:00:00-04:00,NVDA,stock flow + macro overlay favors long exposure,flat,,0.0,0.9991879928672124,0.9642857142857144,0.294521056072939,0.0,False,"['report_invalid', 'weak_signal', 'insufficient_net_edge']"
2025-06-03 00:00:00-04:00,SILVER,metal flow + macro overlay favors long exposure,flat,,0.0,0.9991879928672124,0.9642857142857144,0.294521056072939,0.0,False,"['report_invalid', 'weak_signal', 'insufficient_net_edge']"
2025-06-03 00:00:00-04:00,SOL,crypto flow + macro overlay favors long exposure,flat,,0.0,0.9991879928672124,0.9642857142857144,0.294521056072939,0.0,False,"['report_invalid', 'weak_signal', 'insufficient_net_edge']"
2025-06-03 00:00:00-04:00,SPY,stock flow + macro overlay favors long exposure,flat,,0.0,0.9991879928672124,0.9642857142857144,0.294521056072939,0.0,False,"['report_invalid', 'weak_signal', 'insufficient_net_edge']"
2025-06-03 00:00:00-04:00,TSLA,stock flow + macro overlay favors long exposure,flat,,0.0,0.9991879928672124,0.9642857142857144,0.294521056072939,0.0,False,"['report_invalid', 'weak_signal', 'insufficient_net_edge']"
2025-06-03 00:00:00-04:00,XRP,crypto flow + macro overlay favors long exposure,flat,,0.0,0.9991879928672124,0.9642857142857144,0.294521056072939,0.0,False,"['report_invalid', 'weak_signal', 'insufficient_net_edge']"
2025-06-04 00:00:00-04:00,ETH,crypto flow + macro overlay favors long exposure,flat,,0.7363082558886227,0.9991879928672124,0.9642857142857144,0.4785981200450947,0.0,False,"['report_invalid', 'weak_signal', 'insufficient_net_edge']"
2025-06-04 00:00:00-04:00,XRP,crypto flow + macro overlay favors long exposure,flat,,0.7278391544448399,0.9991879928672124,0.9642857142857144,0.476480844684149,0.0,False,"['report_invalid', 'weak_signal', 'insufficient_net_edge']"
2025-06-04 00:00:00-04:00,SOL,crypto flow + macro overlay favors long exposure,flat,,0.4411833542974971,0.9991879928672124,0.9642857142857144,0.4048168946473133,0.0,False,"['report_invalid', 'weak_signal', 'insufficient_net_edge']"
2025-06-04 00:00:00-04:00,BTC,crypto flow + macro overlay favors long exposure,flat,,0.38057393836565845,0.9991879928672124,0.9642857142857144,0.38966454066435363,0.0,False,"['report_invalid', 'weak_signal', 'insufficient_net_edge']"
2025-06-04 00:00:00-04:00,AUDUSD,forex flow + macro overlay favors long exposure,flat,,0.0,0.9991879928672124,0.9642857142857144,0.294521056072939,0.0,False,"['report_invalid', 'weak_signal', 'insufficient_net_edge']"
2025-06-04 00:00:00-04:00,COPPER,metal flow + macro overlay favors long exposure,flat,,0.0,0.9991879928672124,0.9642857142857144,0.294521056072939,0.0,False,"['report_invalid', 'weak_signal', 'insufficient_net_edge']"
2025-06-04 00:00:00-04:00,EURUSD,forex flow + macro overlay favors long exposure,flat,,0.0,0.9991879928672124,0.9642857142857144,0.294521056072939,0.0,False,"['report_invalid', 'weak_signal', 'insufficient_net_edge']"
2025-06-04 00:00:00-04:00,GOLD,metal flow + macro overlay favors long exposure,flat,,0.0,0.9991879928672124,0.9642857142857144,0.294521056072939,0.0,False,"['report_invalid', 'weak_signal', 'insufficient_net_edge']"
2025-06-04 00:00:00-04:00,GOOG,stock flow + macro overlay favors long exposure,flat,,0.0,0.9991879928672124,0.9642857142857144,0.294521056072939,0.0,False,"['report_invalid', 'weak_signal', 'insufficient_net_edge']"
2025-06-04 00:00:00-04:00,MCD,stock flow + macro overlay favors long exposure,flat,,0.0,0.9991879928672124,0.9642857142857144,0.294521056072939,0.0,False,"['report_invalid', 'weak_signal', 'insufficient_net_edge']"
2025-06-04 00:00:00-04:00,NVDA,stock flow + macro overlay favors long exposure,flat,,0.0,0.9991879928672124,0.9642857142857144,0.294521056072939,0.0,False,"['report_invalid', 'weak_signal', 'insufficient_net_edge']"
2025-06-04 00:00:00-04:00,SILVER,metal flow + macro overlay favors long exposure,flat,,0.0,0.9991879928672124,0.9642857142857144,0.294521056072939,0.0,False,"['report_invalid', 'weak_signal', 'insufficient_net_edge']"
2025-06-04 00:00:00-04:00,SPY,stock flow + macro overlay favors long exposure,flat,,0.0,0.9991879928672124,0.9642857142857144,0.294521056072939,0.0,False,"['report_invalid', 'weak_signal', 'insufficient_net_edge']"
2025-06-04 00:00:00-04:00,TSLA,stock flow + macro overlay favors long exposure,flat,,0.0,0.9991879928672124,0.9642857142857144,0.294521056072939,0.0,False,"['report_invalid', 'weak_signal', 'insufficient_net_edge']"
2025-06-05 00:00:00-04:00,ETH,crypto flow + macro overlay favors long exposure,flat,,0.7414319720482321,0.9991879928672124,0.9642857142857144,0.479879049084997,0.0,False,"['report_invalid', 'weak_signal', 'insufficient_net_edge']"
2025-06-05 00:00:00-04:00,SILVER,metal flow + macro overlay favors long exposure,flat,,0.7300240517678612,0.9991879928672124,0.9642857142857144,0.4770270690149043,0.0,False,"['report_invalid', 'weak_signal', 'insufficient_net_edge']"
2025-06-05 00:00:00-04:00,XRP,crypto flow + macro overlay favors long exposure,flat,,0.5801292891213368,0.9991879928672124,0.9642857142857144,0.43955337835327324,0.0,False,"['report_invalid', 'weak_signal', 'insufficient_net_edge']"
2025-06-05 00:00:00-04:00,GOLD,metal flow + macro overlay favors long exposure,flat,,0.5011335627749115,0.9991879928672124,0.9642857142857144,0.41980444676666695,0.0,False,"['report_invalid', 'weak_signal', 'insufficient_net_edge']"
2025-06-05 00:00:00-04:00,SOL,crypto flow + macro overlay favors long exposure,flat,,-0.44056850256293906,0.9991879928672124,0.9642857142857144,0.40466318171367377,0.0,False,"['report_invalid', 'weak_signal', 'insufficient_net_edge']"
2025-06-05 00:00:00-04:00,COPPER,metal flow + macro overlay favors long exposure,flat,,0.21737720752216072,0.9991879928672124,0.9642857142857144,0.34886535795347917,0.0,False,"['report_invalid', 'weak_signal', 'insufficient_net_edge']"
2025-06-05 00:00:00-04:00,AUDUSD,forex flow + macro overlay favors long exposure,flat,,0.20823223575257316,0.9991879928672124,0.9642857142857144,0.3465791150110823,0.0,False,"['report_invalid', 'weak_signal', 'insufficient_net_edge']"
2025-06-05 00:00:00-04:00,EURUSD,forex flow + macro overlay favors long exposure,flat,,0.13958360531952624,0.9991879928672124,0.9642857142857144,0.3294169574028206,0.0,False,"['report_invalid', 'weak_signal', 'insufficient_net_edge']"
2025-06-05 00:00:00-04:00,BTC,crypto flow + macro overlay favors long exposure,flat,,0.074184871195445,0.9991879928672124,0.9642857142857144,0.3130672738718003,0.0,False,"['report_invalid', 'weak_signal', 'insufficient_net_edge']"
2025-06-05 00:00:00-04:00,GOOG,stock flow + macro overlay favors long exposure,flat,,0.0,0.9991879928672124,0.9642857142857144,0.294521056072939,0.0,False,"['report_invalid', 'weak_signal', 'insufficient_net_edge']"
2025-06-05 00:00:00-04:00,MCD,stock flow + macro overlay favors long exposure,flat,,0.0,0.9991879928672124,0.9642857142857144,0.294521056072939,0.0,False,"['report_invalid', 'weak_signal', 'insufficient_net_edge']"
2025-06-05 00:00:00-04:00,NVDA,stock flow + macro overlay favors long exposure,flat,,0.0,0.9991879928672124,0.9642857142857144,0.294521056072939,0.0,False,"['report_invalid', 'weak_signal', 'insufficient_net_edge']"
2025-06-05 00:00:00-04:00,SPY,stock flow + macro overlay favors long exposure,flat,,0.0,0.9991879928672124,0.9642857142857144,0.294521056072939,0.0,False,"['report_invalid', 'weak_signal', 'insufficient_net_edge']"
2025-06-05 00:00:00-04:00,TSLA,stock flow + macro overlay favors long exposure,flat,,0.0,0.9991879928672124,0.9642857142857144,0.294521056072939,0.0,False,"['report_invalid', 'weak_signal', 'insufficient_net_edge']"
2025-06-06 00:00:00-04:00,TSLA,stock flow + macro overlay favors long exposure,flat,,-0.7499998373996013,0.9960784753158738,0.9642857142857144,0.4815545877901386,0.0,False,"['report_invalid', 'weak_signal', 'insufficient_net_edge']"
2025-06-06 00:00:00-04:00,SOL,crypto flow + macro overlay favors short exposure,flat,,-0.7494019514716991,0.9960784753158738,0.9642857142857144,0.48140511630816296,0.0,False,"['report_invalid', 'weak_signal', 'insufficient_net_edge']"
2025-06-06 00:00:00-04:00,SILVER,metal flow + macro overlay favors long exposure,flat,,0.7456509723804134,0.9960784753158738,0.9642857142857144,0.4804673715353416,0.0,False,"['report_invalid', 'weak_signal', 'insufficient_net_edge']"
2025-06-06 00:00:00-04:00,ETH,crypto flow + macro overlay favors short exposure,flat,,-0.7445343714032153,0.9960784753158738,0.9642857142857144,0.4801882212910421,0.0,False,"['report_invalid', 'weak_signal', 'insufficient_net_edge']"
2025-06-06 00:00:00-04:00,COPPER,metal flow + macro overlay favors long exposure,flat,,0.7302996256347783,0.9960784753158738,0.9642857142857144,0.4766295348489328,0.0,False,"['report_invalid', 'weak_signal', 'insufficient_net_edge']"
2025-06-06 00:00:00-04:00,XRP,crypto flow + macro overlay favors short exposure,flat,,-0.6932547388681396,0.9960784753158738,0.9642857142857144,0.4673683131572731,0.0,False,"['report_invalid', 'weak_signal', 'insufficient_net_edge']"
2025-06-06 00:00:00-04:00,BTC,crypto flow + macro overlay favors short exposure,flat,,-0.6724925505550271,0.9960784753158738,0.9642857142857144,0.46217776607899497,0.0,False,"['report_invalid', 'weak_signal', 'insufficient_net_edge']"
2025-06-06 00:00:00-04:00,MCD,stock flow + macro overlay favors long exposure,flat,,-0.3834675337187913,0.9960784753158738,0.9642857142857144,0.38992151186993607,0.0,False,"['report_invalid', 'weak_signal', 'insufficient_net_edge']"
2025-06-06 00:00:00-04:00,NVDA,stock flow + macro overlay favors long exposure,flat,,0.36044118319956575,0.9960784753158738,0.9642857142857144,0.38416492424012966,0.0,False,"['report_invalid', 'weak_signal', 'insufficient_net_edge']"
2025-06-06 00:00:00-04:00,AUDUSD,forex flow + macro overlay favors long exposure,flat,,0.20225962486301075,0.9960784753158738,0.9642857142857144,0.34461953465599093,0.0,False,"['report_invalid', 'weak_signal', 'insufficient_net_edge']"
2025-06-06 00:00:00-04:00,GOLD,metal flow + macro overlay favors long exposure,flat,,0.10341609835213858,0.9960784753158738,0.9642857142857144,0.31990865302827287,0.0,False,"['report_invalid', 'weak_signal', 'insufficient_net_edge']"
2025-06-06 00:00:00-04:00,SPY,stock flow + macro overlay favors long exposure,flat,,0.08522074704272835,0.9960784753158738,0.9642857142857144,0.31535981520092027,0.0,False,"['report_invalid', 'weak_signal', 'insufficient_net_edge']"
2025-06-06 00:00:00-04:00,GOOG,stock flow + macro overlay favors long exposure,flat,,-0.0790932360412099,0.9960784753158738,0.9642857142857144,0.3138279374505407,0.0,False,"['report_invalid', 'weak_signal', 'insufficient_net_edge']"
2025-06-06 00:00:00-04:00,EURUSD,forex flow + macro overlay favors long exposure,flat,,0.04713851199184561,0.9960784753158738,0.9642857142857144,0.30583925643819965,0.0,False,"['report_invalid', 'weak_signal', 'insufficient_net_edge']"
2025-06-07 00:00:00-04:00,TSLA,stock flow + macro overlay favors long exposure,flat,,-0.7499980984655883,0.994340166952814,0.9642857142857144,0.48129340680217636,0.0,False,"['report_invalid', 'weak_signal', 'insufficient_net_edge']"
2025-06-07 00:00:00-04:00,ETH,crypto flow + macro overlay favors short exposure,flat,,-0.743627143668737,0.994340166952814,0.9642857142857144,0.4797006681029635,0.0,False,"['report_invalid', 'weak_signal', 'insufficient_net_edge']"
2025-06-07 00:00:00-04:00,SOL,crypto flow + macro overlay favors short exposure,flat,,-0.7384940983352768,0.994340166952814,0.9642857142857144,0.47841740676959843,0.0,False,"['report_invalid', 'weak_signal', 'insufficient_net_edge']"
2025-06-07 00:00:00-04:00,SILVER,metal flow + macro overlay favors long exposure,flat,,0.7308217094298474,0.994340166952814,0.9642857142857144,0.47649930954324116,0.0,False,"['report_invalid', 'weak_signal', 'insufficient_net_edge']"
2025-06-07 00:00:00-04:00,GOOG,stock flow + macro overlay favors long exposure,flat,,0.7242021880839861,0.994340166952814,0.9642857142857144,0.47484442920677583,0.0,False,"['report_invalid', 'weak_signal', 'insufficient_net_edge']"
2025-06-07 00:00:00-04:00,XRP,crypto flow + macro overlay favors short exposure,flat,,-0.7015738642527567,0.994340166952814,0.9642857142857144,0.46918734824896846,0.0,False,"['report_invalid', 'weak_signal', 'insufficient_net_edge']"
2025-06-07 00:00:00-04:00,MCD,stock flow + macro overlay favors long exposure,flat,,-0.4782589455176488,0.994340166952814,0.9642857142857144,0.4133586185651915,0.0,False,"['report_invalid', 'weak_signal', 'insufficient_net_edge']"
2025-06-07 00:00:00-04:00,GOLD,metal flow + macro overlay favors long exposure,flat,,-0.4539959607244526,0.994340166952814,0.9642857142857144,0.4072928723668924,0.0,False,"['report_invalid', 'weak_signal', 'insufficient_net_edge']"
2025-06-07 00:00:00-04:00,COPPER,metal flow + macro overlay favors long exposure,flat,,-0.2884071975761924,0.994340166952814,0.9642857142857144,0.3658956815798273,0.0,False,"['report_invalid', 'weak_signal', 'insufficient_net_edge']"
2025-06-07 00:00:00-04:00,BTC,crypto flow + macro overlay favors short exposure,flat,,-0.241890420169975,0.994340166952814,0.9642857142857144,0.35426648722827303,0.0,False,"['report_invalid', 'weak_signal', 'insufficient_net_edge']"
2025-06-07 00:00:00-04:00,SPY,stock flow + macro overlay favors long exposure,flat,,0.20984894392244405,0.994340166952814,0.9642857142857144,0.34625611816639024,0.0,False,"['report_invalid', 'weak_signal', 'insufficient_net_edge']"
2025-06-07 00:00:00-04:00,AUDUSD,forex flow + macro overlay favors long exposure,flat,,0.20372463225405593,0.994340166952814,0.9642857142857144,0.34472504024929324,0.0,False,"['report_invalid', 'weak_signal', 'insufficient_net_edge']"
2025-06-07 00:00:00-04:00,NVDA,stock flow + macro overlay favors long exposure,flat,,0.10783301922529243,0.994340166952814,0.9642857142857144,0.32075213699210237,0.0,False,"['report_invalid', 'weak_signal', 'insufficient_net_edge']"
2025-06-07 00:00:00-04:00,EURUSD,forex flow + macro overlay favors long exposure,flat,,0.08509862546609481,0.994340166952814,0.9642857142857144,0.315068538552303,0.0,False,"['report_invalid', 'weak_signal', 'insufficient_net_edge']"
2025-06-08 00:00:00-04:00,ETH,crypto flow + macro overlay favors short exposure,flat,,-0.732268706473909,0.9961329493884166,0.9642857142857144,0.47712997616959685,0.0,False,"['report_invalid', 'weak_signal', 'insufficient_net_edge']"
2025-06-08 00:00:00-04:00,SOL,crypto flow + macro overlay favors short exposure,flat,,-0.6439129102144356,0.9961329493884166,0.9642857142857144,0.4550410271047286,0.0,False,"['report_invalid', 'weak_signal', 'insufficient_net_edge']"
2025-06-08 00:00:00-04:00,XRP,crypto flow + macro overlay favors short exposure,flat,,-0.4670985208555497,0.9961329493884166,0.9642857142857144,0.41083742976500703,0.0,False,"['report_invalid', 'weak_signal', 'insufficient_net_edge']"
2025-06-08 00:00:00-04:00,BTC,crypto flow + macro overlay favors short exposure,flat,,0.1251401593693146,0.9961329493884166,0.9642857142857144,0.32534783939344825,0.0,False,"['report_invalid', 'weak_signal', 'insufficient_net_edge']"
2025-06-08 00:00:00-04:00,AUDUSD,forex flow + macro overlay favors long exposure,flat,,0.0,0.9961329493884166,0.9642857142857144,0.29406279955111964,0.0,False,"['report_invalid', 'weak_signal', 'insufficient_net_edge']"
2025-06-08 00:00:00-04:00,COPPER,metal flow + macro overlay favors long exposure,flat,,0.0,0.9961329493884166,0.9642857142857144,0.29406279955111964,0.0,False,"['report_invalid', 'weak_signal', 'insufficient_net_edge']"
2025-06-08 00:00:00-04:00,EURUSD,forex flow + macro overlay favors long exposure,flat,,0.0,0.9961329493884166,0.9642857142857144,0.29406279955111964,0.0,False,"['report_invalid', 'weak_signal', 'insufficient_net_edge']"
2025-06-08 00:00:00-04:00,GOLD,metal flow + macro overlay favors long exposure,flat,,0.0,0.9961329493884166,0.9642857142857144,0.29406279955111964,0.0,False,"['report_invalid', 'weak_signal', 'insufficient_net_edge']"
2025-06-08 00:00:00-04:00,GOOG,stock flow + macro overlay favors long exposure,flat,,0.0,0.9961329493884166,0.9642857142857144,0.29406279955111964,0.0,False,"['report_invalid', 'weak_signal', 'insufficient_net_edge']"
2025-06-08 00:00:00-04:00,MCD,stock flow + macro overlay favors long exposure,flat,,0.0,0.9961329493884166,0.9642857142857144,0.29406279955111964,0.0,False,"['report_invalid', 'weak_signal', 'insufficient_net_edge']"
2025-06-08 00:00:00-04:00,NVDA,stock flow + macro overlay favors long exposure,flat,,0.0,0.9961329493884166,0.9642857142857144,0.29406279955111964,0.0,False,"['report_invalid', 'weak_signal', 'insufficient_net_edge']"
2025-06-08 00:00:00-04:00,SILVER,metal flow + macro overlay favors long exposure,flat,,0.0,0.9961329493884166,0.9642857142857144,0.29406279955111964,0.0,False,"['report_invalid', 'weak_signal', 'insufficient_net_edge']"
2025-06-08 00:00:00-04:00,SPY,stock flow + macro overlay favors long exposure,flat,,0.0,0.9961329493884166,0.9642857142857144,0.29406279955111964,0.0,False,"['report_invalid', 'weak_signal', 'insufficient_net_edge']"
2025-06-08 00:00:00-04:00,TSLA,stock flow + macro overlay favors long exposure,flat,,0.0,0.9961329493884166,0.9642857142857144,0.29406279955111964,0.0,False,"['report_invalid', 'weak_signal', 'insufficient_net_edge']"
2025-06-09 00:00:00-04:00,XRP,crypto flow + macro overlay favors short exposure,flat,,0.7431940455941664,0.9946575916765562,0.9642857142857144,0.47964000729288214,0.0,False,"['report_invalid', 'weak_signal', 'insufficient_net_edge']"
2025-06-09 00:00:00-04:00,SOL,crypto flow + macro overlay favors short exposure,flat,,0.6990403164287187,0.9946575916765562,0.9642857142857144,0.4686015750015202,0.0,False,"['report_invalid', 'weak_signal', 'insufficient_net_edge']"
2025-06-09 00:00:00-04:00,BTC,crypto flow + macro overlay favors short exposure,flat,,0.690491568273337,0.9946575916765562,0.9642857142857144,0.46646438796267486,0.0,False,"['report_invalid', 'weak_signal', 'insufficient_net_edge']"
2025-06-09 00:00:00-04:00,GOLD,metal flow + macro overlay favors long exposure,flat,,-0.554688774801025,0.9946575916765562,0.9642857142857144,0.4325136895945968,0.0,False,"['report_invalid', 'weak_signal', 'insufficient_net_edge']"
2025-06-09 00:00:00-04:00,COPPER,metal flow + macro overlay favors long exposure,flat,,-0.5262672118217977,0.9946575916765562,0.9642857142857144,0.42540829884979003,0.0,False,"['report_invalid', 'weak_signal', 'insufficient_net_edge']"
2025-06-09 00:00:00-04:00,ETH,crypto flow + macro overlay favors short exposure,flat,,0.4996827518578816,0.9946575916765562,0.9642857142857144,0.41876218385881103,0.0,False,"['report_invalid', 'weak_signal', 'insufficient_net_edge']"
2025-06-09 00:00:00-04:00,SILVER,metal flow + macro overlay favors long exposure,flat,,-0.12273291557685126,0.9946575916765562,0.9642857142857144,0.32452472478855343,0.0,False,"['report_invalid', 'weak_signal', 'insufficient_net_edge']"
2025-06-09 00:00:00-04:00,EURUSD,forex flow + macro overlay favors long exposure,flat,,-0.06834401951351177,0.9946575916765562,0.9642857142857144,0.3109275007727185,0.0,False,"['report_invalid', 'weak_signal', 'insufficient_net_edge']"
2025-06-09 00:00:00-04:00,AUDUSD,forex flow + macro overlay favors long exposure,flat,,0.05974295897054038,0.9946575916765562,0.9642857142857144,0.3087772356369757,0.0,False,"['report_invalid', 'weak_signal', 'insufficient_net_edge']"
2025-06-09 00:00:00-04:00,GOOG,stock flow + macro overlay favors long exposure,flat,,0.0,0.9946575916765562,0.9642857142857144,0.2938414958943406,0.0,False,"['report_invalid', 'weak_signal', 'insufficient_net_edge']"
2025-06-09 00:00:00-04:00,MCD,stock flow + macro overlay favors long exposure,flat,,0.0,0.9946575916765562,0.9642857142857144,0.2938414958943406,0.0,False,"['report_invalid', 'weak_signal', 'insufficient_net_edge']"
2025-06-09 00:00:00-04:00,NVDA,stock flow + macro overlay favors long exposure,flat,,0.0,0.9946575916765562,0.9642857142857144,0.2938414958943406,0.0,False,"['report_invalid', 'weak_signal', 'insufficient_net_edge']"
2025-06-09 00:00:00-04:00,SPY,stock flow + macro overlay favors long exposure,flat,,0.0,0.9946575916765562,0.9642857142857144,0.2938414958943406,0.0,False,"['report_invalid', 'weak_signal', 'insufficient_net_edge']"
2025-06-09 00:00:00-04:00,TSLA,stock flow + macro overlay favors long exposure,flat,,0.0,0.9946575916765562,0.9642857142857144,0.2938414958943406,0.0,False,"['report_invalid', 'weak_signal', 'insufficient_net_edge']"
2025-06-10 00:00:00-04:00,ETH,crypto flow + macro overlay favors long exposure,flat,,0.749581491459714,0.9926310119220847,0.9642857142857144,0.4809328817960984,0.0,False,"['report_invalid', 'weak_signal', 'insufficient_net_edge']"
2025-06-10 00:00:00-04:00,SOL,crypto flow + macro overlay favors long exposure,flat,,0.7484381249386579,0.9926310119220847,0.9642857142857144,0.48064704016583437,0.0,False,"['report_invalid', 'weak_signal', 'insufficient_net_edge']"
2025-06-10 00:00:00-04:00,XRP,crypto flow + macro overlay favors long exposure,flat,,0.74466469369018,0.9926310119220847,0.9642857142857144,0.47970368235371486,0.0,False,"['report_invalid', 'weak_signal', 'insufficient_net_edge']"
2025-06-10 00:00:00-04:00,TSLA,stock flow + macro overlay favors short exposure,flat,,0.7441898158234175,0.9926310119220847,0.9642857142857144,0.47958496288702424,0.0,False,"['report_invalid', 'weak_signal', 'insufficient_net_edge']"
2025-06-10 00:00:00-04:00,BTC,crypto flow + macro overlay favors long exposure,flat,,0.733483413730625,0.9926310119220847,0.9642857142857144,0.47690836236382617,0.0,False,"['report_invalid', 'weak_signal', 'insufficient_net_edge']"
2025-06-10 00:00:00-04:00,GOOG,stock flow + macro overlay favors short exposure,flat,,0.5041522272835688,0.9926310119220847,0.9642857142857144,0.4195755657520621,0.0,False,"['report_invalid', 'weak_signal', 'insufficient_net_edge']"
2025-06-10 00:00:00-04:00,SILVER,metal flow + macro overlay favors long exposure,flat,,0.4592768830443438,0.9926310119220847,0.9642857142857144,0.4083567296922558,0.0,False,"['report_invalid', 'weak_signal', 'insufficient_net_edge']"
2025-06-10 00:00:00-04:00,COPPER,metal flow + macro overlay favors long exposure,flat,,0.36861821889215435,0.9926310119220847,0.9642857142857144,0.3856920636542085,0.0,False,"['report_invalid', 'weak_signal', 'insufficient_net_edge']"
2025-06-10 00:00:00-04:00,MCD,stock flow + macro overlay favors short exposure,flat,,-0.2859877968526822,0.9926310119220847,0.9642857142857144,0.36503445814434043,0.0,False,"['report_invalid', 'weak_signal', 'insufficient_net_edge']"
2025-06-10 00:00:00-04:00,NVDA,stock flow + macro overlay favors short exposure,flat,,0.20067639304725432,0.9926310119220847,0.9642857142857144,0.3437066071929834,0.0,False,"['report_invalid', 'weak_signal', 'insufficient_net_edge']"
2025-06-10 00:00:00-04:00,AUDUSD,forex flow + macro overlay favors long exposure,flat,,0.16156750331195127,0.9926310119220847,0.9642857142857144,0.3339293847591577,0.0,False,"['report_invalid', 'weak_signal', 'insufficient_net_edge']"
2025-06-10 00:00:00-04:00,GOLD,metal flow + macro overlay favors long exposure,flat,,-0.04722000686964581,0.9926310119220847,0.9642857142857144,0.3053425106485813,0.0,False,"['report_invalid', 'weak_signal', 'insufficient_net_edge']"
2025-06-10 00:00:00-04:00,EURUSD,forex flow + macro overlay favors long exposure,flat,,0.021377013748466907,0.9926310119220847,0.9642857142857144,0.29888176236828656,0.0,False,"['report_invalid', 'weak_signal', 'insufficient_net_edge']"
2025-06-10 00:00:00-04:00,SPY,stock flow + macro overlay favors short exposure,flat,,0.009378731738852536,0.9926310119220847,0.9642857142857144,0.295882191865883,0.0,False,"['report_invalid', 'weak_signal', 'insufficient_net_edge']"
2025-06-11 00:00:00-04:00,SOL,crypto flow + macro overlay favors long exposure,flat,,0.7493181860198571,0.9813401353068647,0.9642857142857144,0.4791734239438511,0.0,False,"['report_invalid', 'weak_signal', 'insufficient_net_edge']"
2025-06-11 00:00:00-04:00,ETH,crypto flow + macro overlay favors long exposure,flat,,0.7463820497157296,0.9813401353068647,0.9642857142857144,0.4784393898678193,0.0,False,"['report_invalid', 'weak_signal', 'insufficient_net_edge']"
2025-06-11 00:00:00-04:00,XRP,crypto flow + macro overlay favors long exposure,flat,,0.7404908717514049,0.9813401353068647,0.9642857142857144,0.47696659537673813,0.0,False,"['report_invalid', 'weak_signal', 'insufficient_net_edge']"
2025-06-11 00:00:00-04:00,BTC,crypto flow + macro overlay favors long exposure,flat,,0.7388195528721744,0.9813401353068647,0.9642857142857144,0.4765487656569305,0.0,False,"['report_invalid', 'weak_signal', 'insufficient_net_edge']"
2025-06-11 00:00:00-04:00,AUDUSD,forex flow + macro overlay favors short exposure,flat,,0.0,0.9813401353068647,0.9642857142857144,0.29184387743888685,0.0,False,"['report_invalid', 'weak_signal', 'insufficient_net_edge']"
2025-06-11 00:00:00-04:00,COPPER,metal flow + macro overlay favors short exposure,flat,,0.0,0.9813401353068647,0.9642857142857144,0.29184387743888685,0.0,False,"['report_invalid', 'weak_signal', 'insufficient_net_edge']"
2025-06-11 00:00:00-04:00,EURUSD,forex flow + macro overlay favors short exposure,flat,,0.0,0.9813401353068647,0.9642857142857144,0.29184387743888685,0.0,False,"['report_invalid', 'weak_signal', 'insufficient_net_edge']"
2025-06-11 00:00:00-04:00,GOLD,metal flow + macro overlay favors short exposure,flat,,0.0,0.9813401353068647,0.9642857142857144,0.29184387743888685,0.0,False,"['report_invalid', 'weak_signal', 'insufficient_net_edge']"
2025-06-11 00:00:00-04:00,GOOG,stock flow + macro overlay favors long exposure,flat,,0.0,0.9813401353068647,0.9642857142857144,0.29184387743888685,0.0,False,"['report_invalid', 'weak_signal', 'insufficient_net_edge']"
2025-06-11 00:00:00-04:00,MCD,stock flow + macro overlay favors long exposure,flat,,0.0,0.9813401353068647,0.9642857142857144,0.29184387743888685,0.0,False,"['report_invalid', 'weak_signal', 'insufficient_net_edge']"
2025-06-11 00:00:00-04:00,NVDA,stock flow + macro overlay favors long exposure,flat,,0.0,0.9813401353068647,0.9642857142857144,0.29184387743888685,0.0,False,"['report_invalid', 'weak_signal', 'insufficient_net_edge']"
2025-06-11 00:00:00-04:00,SILVER,metal flow + macro overlay favors short exposure,flat,,0.0,0.9813401353068647,0.9642857142857144,0.29184387743888685,0.0,False,"['report_invalid', 'weak_signal', 'insufficient_net_edge']"
2025-06-11 00:00:00-04:00,SPY,stock flow + macro overlay favors long exposure,flat,,0.0,0.9813401353068647,0.9642857142857144,0.29184387743888685,0.0,False,"['report_invalid', 'weak_signal', 'insufficient_net_edge']"
2025-06-11 00:00:00-04:00,TSLA,stock flow + macro overlay favors long exposure,flat,,0.0,0.9813401353068647,0.9642857142857144,0.29184387743888685,0.0,False,"['report_invalid', 'weak_signal', 'insufficient_net_edge']"
2025-06-12 00:00:00-04:00,ETH,crypto flow + macro overlay favors long exposure,flat,,0.7460935323422895,0.9873472911824306,0.9642857142857144,0.47926833390579415,0.0,False,"['report_invalid', 'weak_signal', 'insufficient_net_edge']"
2025-06-12 00:00:00-04:00,SOL,crypto flow + macro overlay favors long exposure,flat,,0.708050105916424,0.9873472911824306,0.9642857142857144,0.4697574772993277,0.0,False,"['report_invalid', 'weak_signal', 'insufficient_net_edge']"
2025-06-12 00:00:00-04:00,BTC,crypto flow + macro overlay favors long exposure,flat,,0.6273284553793581,0.9873472911824306,0.9642857142857144,0.4495770646650613,0.0,False,"['report_invalid', 'weak_signal', 'insufficient_net_edge']"
2025-06-12 00:00:00-04:00,GOLD,metal flow + macro overlay favors long exposure,flat,,0.531838408359012,0.9873472911824306,0.9642857142857144,0.4257045529099748,0.0,False,"['report_invalid', 'weak_signal', 'insufficient_net_edge']"
2025-06-12 00:00:00-04:00,EURUSD,forex flow + macro overlay favors long exposure,flat,,0.3016194802368921,0.9873472911824306,0.9642857142857144,0.36814982087944476,0.0,False,"['report_invalid', 'weak_signal', 'insufficient_net_edge']"
2025-06-12 00:00:00-04:00,COPPER,metal flow + macro overlay favors long exposure,flat,,-0.27281793399996085,0.9873472911824306,0.9642857142857144,0.360949434320212,0.0,False,"['report_invalid', 'weak_signal', 'insufficient_net_edge']"
2025-06-12 00:00:00-04:00,SILVER,metal flow + macro overlay favors long exposure,flat,,0.27182152112724195,0.9873472911824306,0.9642857142857144,0.36070033110203226,0.0,False,"['report_invalid', 'weak_signal', 'insufficient_net_edge']"
2025-06-12 00:00:00-04:00,AUDUSD,forex flow + macro overlay favors long exposure,flat,,-0.1152834757173859,0.9873472911824306,0.9642857142857144,0.3215658197495682,0.0,False,"['report_invalid', 'weak_signal', 'insufficient_net_edge']"
2025-06-12 00:00:00-04:00,XRP,crypto flow + macro overlay favors long exposure,flat,,0.054210092753514565,0.9873472911824306,0.9642857142857144,0.30629747400860036,0.0,False,"['report_invalid', 'weak_signal', 'insufficient_net_edge']"
2025-06-12 00:00:00-04:00,GOOG,stock flow + macro overlay favors long exposure,flat,,0.0,0.9873472911824306,0.9642857142857144,0.2927449508202217,0.0,False,"['report_invalid', 'weak_signal', 'insufficient_net_edge']"
2025-06-12 00:00:00-04:00,MCD,stock flow + macro overlay favors long exposure,flat,,0.0,0.9873472911824306,0.9642857142857144,0.2927449508202217,0.0,False,"['report_invalid', 'weak_signal', 'insufficient_net_edge']"
2025-06-12 00:00:00-04:00,NVDA,stock flow + macro overlay favors long exposure,flat,,0.0,0.9873472911824306,0.9642857142857144,0.2927449508202217,0.0,False,"['report_invalid', 'weak_signal', 'insufficient_net_edge']"
2025-06-12 00:00:00-04:00,SPY,stock flow + macro overlay favors long exposure,flat,,0.0,0.9873472911824306,0.9642857142857144,0.2927449508202217,0.0,False,"['report_invalid', 'weak_signal', 'insufficient_net_edge']"
2025-06-12 00:00:00-04:00,TSLA,stock flow + macro overlay favors long exposure,flat,,0.0,0.9873472911824306,0.9642857142857144,0.2927449508202217,0.0,False,"['report_invalid', 'weak_signal', 'insufficient_net_edge']"
2025-06-13 00:00:00-04:00,XRP,crypto flow + macro overlay favors short exposure,flat,,-0.7447208408067567,0.9970483185249402,0.9642857142857144,0.4803803151232874,0.0,False,"['report_invalid', 'weak_signal', 'insufficient_net_edge']"
2025-06-13 00:00:00-04:00,BTC,crypto flow + macro overlay favors short exposure,flat,,-0.7415734689198289,0.9970483185249402,0.9642857142857144,0.47959347215155546,0.0,False,"['report_invalid', 'weak_signal', 'insufficient_net_edge']"
2025-06-13 00:00:00-04:00,SOL,crypto flow + macro overlay favors short exposure,flat,,-0.7358804296672262,0.9970483185249402,0.9642857142857144,0.47817021233840473,0.0,False,"['report_invalid', 'weak_signal', 'insufficient_net_edge']"
2025-06-13 00:00:00-04:00,GOLD,metal flow + macro overlay favors long exposure,flat,,0.7109538012485721,0.9970483185249402,0.9642857142857144,0.4719385552337412,0.0,False,"['report_invalid', 'weak_signal', 'insufficient_net_edge']"
2025-06-13 00:00:00-04:00,ETH,crypto flow + macro overlay favors short exposure,flat,,-0.6810711727034976,0.9970483185249402,0.9642857142857144,0.4644678980974726,0.0,False,"['report_invalid', 'weak_signal', 'insufficient_net_edge']"
2025-06-13 00:00:00-04:00,COPPER,metal flow + macro overlay favors long exposure,flat,,-0.5572389610773552,0.9970483185249402,0.9642857142857144,0.43350984519093694,0.0,False,"['report_invalid', 'weak_signal', 'insufficient_net_edge']"
2025-06-13 00:00:00-04:00,NVDA,stock flow + macro overlay favors long exposure,flat,,0.42290836379940666,0.9970483185249402,0.9642857142857144,0.39992719587144987,0.0,False,"['report_invalid', 'weak_signal', 'insufficient_net_edge']"
2025-06-13 00:00:00-04:00,EURUSD,forex flow + macro overlay favors long exposure,flat,,0.3772842374847055,0.9970483185249402,0.9642857142857144,0.38852116429277456,0.0,False,"['report_invalid', 'weak_signal', 'insufficient_net_edge']"
2025-06-13 00:00:00-04:00,SILVER,metal flow + macro overlay favors long exposure,flat,,-0.329094358044951,0.9970483185249402,0.9642857142857144,0.37647369443283596,0.0,False,"['report_invalid', 'weak_signal', 'insufficient_net_edge']"
2025-06-13 00:00:00-04:00,TSLA,stock flow + macro overlay favors long exposure,flat,,0.27742273972796444,0.9970483185249402,0.9642857142857144,0.3635557898535893,0.0,False,"['report_invalid', 'weak_signal', 'insufficient_net_edge']"
2025-06-13 00:00:00-04:00,AUDUSD,forex flow + macro overlay favors long exposure,flat,,-0.27474551272021575,0.9970483185249402,0.9642857142857144,0.3628864831016521,0.0,False,"['report_invalid', 'weak_signal', 'insufficient_net_edge']"
2025-06-13 00:00:00-04:00,GOOG,stock flow + macro overlay favors long exposure,flat,,-0.27186569124817156,0.9970483185249402,0.9642857142857144,0.3621665277336411,0.0,False,"['report_invalid', 'weak_signal', 'insufficient_net_edge']"
2025-06-13 00:00:00-04:00,MCD,stock flow + macro overlay favors long exposure,flat,,-0.22629924955787195,0.9970483185249402,0.9642857142857144,0.35077491731106614,0.0,False,"['report_invalid', 'weak_signal', 'insufficient_net_edge']"
2025-06-13 00:00:00-04:00,SPY,stock flow + macro overlay favors long exposure,flat,,0.019374564298974314,0.9970483185249402,0.9642857142857144,0.29904374599634176,0.0,False,"['report_invalid', 'weak_signal', 'insufficient_net_edge']"
2025-06-14 00:00:00-04:00,SOL,crypto flow + macro overlay favors short exposure,flat,,-0.7455312855481614,0.99657116604009,0.9642857142857144,0.480511353435911,0.0,False,"['report_invalid', 'weak_signal', 'insufficient_net_edge']"
2025-06-14 00:00:00-04:00,EURUSD,forex flow + macro overlay favors long exposure,flat,,0.744827813781426,0.99657116604009,0.9642857142857144,0.4803354854942272,0.0,False,"['report_invalid', 'weak_signal', 'insufficient_net_edge']"
2025-06-14 00:00:00-04:00,GOLD,metal flow + macro overlay favors long exposure,flat,,0.7413112012957501,0.99657116604009,0.9642857142857144,0.47945633237280816,0.0,False,"['report_invalid', 'weak_signal', 'insufficient_net_edge']"
2025-06-14 00:00:00-04:00,XRP,crypto flow + macro overlay favors short exposure,flat,,-0.7305985881535806,0.99657116604009,0.9642857142857144,0.47677817908726583,0.0,False,"['report_invalid', 'weak_signal', 'insufficient_net_edge']"
2025-06-14 00:00:00-04:00,BTC,crypto flow + macro overlay favors short exposure,flat,,-0.7277843953659111,0.99657116604009,0.9642857142857144,0.4760746308903484,0.0,False,"['report_invalid', 'weak_signal', 'insufficient_net_edge']"
2025-06-14 00:00:00-04:00,ETH,crypto flow + macro overlay favors short exposure,flat,,-0.7227794841843382,0.99657116604009,0.9642857142857144,0.4748234030949552,0.0,False,"['report_invalid', 'weak_signal', 'insufficient_net_edge']"
2025-06-14 00:00:00-04:00,COPPER,metal flow + macro overlay favors long exposure,flat,,-0.709716785205588,0.99657116604009,0.9642857142857144,0.47155772835026766,0.0,False,"['report_invalid', 'weak_signal', 'insufficient_net_edge']"
2025-06-14 00:00:00-04:00,GOOG,stock flow + macro overlay favors long exposure,flat,,-0.6410890034196719,0.99657116604009,0.9642857142857144,0.4544007829037886,0.0,False,"['report_invalid', 'weak_signal', 'insufficient_net_edge']"
2025-06-14 00:00:00-04:00,AUDUSD,forex flow + macro overlay favors long exposure,flat,,-0.6393339399675197,0.99657116604009,0.9642857142857144,0.45396201704075057,0.0,False,"['report_invalid', 'weak_signal', 'insufficient_net_edge']"
2025-06-14 00:00:00-04:00,NVDA,stock flow + macro overlay favors long exposure,flat,,-0.44612939277938823,0.99657116604009,0.9642857142857144,0.4056608802437177,0.0,False,"['report_invalid', 'weak_signal', 'insufficient_net_edge']"
2025-06-14 00:00:00-04:00,SILVER,metal flow + macro overlay favors long exposure,flat,,-0.38306757926732593,0.99657116604009,0.9642857142857144,0.3898954268657021,0.0,False,"['report_invalid', 'weak_signal', 'insufficient_net_edge']"
2025-06-14 00:00:00-04:00,MCD,stock flow + macro overlay favors long exposure,flat,,0.3057256845213924,0.99657116604009,0.9642857142857144,0.37055995317921875,0.0,False,"['report_invalid', 'weak_signal', 'insufficient_net_edge']"
2025-06-14 00:00:00-04:00,SPY,stock flow + macro overlay favors long exposure,flat,,-0.3053822374896081,0.99657116604009,0.9642857142857144,0.37047409142127263,0.0,False,"['report_invalid', 'weak_signal', 'insufficient_net_edge']"
2025-06-14 00:00:00-04:00,TSLA,stock flow + macro overlay favors long exposure,flat,,0.20461902439972826,0.99657116604009,0.9642857142857144,0.3452832881488027,0.0,False,"['report_invalid', 'weak_signal', 'insufficient_net_edge']"
2025-06-15 00:00:00-04:00,SOL,crypto flow + macro overlay favors short exposure,flat,,-0.734850827405171,0.9918674487966428,0.9642857142857144,0.47713568131364636,0.0,False,"['report_invalid', 'weak_signal', 'insufficient_net_edge']"
2025-06-15 00:00:00-04:00,ETH,crypto flow + macro overlay favors short exposure,flat,,-0.722813214581276,0.9918674487966428,0.9642857142857144,0.4741262781076726,0.0,False,"['report_invalid', 'weak_signal', 'insufficient_net_edge']"
2025-06-15 00:00:00-04:00,XRP,crypto flow + macro overlay favors short exposure,flat,,-0.6859711916156851,0.9918674487966428,0.9642857142857144,0.4649157723662749,0.0,False,"['report_invalid', 'weak_signal', 'insufficient_net_edge']"
2025-06-15 00:00:00-04:00,BTC,crypto flow + macro overlay favors short exposure,flat,,-0.6234497938626933,0.9918674487966428,0.9642857142857144,0.44928542292802687,0.0,False,"['report_invalid', 'weak_signal', 'insufficient_net_edge']"
2025-06-15 00:00:00-04:00,AUDUSD,forex flow + macro overlay favors long exposure,flat,,0.0,0.9918674487966428,0.9642857142857144,0.29342297446235355,0.0,False,"['report_invalid', 'weak_signal', 'insufficient_net_edge']"
2025-06-15 00:00:00-04:00,COPPER,metal flow + macro overlay favors long exposure,flat,,0.0,0.9918674487966428,0.9642857142857144,0.29342297446235355,0.0,False,"['report_invalid', 'weak_signal', 'insufficient_net_edge']"
2025-06-15 00:00:00-04:00,EURUSD,forex flow + macro overlay favors long exposure,flat,,0.0,0.9918674487966428,0.9642857142857144,0.29342297446235355,0.0,False,"['report_invalid', 'weak_signal', 'insufficient_net_edge']"
2025-06-15 00:00:00-04:00,GOLD,metal flow + macro overlay favors long exposure,flat,,0.0,0.9918674487966428,0.9642857142857144,0.29342297446235355,0.0,False,"['report_invalid', 'weak_signal', 'insufficient_net_edge']"
2025-06-15 00:00:00-04:00,GOOG,stock flow + macro overlay favors long exposure,flat,,0.0,0.9918674487966428,0.9642857142857144,0.29342297446235355,0.0,False,"['report_invalid', 'weak_signal', 'insufficient_net_edge']"
2025-06-15 00:00:00-04:00,MCD,stock flow + macro overlay favors long exposure,flat,,0.0,0.9918674487966428,0.9642857142857144,0.29342297446235355,0.0,False,"['report_invalid', 'weak_signal', 'insufficient_net_edge']"
2025-06-15 00:00:00-04:00,NVDA,stock flow + macro overlay favors long exposure,flat,,0.0,0.9918674487966428,0.9642857142857144,0.29342297446235355,0.0,False,"['report_invalid', 'weak_signal', 'insufficient_net_edge']"
2025-06-15 00:00:00-04:00,SILVER,metal flow + macro overlay favors long exposure,flat,,0.0,0.9918674487966428,0.9642857142857144,0.29342297446235355,0.0,False,"['report_invalid', 'weak_signal', 'insufficient_net_edge']"
2025-06-15 00:00:00-04:00,SPY,stock flow + macro overlay favors long exposure,flat,,0.0,0.9918674487966428,0.9642857142857144,0.29342297446235355,0.0,False,"['report_invalid', 'weak_signal', 'insufficient_net_edge']"
2025-06-15 00:00:00-04:00,TSLA,stock flow + macro overlay favors long exposure,flat,,0.0,0.9918674487966428,0.9642857142857144,0.29342297446235355,0.0,False,"['report_invalid', 'weak_signal', 'insufficient_net_edge']"
2025-06-16 00:00:00-04:00,SOL,crypto flow + macro overlay favors short exposure,flat,,0.7207791840442772,0.9919088348537174,0.9642857142857144,0.4736239783819841,0.0,False,"['report_invalid', 'weak_signal', 'insufficient_net_edge']"
2025-06-16 00:00:00-04:00,XRP,crypto flow + macro overlay favors short exposure,flat,,0.5739266138161447,0.9919088348537174,0.9642857142857144,0.43691083582495094,0.0,False,"['report_invalid', 'weak_signal', 'insufficient_net_edge']"
2025-06-16 00:00:00-04:00,BTC,crypto flow + macro overlay favors short exposure,flat,,0.570425748102595,0.9919088348537174,0.9642857142857144,0.43603561939656355,0.0,False,"['report_invalid', 'weak_signal', 'insufficient_net_edge']"
2025-06-16 00:00:00-04:00,AUDUSD,forex flow + macro overlay favors long exposure,flat,,0.42479194697799044,0.9919088348537174,0.9642857142857144,0.3996271691154124,0.0,False,"['report_invalid', 'weak_signal', 'insufficient_net_edge']"
2025-06-16 00:00:00-04:00,ETH,crypto flow + macro overlay favors short exposure,flat,,0.41587669747504563,0.9919088348537174,0.9642857142857144,0.39739835673967616,0.0,False,"['report_invalid', 'weak_signal', 'insufficient_net_edge']"
2025-06-16 00:00:00-04:00,EURUSD,forex flow + macro overlay favors long exposure,flat,,0.1622162102873287,0.9919088348537174,0.9642857142857144,0.33398323494274695,0.0,False,"['report_invalid', 'weak_signal', 'insufficient_net_edge']"
2025-06-16 00:00:00-04:00,SILVER,metal flow + macro overlay favors short exposure,flat,,-0.050611641453936575,0.9919088348537174,0.9642857142857144,0.3060820927343989,0.0,False,"['report_invalid', 'weak_signal', 'insufficient_net_edge']"
2025-06-16 00:00:00-04:00,COPPER,metal flow + macro overlay favors short exposure,flat,,0.042797005228895194,0.9919088348537174,0.9642857142857144,0.3041284336781386,0.0,False,"['report_invalid', 'weak_signal', 'insufficient_net_edge']"
2025-06-16 00:00:00-04:00,GOLD,metal flow + macro overlay favors short exposure,flat,,-0.01682401770284795,0.9919088348537174,0.9642857142857144,0.2976351867966267,0.0,False,"['report_invalid', 'weak_signal', 'insufficient_net_edge']"
2025-06-16 00:00:00-04:00,GOOG,stock flow + macro overlay favors long exposure,flat,,0.0,0.9919088348537174,0.9642857142857144,0.29342918237091475,0.0,False,"['report_invalid', 'weak_signal', 'insufficient_net_edge']"
2025-06-16 00:00:00-04:00,MCD,stock flow + macro overlay favors long exposure,flat,,0.0,0.9919088348537174,0.9642857142857144,0.29342918237091475,0.0,False,"['report_invalid', 'weak_signal', 'insufficient_net_edge']"
2025-06-16 00:00:00-04:00,NVDA,stock flow + macro overlay favors long exposure,flat,,0.0,0.9919088348537174,0.9642857142857144,0.29342918237091475,0.0,False,"['report_invalid', 'weak_signal', 'insufficient_net_edge']"
2025-06-16 00:00:00-04:00,SPY,stock flow + macro overlay favors long exposure,flat,,0.0,0.9919088348537174,0.9642857142857144,0.29342918237091475,0.0,False,"['report_invalid', 'weak_signal', 'insufficient_net_edge']"
2025-06-16 00:00:00-04:00,TSLA,stock flow + macro overlay favors long exposure,flat,,0.0,0.9919088348537174,0.9642857142857144,0.29342918237091475,0.0,False,"['report_invalid', 'weak_signal', 'insufficient_net_edge']"
2025-06-17 00:00:00-04:00,AUDUSD,forex flow + macro overlay favors long exposure,flat,,0.7239939526933054,0.9954151434425031,0.9642857142857144,0.474953616832559,0.0,False,"['report_invalid', 'weak_signal', 'insufficient_net_edge']"
2025-06-17 00:00:00-04:00,XRP,crypto flow + macro overlay favors short exposure,flat,,0.68762212446807,0.9954151434425031,0.9642857142857144,0.46586065977625013,0.0,False,"['report_invalid', 'weak_signal', 'insufficient_net_edge']"
2025-06-17 00:00:00-04:00,BTC,crypto flow + macro overlay favors short exposure,flat,,0.6376285815834918,0.9954151434425031,0.9642857142857144,0.45336227405510554,0.0,False,"['report_invalid', 'weak_signal', 'insufficient_net_edge']"
2025-06-17 00:00:00-04:00,MCD,stock flow + macro overlay favors short exposure,flat,,-0.6141835224452483,0.9954151434425031,0.9642857142857144,0.4475010092705447,0.0,False,"['report_invalid', 'weak_signal', 'insufficient_net_edge']"
2025-06-17 00:00:00-04:00,SOL,crypto flow + macro overlay favors short exposure,flat,,0.6098254784314374,0.9954151434425031,0.9642857142857144,0.44641149826709203,0.0,False,"['report_invalid', 'weak_signal', 'insufficient_net_edge']"
2025-06-17 00:00:00-04:00,GOLD,metal flow + macro overlay favors long exposure,flat,,-0.597288757992686,0.9954151434425031,0.9642857142857144,0.4432773181574041,0.0,False,"['report_invalid', 'weak_signal', 'insufficient_net_edge']"
2025-06-17 00:00:00-04:00,COPPER,metal flow + macro overlay favors long exposure,flat,,0.5232737707703512,0.9954151434425031,0.9642857142857144,0.4247735713518205,0.0,False,"['report_invalid', 'weak_signal', 'insufficient_net_edge']"
2025-06-17 00:00:00-04:00,NVDA,stock flow + macro overlay favors short exposure,flat,,0.43169789481637166,0.9954151434425031,0.9642857142857144,0.40187960236332554,0.0,False,"['report_invalid', 'weak_signal', 'insufficient_net_edge']"
2025-06-17 00:00:00-04:00,ETH,crypto flow + macro overlay favors short exposure,flat,,0.3935580995538118,0.9954151434425031,0.9642857142857144,0.39234465354768555,0.0,False,"['report_invalid', 'weak_signal', 'insufficient_net_edge']"
2025-06-17 00:00:00-04:00,GOOG,stock flow + macro overlay favors short exposure,flat,,0.22751715479279014,0.9954151434425031,0.9642857142857144,0.35083441735743015,0.0,False,"['report_invalid', 'weak_signal', 'insufficient_net_edge']"
2025-06-17 00:00:00-04:00,TSLA,stock flow + macro overlay favors short exposure,flat,,-0.21410744316362235,0.9954151434425031,0.9642857142857144,0.3474819894501382,0.0,False,"['report_invalid', 'weak_signal', 'insufficient_net_edge']"
2025-06-17 00:00:00-04:00,EURUSD,forex flow + macro overlay favors long exposure,flat,,0.17067208740267797,0.9954151434425031,0.9642857142857144,0.3366231505099021,0.0,False,"['report_invalid', 'weak_signal', 'insufficient_net_edge']"
2025-06-17 00:00:00-04:00,SILVER,metal flow + macro overlay favors long exposure,flat,,0.15182026474650823,0.9954151434425031,0.9642857142857144,0.3319101948458597,0.0,False,"['report_invalid', 'weak_signal', 'insufficient_net_edge']"
2025-06-17 00:00:00-04:00,SPY,stock flow + macro overlay favors short exposure,flat,,0.0905616774978252,0.9954151434425031,0.9642857142857144,0.31659554803368894,0.0,False,"['report_invalid', 'weak_signal', 'insufficient_net_edge']"
2025-06-18 00:00:00-04:00,SOL,crypto flow + macro overlay favors long exposure,flat,,0.3047853274365198,0.9943336523595697,0.9642857142857144,0.36998923685592255,0.0,False,"['report_invalid', 'weak_signal', 'insufficient_net_edge']"
2025-06-18 00:00:00-04:00,XRP,crypto flow + macro overlay favors long exposure,flat,,0.1663657049617365,0.9943336523595697,0.9642857142857144,0.3353843312372268,0.0,False,"['report_invalid', 'weak_signal', 'insufficient_net_edge']"
2025-06-18 00:00:00-04:00,BTC,crypto flow + macro overlay favors long exposure,flat,,-0.1636992568762194,0.9943336523595697,0.9642857142857144,0.3347177192158475,0.0,False,"['report_invalid', 'weak_signal', 'insufficient_net_edge']"
2025-06-18 00:00:00-04:00,ETH,crypto flow + macro overlay favors long exposure,flat,,-0.031821038230746876,0.9943336523595697,0.9642857142857144,0.30174816455447934,0.0,False,"['report_invalid', 'weak_signal', 'insufficient_net_edge']"
2025-06-18 00:00:00-04:00,AUDUSD,forex flow + macro overlay favors long exposure,flat,,0.0,0.9943336523595697,0.9642857142857144,0.2937929049967926,0.0,False,"['report_invalid', 'weak_signal', 'insufficient_net_edge']"
2025-06-18 00:00:00-04:00,COPPER,metal flow + macro overlay favors long exposure,flat,,0.0,0.9943336523595697,0.9642857142857144,0.2937929049967926,0.0,False,"['report_invalid', 'weak_signal', 'insufficient_net_edge']"
2025-06-18 00:00:00-04:00,EURUSD,forex flow + macro overlay favors long exposure,flat,,0.0,0.9943336523595697,0.9642857142857144,0.2937929049967926,0.0,False,"['report_invalid', 'weak_signal', 'insufficient_net_edge']"
2025-06-18 00:00:00-04:00,GOLD,metal flow + macro overlay favors long exposure,flat,,0.0,0.9943336523595697,0.9642857142857144,0.2937929049967926,0.0,False,"['report_invalid', 'weak_signal', 'insufficient_net_edge']"
2025-06-18 00:00:00-04:00,GOOG,stock flow + macro overlay favors short exposure,flat,,0.0,0.9943336523595697,0.9642857142857144,0.2937929049967926,0.0,False,"['report_invalid', 'weak_signal', 'insufficient_net_edge']"
2025-06-18 00:00:00-04:00,MCD,stock flow + macro overlay favors short exposure,flat,,0.0,0.9943336523595697,0.9642857142857144,0.2937929049967926,0.0,False,"['report_invalid', 'weak_signal', 'insufficient_net_edge']"
2025-06-18 00:00:00-04:00,NVDA,stock flow + macro overlay favors short exposure,flat,,0.0,0.9943336523595697,0.9642857142857144,0.2937929049967926,0.0,False,"['report_invalid', 'weak_signal', 'insufficient_net_edge']"
2025-06-18 00:00:00-04:00,SILVER,metal flow + macro overlay favors long exposure,flat,,0.0,0.9943336523595697,0.9642857142857144,0.2937929049967926,0.0,False,"['report_invalid', 'weak_signal', 'insufficient_net_edge']"
2025-06-18 00:00:00-04:00,SPY,stock flow + macro overlay favors short exposure,flat,,0.0,0.9943336523595697,0.9642857142857144,0.2937929049967926,0.0,False,"['report_invalid', 'weak_signal', 'insufficient_net_edge']"
2025-06-18 00:00:00-04:00,TSLA,stock flow + macro overlay favors short exposure,flat,,0.0,0.9943336523595697,0.9642857142857144,0.2937929049967926,0.0,False,"['report_invalid', 'weak_signal', 'insufficient_net_edge']"
2025-06-19 00:00:00-04:00,GOLD,metal flow + macro overlay favors long exposure,flat,,-0.6901756064029988,0.9979944165745646,0.9642857142857144,0.46688592122979156,0.0,False,"['report_invalid', 'weak_signal', 'insufficient_net_edge']"
2025-06-19 00:00:00-04:00,SOL,crypto flow + macro overlay favors short exposure,flat,,-0.685510524090647,0.9979944165745646,0.9642857142857144,0.4657196506517036,0.0,False,"['report_invalid', 'weak_signal', 'insufficient_net_edge']"
2025-06-19 00:00:00-04:00,EURUSD,forex flow + macro overlay favors short exposure,flat,,-0.6578227629630382,0.9979944165745646,0.9642857142857144,0.45879771036980144,0.0,False,"['report_invalid', 'weak_signal', 'insufficient_net_edge']"
2025-06-19 00:00:00-04:00,SILVER,metal flow + macro overlay favors long exposure,flat,,0.5021885336019724,0.9979944165745646,0.9642857142857144,0.4198891530295349,0.0,False,"['report_invalid', 'weak_signal', 'insufficient_net_edge']"
2025-06-19 00:00:00-04:00,COPPER,metal flow + macro overlay favors long exposure,flat,,0.41967279467830276,0.9979944165745646,0.9642857142857144,0.3992602182986176,0.0,False,"['report_invalid', 'weak_signal', 'insufficient_net_edge']"
2025-06-19 00:00:00-04:00,BTC,crypto flow + macro overlay favors short exposure,flat,,-0.3446230442303544,0.9979944165745646,0.9642857142857144,0.3804977806866304,0.0,False,"['report_invalid', 'weak_signal', 'insufficient_net_edge']"
2025-06-19 00:00:00-04:00,ETH,crypto flow + macro overlay favors short exposure,flat,,-0.3279805578207062,0.9979944165745646,0.9642857142857144,0.3763371590842184,0.0,False,"['report_invalid', 'weak_signal', 'insufficient_net_edge']"
2025-06-19 00:00:00-04:00,AUDUSD,forex flow + macro overlay favors short exposure,flat,,0.17873986529907435,0.9979944165745646,0.9642857142857144,0.3390269859538104,0.0,False,"['report_invalid', 'weak_signal', 'insufficient_net_edge']"
2025-06-19 00:00:00-04:00,XRP,crypto flow + macro overlay favors short exposure,flat,,-0.06627984134630878,0.9979944165745646,0.9642857142857144,0.31091197996561903,0.0,False,"['report_invalid', 'weak_signal', 'insufficient_net_edge']"
2025-06-19 00:00:00-04:00,GOOG,stock flow + macro overlay favors short exposure,flat,,0.0,0.9979944165745646,0.9642857142857144,0.29434201962904183,0.0,False,"['report_invalid', 'weak_signal', 'insufficient_net_edge']"
2025-06-19 00:00:00-04:00,MCD,stock flow + macro overlay favors short exposure,flat,,0.0,0.9979944165745646,0.9642857142857144,0.29434201962904183,0.0,False,"['report_invalid', 'weak_signal', 'insufficient_net_edge']"
2025-06-19 00:00:00-04:00,NVDA,stock flow + macro overlay favors short exposure,flat,,0.0,0.9979944165745646,0.9642857142857144,0.29434201962904183,0.0,False,"['report_invalid', 'weak_signal', 'insufficient_net_edge']"
2025-06-19 00:00:00-04:00,SPY,stock flow + macro overlay favors short exposure,flat,,0.0,0.9979944165745646,0.9642857142857144,0.29434201962904183,0.0,False,"['report_invalid', 'weak_signal', 'insufficient_net_edge']"
2025-06-19 00:00:00-04:00,TSLA,stock flow + macro overlay favors short exposure,flat,,0.0,0.9979944165745646,0.9642857142857144,0.29434201962904183,0.0,False,"['report_invalid', 'weak_signal', 'insufficient_net_edge']"
2025-06-20 00:00:00-04:00,AUDUSD,forex flow + macro overlay favors long exposure,flat,,-0.7133163867197999,0.9989902231090994,0.9642857142857144,0.47282048728917203,0.0,False,"['report_invalid', 'weak_signal', 'insufficient_net_edge']"
2025-06-20 00:00:00-04:00,BTC,crypto flow + macro overlay favors short exposure,flat,,-0.6990187699942797,0.9989902231090994,0.9642857142857144,0.46924608310779203,0.0,False,"['report_invalid', 'weak_signal', 'insufficient_net_edge']"
2025-06-20 00:00:00-04:00,XRP,crypto flow + macro overlay favors short exposure,flat,,-0.6978795016858546,0.9989902231090994,0.9642857142857144,0.46896126603068566,0.0,False,"['report_invalid', 'weak_signal', 'insufficient_net_edge']"
2025-06-20 00:00:00-04:00,SOL,crypto flow + macro overlay favors short exposure,flat,,-0.664938723486031,0.9989902231090994,0.9642857142857144,0.46072607148072986,0.0,False,"['report_invalid', 'weak_signal', 'insufficient_net_edge']"
2025-06-20 00:00:00-04:00,GOLD,metal flow + macro overlay favors long exposure,flat,,-0.6389988611842877,0.9989902231090994,0.9642857142857144,0.454241105905294,0.0,False,"['report_invalid', 'weak_signal', 'insufficient_net_edge']"
2025-06-20 00:00:00-04:00,SILVER,metal flow + macro overlay favors long exposure,flat,,-0.5878385808942782,0.9989902231090994,0.9642857142857144,0.44145103583279166,0.0,False,"['report_invalid', 'weak_signal', 'insufficient_net_edge']"
2025-06-20 00:00:00-04:00,ETH,crypto flow + macro overlay favors short exposure,flat,,-0.5596090846390391,0.9989902231090994,0.9642857142857144,0.43439366176898186,0.0,False,"['report_invalid', 'weak_signal', 'insufficient_net_edge']"
2025-06-20 00:00:00-04:00,COPPER,metal flow + macro overlay favors long exposure,flat,,-0.4808988750239669,0.9989902231090994,0.9642857142857144,0.41471610936521375,0.0,False,"['report_invalid', 'weak_signal', 'insufficient_net_edge']"
2025-06-20 00:00:00-04:00,EURUSD,forex flow + macro overlay favors long exposure,flat,,-0.47196678055320473,0.9989902231090994,0.9642857142857144,0.41248308574752324,0.0,False,"['report_invalid', 'weak_signal', 'insufficient_net_edge']"
2025-06-20 00:00:00-04:00,GOOG,stock flow + macro overlay favors long exposure,flat,,0.0,0.9989902231090994,0.9642857142857144,0.294491390609222,0.0,False,"['report_invalid', 'weak_signal', 'insufficient_net_edge']"
2025-06-20 00:00:00-04:00,MCD,stock flow + macro overlay favors long exposure,flat,,0.0,0.9989902231090994,0.9642857142857144,0.294491390609222,0.0,False,"['report_invalid', 'weak_signal', 'insufficient_net_edge']"
2025-06-20 00:00:00-04:00,NVDA,stock flow + macro overlay favors long exposure,flat,,0.0,0.9989902231090994,0.9642857142857144,0.294491390609222,0.0,False,"['report_invalid', 'weak_signal', 'insufficient_net_edge']"
2025-06-20 00:00:00-04:00,SPY,stock flow + macro overlay favors long exposure,flat,,0.0,0.9989902231090994,0.9642857142857144,0.294491390609222,0.0,False,"['report_invalid', 'weak_signal', 'insufficient_net_edge']"
2025-06-20 00:00:00-04:00,TSLA,stock flow + macro overlay favors long exposure,flat,,0.0,0.9989902231090994,0.9642857142857144,0.294491390609222,0.0,False,"['report_invalid', 'weak_signal', 'insufficient_net_edge']"
2025-06-21 00:00:00-04:00,GOOG,stock flow + macro overlay favors long exposure,flat,,-0.748894328835313,0.9906062094196362,0.9642857142857144,0.4804573707646308,0.0,False,"['report_invalid', 'weak_signal', 'insufficient_net_edge']"
2025-06-21 00:00:00-04:00,MCD,stock flow + macro overlay favors long exposure,flat,,-0.7314713415225833,0.9906062094196362,0.9642857142857144,0.4761016239364484,0.0,False,"['report_invalid', 'weak_signal', 'insufficient_net_edge']"
2025-06-21 00:00:00-04:00,AUDUSD,forex flow + macro overlay favors short exposure,flat,,-0.7305660966266949,0.9906062094196362,0.9642857142857144,0.4758753127124763,0.0,False,"['report_invalid', 'weak_signal', 'insufficient_net_edge']"
2025-06-21 00:00:00-04:00,SILVER,metal flow + macro overlay favors short exposure,flat,,-0.722193196858382,0.9906062094196362,0.9642857142857144,0.4737820877703981,0.0,False,"['report_invalid', 'weak_signal', 'insufficient_net_edge']"
2025-06-21 00:00:00-04:00,SOL,crypto flow + macro overlay favors short exposure,flat,,-0.6551537885934925,0.9906062094196362,0.9642857142857144,0.45702223570417566,0.0,False,"['report_invalid', 'weak_signal', 'insufficient_net_edge']"
2025-06-21 00:00:00-04:00,ETH,crypto flow + macro overlay favors short exposure,flat,,-0.597988021984341,0.9906062094196362,0.9642857142857144,0.44273079405188787,0.0,False,"['report_invalid', 'weak_signal', 'insufficient_net_edge']"
2025-06-21 00:00:00-04:00,BTC,crypto flow + macro overlay favors short exposure,flat,,-0.5422686942794956,0.9906062094196362,0.9642857142857144,0.42880096212567653,0.0,False,"['report_invalid', 'weak_signal', 'insufficient_net_edge']"
2025-06-21 00:00:00-04:00,GOLD,metal flow + macro overlay favors short exposure,flat,,-0.539590324942021,0.9906062094196362,0.9642857142857144,0.42813136979130784,0.0,False,"['report_invalid', 'weak_signal', 'insufficient_net_edge']"
2025-06-21 00:00:00-04:00,XRP,crypto flow + macro overlay favors short exposure,flat,,-0.45467215096769886,0.9906062094196362,0.9642857142857144,0.4069018262977273,0.0,False,"['report_invalid', 'weak_signal', 'insufficient_net_edge']"
2025-06-21 00:00:00-04:00,TSLA,stock flow + macro overlay favors long exposure,flat,,0.35012919948612037,0.9906062094196362,0.9642857142857144,0.3807660884273326,0.0,False,"['report_invalid', 'weak_signal', 'insufficient_net_edge']"
2025-06-21 00:00:00-04:00,EURUSD,forex flow + macro overlay favors short exposure,flat,,0.2644963771648479,0.9906062094196362,0.9642857142857144,0.35935788284701453,0.0,False,"['report_invalid', 'weak_signal', 'insufficient_net_edge']"
2025-06-21 00:00:00-04:00,SPY,stock flow + macro overlay favors long exposure,flat,,-0.1901126968489672,0.9906062094196362,0.9642857142857144,0.3407619627680444,0.0,False,"['report_invalid', 'weak_signal', 'insufficient_net_edge']"
2025-06-21 00:00:00-04:00,COPPER,metal flow + macro overlay favors short exposure,flat,,-0.09469536465443971,0.9906062094196362,0.9642857142857144,0.3169076297194125,0.0,False,"['report_invalid', 'weak_signal', 'insufficient_net_edge']"
2025-06-21 00:00:00-04:00,NVDA,stock flow + macro overlay favors long exposure,flat,,-0.006138714370628928,0.9906062094196362,0.9642857142857144,0.29476846714845983,0.0,False,"['report_invalid', 'weak_signal', 'insufficient_net_edge']"
2025-06-22 00:00:00-04:00,ETH,crypto flow + macro overlay favors short exposure,flat,,-0.7408929101469289,0.9844569254220825,0.9642857142857144,0.47753462349290177,0.0,False,"['report_invalid', 'weak_signal', 'insufficient_net_edge']"
2025-06-22 00:00:00-04:00,SOL,crypto flow + macro overlay favors short exposure,flat,,-0.7241320369084421,0.9844569254220825,0.9642857142857144,0.47334440518328,0.0,False,"['report_invalid', 'weak_signal', 'insufficient_net_edge']"
2025-06-22 00:00:00-04:00,XRP,crypto flow + macro overlay favors short exposure,flat,,-0.7152813524063796,0.9844569254220825,0.9642857142857144,0.47113173405776443,0.0,False,"['report_invalid', 'weak_signal', 'insufficient_net_edge']"
2025-06-22 00:00:00-04:00,BTC,crypto flow + macro overlay favors short exposure,flat,,-0.6784786163034681,0.9844569254220825,0.9642857142857144,0.4619310500320366,0.0,False,"['report_invalid', 'weak_signal', 'insufficient_net_edge']"
2025-06-22 00:00:00-04:00,AUDUSD,forex flow + macro overlay favors long exposure,flat,,0.0,0.9844569254220825,0.9642857142857144,0.2923113959561695,0.0,False,"['report_invalid', 'weak_signal', 'insufficient_net_edge']"
2025-06-22 00:00:00-04:00,COPPER,metal flow + macro overlay favors long exposure,flat,,0.0,0.9844569254220825,0.9642857142857144,0.2923113959561695,0.0,False,"['report_invalid', 'weak_signal', 'insufficient_net_edge']"
2025-06-22 00:00:00-04:00,EURUSD,forex flow + macro overlay favors long exposure,flat,,0.0,0.9844569254220825,0.9642857142857144,0.2923113959561695,0.0,False,"['report_invalid', 'weak_signal', 'insufficient_net_edge']"
2025-06-22 00:00:00-04:00,GOLD,metal flow + macro overlay favors long exposure,flat,,0.0,0.9844569254220825,0.9642857142857144,0.2923113959561695,0.0,False,"['report_invalid', 'weak_signal', 'insufficient_net_edge']"
2025-06-22 00:00:00-04:00,GOOG,stock flow + macro overlay favors long exposure,flat,,0.0,0.9844569254220825,0.9642857142857144,0.2923113959561695,0.0,False,"['report_invalid', 'weak_signal', 'insufficient_net_edge']"
2025-06-22 00:00:00-04:00,MCD,stock flow + macro overlay favors long exposure,flat,,0.0,0.9844569254220825,0.9642857142857144,0.2923113959561695,0.0,False,"['report_invalid', 'weak_signal', 'insufficient_net_edge']"
2025-06-22 00:00:00-04:00,NVDA,stock flow + macro overlay favors long exposure,flat,,0.0,0.9844569254220825,0.9642857142857144,0.2923113959561695,0.0,False,"['report_invalid', 'weak_signal', 'insufficient_net_edge']"
2025-06-22 00:00:00-04:00,SILVER,metal flow + macro overlay favors long exposure,flat,,0.0,0.9844569254220825,0.9642857142857144,0.2923113959561695,0.0,False,"['report_invalid', 'weak_signal', 'insufficient_net_edge']"
2025-06-22 00:00:00-04:00,SPY,stock flow + macro overlay favors long exposure,flat,,0.0,0.9844569254220825,0.9642857142857144,0.2923113959561695,0.0,False,"['report_invalid', 'weak_signal', 'insufficient_net_edge']"
2025-06-22 00:00:00-04:00,TSLA,stock flow + macro overlay favors long exposure,flat,,0.0,0.9844569254220825,0.9642857142857144,0.2923113959561695,0.0,False,"['report_invalid', 'weak_signal', 'insufficient_net_edge']"
2025-06-23 00:00:00-04:00,AUDUSD,forex flow + macro overlay favors short exposure,flat,,-0.7482289712554518,0.9828138470758673,0.9642857142857144,0.4791221770181002,0.0,False,"['report_invalid', 'weak_signal', 'insufficient_net_edge']"
2025-06-23 00:00:00-04:00,ETH,crypto flow + macro overlay favors short exposure,flat,,-0.7458799324576987,0.9828138470758673,0.9642857142857144,0.47853491731866193,0.0,False,"['report_invalid', 'weak_signal', 'insufficient_net_edge']"
2025-06-23 00:00:00-04:00,XRP,crypto flow + macro overlay favors short exposure,flat,,-0.7388150924914156,0.9828138470758673,0.9642857142857144,0.4767687073270912,0.0,False,"['report_invalid', 'weak_signal', 'insufficient_net_edge']"
2025-06-23 00:00:00-04:00,SOL,crypto flow + macro overlay favors short exposure,flat,,-0.7343923791597794,0.9828138470758673,0.9642857142857144,0.4756630289941821,0.0,False,"['report_invalid', 'weak_signal', 'insufficient_net_edge']"
2025-06-23 00:00:00-04:00,BTC,crypto flow + macro overlay favors short exposure,flat,,-0.7197213571998201,0.9828138470758673,0.9642857142857144,0.47199527350419224,0.0,False,"['report_invalid', 'weak_signal', 'insufficient_net_edge']"
2025-06-23 00:00:00-04:00,COPPER,metal flow + macro overlay favors short exposure,flat,,0.5154058096486113,0.9828138470758673,0.9642857142857144,0.4209163866163901,0.0,False,"['report_invalid', 'weak_signal', 'insufficient_net_edge']"
2025-06-23 00:00:00-04:00,EURUSD,forex flow + macro overlay favors short exposure,flat,,-0.48471727260475006,0.9828138470758673,0.9642857142857144,0.4132442523554247,0.0,False,"['report_invalid', 'weak_signal', 'insufficient_net_edge']"
2025-06-23 00:00:00-04:00,SILVER,metal flow + macro overlay favors short exposure,flat,,0.2972712357704358,0.9828138470758673,0.9642857142857144,0.36638274314684616,0.0,False,"['report_invalid', 'weak_signal', 'insufficient_net_edge']"
2025-06-23 00:00:00-04:00,GOLD,metal flow + macro overlay favors short exposure,flat,,0.07141612519212445,0.9828138470758673,0.9642857142857144,0.3099189655022684,0.0,False,"['report_invalid', 'weak_signal', 'insufficient_net_edge']"
2025-06-23 00:00:00-04:00,GOOG,stock flow + macro overlay favors long exposure,flat,,0.0,0.9828138470758673,0.9642857142857144,0.29206493420423724,0.0,False,"['report_invalid', 'weak_signal', 'insufficient_net_edge']"
2025-06-23 00:00:00-04:00,MCD,stock flow + macro overlay favors long exposure,flat,,0.0,0.9828138470758673,0.9642857142857144,0.29206493420423724,0.0,False,"['report_invalid', 'weak_signal', 'insufficient_net_edge']"
2025-06-23 00:00:00-04:00,NVDA,stock flow + macro overlay favors long exposure,flat,,0.0,0.9828138470758673,0.9642857142857144,0.29206493420423724,0.0,False,"['report_invalid', 'weak_signal', 'insufficient_net_edge']"
2025-06-23 00:00:00-04:00,SPY,stock flow + macro overlay favors long exposure,flat,,0.0,0.9828138470758673,0.9642857142857144,0.29206493420423724,0.0,False,"['report_invalid', 'weak_signal', 'insufficient_net_edge']"
2025-06-23 00:00:00-04:00,TSLA,stock flow + macro overlay favors long exposure,flat,,0.0,0.9828138470758673,0.9642857142857144,0.29206493420423724,0.0,False,"['report_invalid', 'weak_signal', 'insufficient_net_edge']"
2025-06-24 00:00:00-04:00,TSLA,stock flow + macro overlay favors long exposure,flat,,0.7499048372682388,0.9895030848141153,0.9642857142857144,0.48054452918203416,0.0,False,"['report_invalid', 'weak_signal', 'insufficient_net_edge']"
2025-06-24 00:00:00-04:00,EURUSD,forex flow + macro overlay favors long exposure,flat,,0.6970194890587285,0.9895030848141153,0.9642857142857144,0.46732319212965656,0.0,False,"['report_invalid', 'weak_signal', 'insufficient_net_edge']"
2025-06-24 00:00:00-04:00,AUDUSD,forex flow + macro overlay favors long exposure,flat,,0.6446612111633366,0.9895030848141153,0.9642857142857144,0.4542336226558086,0.0,False,"['report_invalid', 'weak_signal', 'insufficient_net_edge']"
2025-06-24 00:00:00-04:00,COPPER,metal flow + macro overlay favors long exposure,flat,,0.5969597491176292,0.9895030848141153,0.9642857142857144,0.4423082571443817,0.0,False,"['report_invalid', 'weak_signal', 'insufficient_net_edge']"
2025-06-24 00:00:00-04:00,BTC,crypto flow + macro overlay favors short exposure,flat,,0.47618552796346103,0.9895030848141153,0.9642857142857144,0.41211470185583976,0.0,False,"['report_invalid', 'weak_signal', 'insufficient_net_edge']"
2025-06-24 00:00:00-04:00,GOLD,metal flow + macro overlay favors long exposure,flat,,-0.45821055856299425,0.9895030848141153,0.9642857142857144,0.40762095950572297,0.0,False,"['report_invalid', 'weak_signal', 'insufficient_net_edge']"
2025-06-24 00:00:00-04:00,SPY,stock flow + macro overlay favors long exposure,flat,,0.4408530108000319,0.9895030848141153,0.9642857142857144,0.4032815725649824,0.0,False,"['report_invalid', 'weak_signal', 'insufficient_net_edge']"
2025-06-24 00:00:00-04:00,NVDA,stock flow + macro overlay favors long exposure,flat,,0.4325779061477697,0.9895030848141153,0.9642857142857144,0.40121279640191687,0.0,False,"['report_invalid', 'weak_signal', 'insufficient_net_edge']"
2025-06-24 00:00:00-04:00,SOL,crypto flow + macro overlay favors short exposure,flat,,0.3183661139207002,0.9895030848141153,0.9642857142857144,0.37265984834514954,0.0,False,"['report_invalid', 'weak_signal', 'insufficient_net_edge']"
2025-06-24 00:00:00-04:00,MCD,stock flow + macro overlay favors long exposure,flat,,0.307077277562816,0.9895030848141153,0.9642857142857144,0.3698376392556785,0.0,False,"['report_invalid', 'weak_signal', 'insufficient_net_edge']"
2025-06-24 00:00:00-04:00,XRP,crypto flow + macro overlay favors short exposure,flat,,0.296648008975933,0.9895030848141153,0.9642857142857144,0.3672303221089577,0.0,False,"['report_invalid', 'weak_signal', 'insufficient_net_edge']"
2025-06-24 00:00:00-04:00,SILVER,metal flow + macro overlay favors long exposure,flat,,0.20387457741763765,0.9895030848141153,0.9642857142857144,0.3440369642193839,0.0,False,"['report_invalid', 'weak_signal', 'insufficient_net_edge']"
2025-06-24 00:00:00-04:00,ETH,crypto flow + macro overlay favors short exposure,flat,,-0.1792152973137609,0.9895030848141153,0.9642857142857144,0.3378721441934147,0.0,False,"['report_invalid', 'weak_signal', 'insufficient_net_edge']"
2025-06-24 00:00:00-04:00,GOOG,stock flow + macro overlay favors long exposure,flat,,-0.04016881653734436,0.9895030848141153,0.9642857142857144,0.30311052399931054,0.0,False,"['report_invalid', 'weak_signal', 'insufficient_net_edge']"
2025-06-25 00:00:00-04:00,BTC,crypto flow + macro overlay favors short exposure,flat,,0.7227201771509186,0.9945798358254476,0.9642857142857144,0.47450987680440393,0.0,False,"['report_invalid', 'weak_signal', 'insufficient_net_edge']"
2025-06-25 00:00:00-04:00,XRP,crypto flow + macro overlay favors short exposure,flat,,0.7171161060415199,0.9945798358254476,0.9642857142857144,0.47310885902705424,0.0,False,"['report_invalid', 'weak_signal', 'insufficient_net_edge']"
2025-06-25 00:00:00-04:00,SOL,crypto flow + macro overlay favors short exposure,flat,,0.712485344626792,0.9945798358254476,0.9642857142857144,0.4719511686733723,0.0,False,"['report_invalid', 'weak_signal', 'insufficient_net_edge']"
2025-06-25 00:00:00-04:00,ETH,crypto flow + macro overlay favors short exposure,flat,,0.7123633153140739,0.9945798358254476,0.9642857142857144,0.47192066134519284,0.0,False,"['report_invalid', 'weak_signal', 'insufficient_net_edge']"
2025-06-25 00:00:00-04:00,AUDUSD,forex flow + macro overlay favors long exposure,flat,,0.0,0.9945798358254476,0.9642857142857144,0.29382983251667427,0.0,False,"['report_invalid', 'weak_signal', 'insufficient_net_edge']"
2025-06-25 00:00:00-04:00,COPPER,metal flow + macro overlay favors long exposure,flat,,0.0,0.9945798358254476,0.9642857142857144,0.29382983251667427,0.0,False,"['report_invalid', 'weak_signal', 'insufficient_net_edge']"
2025-06-25 00:00:00-04:00,EURUSD,forex flow + macro overlay favors long exposure,flat,,0.0,0.9945798358254476,0.9642857142857144,0.29382983251667427,0.0,False,"['report_invalid', 'weak_signal', 'insufficient_net_edge']"
2025-06-25 00:00:00-04:00,GOLD,metal flow + macro overlay favors long exposure,flat,,0.0,0.9945798358254476,0.9642857142857144,0.29382983251667427,0.0,False,"['report_invalid', 'weak_signal', 'insufficient_net_edge']"
2025-06-25 00:00:00-04:00,GOOG,stock flow + macro overlay favors long exposure,flat,,0.0,0.9945798358254476,0.9642857142857144,0.29382983251667427,0.0,False,"['report_invalid', 'weak_signal', 'insufficient_net_edge']"
2025-06-25 00:00:00-04:00,MCD,stock flow + macro overlay favors long exposure,flat,,0.0,0.9945798358254476,0.9642857142857144,0.29382983251667427,0.0,False,"['report_invalid', 'weak_signal', 'insufficient_net_edge']"
2025-06-25 00:00:00-04:00,NVDA,stock flow + macro overlay favors long exposure,flat,,0.0,0.9945798358254476,0.9642857142857144,0.29382983251667427,0.0,False,"['report_invalid', 'weak_signal', 'insufficient_net_edge']"
2025-06-25 00:00:00-04:00,SILVER,metal flow + macro overlay favors long exposure,flat,,0.0,0.9945798358254476,0.9642857142857144,0.29382983251667427,0.0,False,"['report_invalid', 'weak_signal', 'insufficient_net_edge']"
2025-06-25 00:00:00-04:00,SPY,stock flow + macro overlay favors long exposure,flat,,0.0,0.9945798358254476,0.9642857142857144,0.29382983251667427,0.0,False,"['report_invalid', 'weak_signal', 'insufficient_net_edge']"
2025-06-25 00:00:00-04:00,TSLA,stock flow + macro overlay favors long exposure,flat,,0.0,0.9945798358254476,0.9642857142857144,0.29382983251667427,0.0,False,"['report_invalid', 'weak_signal', 'insufficient_net_edge']"
2025-06-26 00:00:00-04:00,EURUSD,forex flow + macro overlay favors long exposure,flat,,0.7489616638006787,0.9842083571393749,0.9642857142857144,0.4795145266639331,0.0,False,"['report_invalid', 'weak_signal', 'insufficient_net_edge']"
2025-06-26 00:00:00-04:00,BTC,crypto flow + macro overlay favors long exposure,flat,,0.7488927893650599,0.9842083571393749,0.9642857142857144,0.4794973080550283,0.0,False,"['report_invalid', 'weak_signal', 'insufficient_net_edge']"
2025-06-26 00:00:00-04:00,AUDUSD,forex flow + macro overlay favors long exposure,flat,,0.7482558516202731,0.9842083571393749,0.9642857142857144,0.47933807361883163,0.0,False,"['report_invalid', 'weak_signal', 'insufficient_net_edge']"
2025-06-26 00:00:00-04:00,XRP,crypto flow + macro overlay favors long exposure,flat,,0.7468440707966774,0.9842083571393749,0.9642857142857144,0.4789851284129327,0.0,False,"['report_invalid', 'weak_signal', 'insufficient_net_edge']"
2025-06-26 00:00:00-04:00,ETH,crypto flow + macro overlay favors long exposure,flat,,0.7446768780813068,0.9842083571393749,0.9642857142857144,0.47844333023409014,0.0,False,"['report_invalid', 'weak_signal', 'insufficient_net_edge']"
2025-06-26 00:00:00-04:00,SOL,crypto flow + macro overlay favors long exposure,flat,,0.7365097809772263,0.9842083571393749,0.9642857142857144,0.47640155595807,0.0,False,"['report_invalid', 'weak_signal', 'insufficient_net_edge']"
2025-06-26 00:00:00-04:00,COPPER,metal flow + macro overlay favors long exposure,flat,,0.7286567730380806,0.9842083571393749,0.9642857142857144,0.47443830397328357,0.0,False,"['report_invalid', 'weak_signal', 'insufficient_net_edge']"
2025-06-26 00:00:00-04:00,GOLD,metal flow + macro overlay favors long exposure,flat,,-0.5113468217401855,0.9842083571393749,0.9642857142857144,0.42011081614880974,0.0,False,"['report_invalid', 'weak_signal', 'insufficient_net_edge']"
2025-06-26 00:00:00-04:00,SILVER,metal flow + macro overlay favors long exposure,flat,,0.4843916148104777,0.9842083571393749,0.9642857142857144,0.4133720144163828,0.0,False,"['report_invalid', 'weak_signal', 'insufficient_net_edge']"
2025-06-26 00:00:00-04:00,GOOG,stock flow + macro overlay favors long exposure,flat,,0.0,0.9842083571393749,0.9642857142857144,0.2922741107137634,0.0,False,"['report_invalid', 'weak_signal', 'insufficient_net_edge']"
2025-06-26 00:00:00-04:00,MCD,stock flow + macro overlay favors long exposure,flat,,0.0,0.9842083571393749,0.9642857142857144,0.2922741107137634,0.0,False,"['report_invalid', 'weak_signal', 'insufficient_net_edge']"
2025-06-26 00:00:00-04:00,NVDA,stock flow + macro overlay favors long exposure,flat,,0.0,0.9842083571393749,0.9642857142857144,0.2922741107137634,0.0,False,"['report_invalid', 'weak_signal', 'insufficient_net_edge']"
2025-06-26 00:00:00-04:00,SPY,stock flow + macro overlay favors long exposure,flat,,0.0,0.9842083571393749,0.9642857142857144,0.2922741107137634,0.0,False,"['report_invalid', 'weak_signal', 'insufficient_net_edge']"
2025-06-26 00:00:00-04:00,TSLA,stock flow + macro overlay favors long exposure,flat,,0.0,0.9842083571393749,0.9642857142857144,0.2922741107137634,0.0,False,"['report_invalid', 'weak_signal', 'insufficient_net_edge']"
2025-06-27 00:00:00-04:00,TSLA,stock flow + macro overlay favors long exposure,flat,,-0.7493344465847005,0.990137823784264,0.9642857142857144,0.48049714235667185,0.0,False,"['report_invalid', 'weak_signal', 'insufficient_net_edge']"
2025-06-27 00:00:00-04:00,NVDA,stock flow + macro overlay favors long exposure,flat,,0.7482802704672018,0.990137823784264,0.9642857142857144,0.4802335983272972,0.0,False,"['report_invalid', 'weak_signal', 'insufficient_net_edge']"
2025-06-27 00:00:00-04:00,COPPER,metal flow + macro overlay favors long exposure,flat,,0.7453132579353372,0.990137823784264,0.9642857142857144,0.4794918451943311,0.0,False,"['report_invalid', 'weak_signal', 'insufficient_net_edge']"
2025-06-27 00:00:00-04:00,GOLD,metal flow + macro overlay favors long exposure,flat,,-0.7255288779062259,0.990137823784264,0.9642857142857144,0.47454575018705325,0.0,False,"['report_invalid', 'weak_signal', 'insufficient_net_edge']"
2025-06-27 00:00:00-04:00,GOOG,stock flow + macro overlay favors long exposure,flat,,0.7195304084936891,0.990137823784264,0.9642857142857144,0.47304613283391905,0.0,False,"['report_invalid', 'weak_signal', 'insufficient_net_edge']"
2025-06-27 00:00:00-04:00,EURUSD,forex flow + macro overlay favors long exposure,flat,,0.6911609823064158,0.990137823784264,0.9642857142857144,0.46595377628710066,0.0,False,"['report_invalid', 'weak_signal', 'insufficient_net_edge']"
2025-06-27 00:00:00-04:00,BTC,crypto flow + macro overlay favors long exposure,flat,,0.6539614084689648,0.990137823784264,0.9642857142857144,0.456653882827738,0.0,False,"['report_invalid', 'weak_signal', 'insufficient_net_edge']"
2025-06-27 00:00:00-04:00,AUDUSD,forex flow + macro overlay favors long exposure,flat,,0.649360795087856,0.990137823784264,0.9642857142857144,0.45550372948246076,0.0,False,"['report_invalid', 'weak_signal', 'insufficient_net_edge']"
2025-06-27 00:00:00-04:00,XRP,crypto flow + macro overlay favors long exposure,flat,,-0.49971762742953696,0.990137823784264,0.9642857142857144,0.418092937567881,0.0,False,"['report_invalid', 'weak_signal', 'insufficient_net_edge']"
2025-06-27 00:00:00-04:00,SPY,stock flow + macro overlay favors long exposure,flat,,0.4654333264256659,0.990137823784264,0.9642857142857144,0.40952186231691323,0.0,False,"['report_invalid', 'weak_signal', 'insufficient_net_edge']"
2025-06-27 00:00:00-04:00,MCD,stock flow + macro overlay favors long exposure,flat,,-0.44257522413420036,0.990137823784264,0.9642857142857144,0.4038073367440469,0.0,False,"['report_invalid', 'weak_signal', 'insufficient_net_edge']"
2025-06-27 00:00:00-04:00,SILVER,metal flow + macro overlay favors long exposure,flat,,0.353038442736076,0.990137823784264,0.9642857142857144,0.3814231413945157,0.0,False,"['report_invalid', 'weak_signal', 'insufficient_net_edge']"
2025-06-27 00:00:00-04:00,ETH,crypto flow + macro overlay favors long exposure,flat,,0.32905441052400813,0.990137823784264,0.9642857142857144,0.3754271333414988,0.0,False,"['report_invalid', 'weak_signal', 'insufficient_net_edge']"
2025-06-27 00:00:00-04:00,SOL,crypto flow + macro overlay favors long exposure,flat,,-0.28031283444103433,0.990137823784264,0.9642857142857144,0.3632417393207553,0.0,False,"['report_invalid', 'weak_signal', 'insufficient_net_edge']"
2025-06-28 00:00:00-04:00,GOOG,stock flow + macro overlay favors long exposure,flat,,0.7497737787599743,0.9862883986920332,0.9642857142857144,0.4800295616366558,0.0,False,"['report_invalid', 'weak_signal', 'insufficient_net_edge']"
2025-06-28 00:00:00-04:00,COPPER,metal flow + macro overlay favors long exposure,flat,,0.7495789265314476,0.9862883986920332,0.9642857142857144,0.47998084857952406,0.0,False,"['report_invalid', 'weak_signal', 'insufficient_net_edge']"
2025-06-28 00:00:00-04:00,NVDA,stock flow + macro overlay favors long exposure,flat,,0.7492299722201633,0.9862883986920332,0.9642857142857144,0.47989361000170294,0.0,False,"['report_invalid', 'weak_signal', 'insufficient_net_edge']"
2025-06-28 00:00:00-04:00,SPY,stock flow + macro overlay favors long exposure,flat,,0.7366953911672346,0.9862883986920332,0.9642857142857144,0.4767599647384708,0.0,False,"['report_invalid', 'weak_signal', 'insufficient_net_edge']"
2025-06-28 00:00:00-04:00,EURUSD,forex flow + macro overlay favors long exposure,flat,,0.729914983067425,0.9862883986920332,0.9642857142857144,0.47506486271351844,0.0,False,"['report_invalid', 'weak_signal', 'insufficient_net_edge']"
2025-06-28 00:00:00-04:00,GOLD,metal flow + macro overlay favors long exposure,flat,,-0.7258543299789019,0.9862883986920332,0.9642857142857144,0.47404969944138764,0.0,False,"['report_invalid', 'weak_signal', 'insufficient_net_edge']"
2025-06-28 00:00:00-04:00,TSLA,stock flow + macro overlay favors long exposure,flat,,-0.6903345492394757,0.9862883986920332,0.9642857142857144,0.46516975425653107,0.0,False,"['report_invalid', 'weak_signal', 'insufficient_net_edge']"
2025-06-28 00:00:00-04:00,AUDUSD,forex flow + macro overlay favors long exposure,flat,,0.540149416654093,0.9862883986920332,0.9642857142857144,0.4276234711101854,0.0,False,"['report_invalid', 'weak_signal', 'insufficient_net_edge']"
2025-06-28 00:00:00-04:00,SILVER,metal flow + macro overlay favors long exposure,flat,,0.3826858503124943,0.9862883986920332,0.9642857142857144,0.3882575795247857,0.0,False,"['report_invalid', 'weak_signal', 'insufficient_net_edge']"
2025-06-28 00:00:00-04:00,BTC,crypto flow + macro overlay favors long exposure,flat,,0.37575317452593937,0.9862883986920332,0.9642857142857144,0.386524410578147,0.0,False,"['report_invalid', 'weak_signal', 'insufficient_net_edge']"
2025-06-28 00:00:00-04:00,SOL,crypto flow + macro overlay favors long exposure,flat,,-0.2694417071507367,0.9862883986920332,0.9642857142857144,0.3599465437343463,0.0,False,"['report_invalid', 'weak_signal', 'insufficient_net_edge']"
2025-06-28 00:00:00-04:00,ETH,crypto flow + macro overlay favors long exposure,flat,,-0.17905569716345954,0.9862883986920332,0.9642857142857144,0.337350041237527,0.0,False,"['report_invalid', 'weak_signal', 'insufficient_net_edge']"
2025-06-28 00:00:00-04:00,MCD,stock flow + macro overlay favors long exposure,flat,,0.11092119852038018,0.9862883986920332,0.9642857142857144,0.3203164165767572,0.0,False,"['report_invalid', 'weak_signal', 'insufficient_net_edge']"
2025-06-28 00:00:00-04:00,XRP,crypto flow + macro overlay favors long exposure,flat,,0.037341458808236104,0.9862883986920332,0.9642857142857144,0.3019214816487212,0.0,False,"['report_invalid', 'weak_signal', 'insufficient_net_edge']"
2025-06-29 00:00:00-04:00,SOL,crypto flow + macro overlay favors long exposure,flat,,0.4094198856453505,0.9972222455203967,0.9642857142857144,0.3965811653822543,0.0,False,"['report_invalid', 'weak_signal', 'insufficient_net_edge']"
2025-06-29 00:00:00-04:00,ETH,crypto flow + macro overlay favors long exposure,flat,,-0.38565223703465445,0.9972222455203967,0.9642857142857144,0.39063925322958026,0.0,False,"['report_invalid', 'weak_signal', 'insufficient_net_edge']"
2025-06-29 00:00:00-04:00,BTC,crypto flow + macro overlay favors long exposure,flat,,-0.23945885201706024,0.9972222455203967,0.9642857142857144,0.35409090697518175,0.0,False,"['report_invalid', 'weak_signal', 'insufficient_net_edge']"
2025-06-29 00:00:00-04:00,XRP,crypto flow + macro overlay favors long exposure,flat,,-0.11015620763766239,0.9972222455203967,0.9642857142857144,0.3217652458803323,0.0,False,"['report_invalid', 'weak_signal', 'insufficient_net_edge']"
2025-06-29 00:00:00-04:00,AUDUSD,forex flow + macro overlay favors long exposure,flat,,0.0,0.9972222455203967,0.9642857142857144,0.29422619397091665,0.0,False,"['report_invalid', 'weak_signal', 'insufficient_net_edge']"
2025-06-29 00:00:00-04:00,COPPER,metal flow + macro overlay favors long exposure,flat,,0.0,0.9972222455203967,0.9642857142857144,0.29422619397091665,0.0,False,"['report_invalid', 'weak_signal', 'insufficient_net_edge']"
2025-06-29 00:00:00-04:00,EURUSD,forex flow + macro overlay favors long exposure,flat,,0.0,0.9972222455203967,0.9642857142857144,0.29422619397091665,0.0,False,"['report_invalid', 'weak_signal', 'insufficient_net_edge']"
2025-06-29 00:00:00-04:00,GOLD,metal flow + macro overlay favors long exposure,flat,,0.0,0.9972222455203967,0.9642857142857144,0.29422619397091665,0.0,False,"['report_invalid', 'weak_signal', 'insufficient_net_edge']"
2025-06-29 00:00:00-04:00,GOOG,stock flow + macro overlay favors long exposure,flat,,0.0,0.9972222455203967,0.9642857142857144,0.29422619397091665,0.0,False,"['report_invalid', 'weak_signal', 'insufficient_net_edge']"
2025-06-29 00:00:00-04:00,MCD,stock flow + macro overlay favors long exposure,flat,,0.0,0.9972222455203967,0.9642857142857144,0.29422619397091665,0.0,False,"['report_invalid', 'weak_signal', 'insufficient_net_edge']"
2025-06-29 00:00:00-04:00,NVDA,stock flow + macro overlay favors long exposure,flat,,0.0,0.9972222455203967,0.9642857142857144,0.29422619397091665,0.0,False,"['report_invalid', 'weak_signal', 'insufficient_net_edge']"
2025-06-29 00:00:00-04:00,SILVER,metal flow + macro overlay favors long exposure,flat,,0.0,0.9972222455203967,0.9642857142857144,0.29422619397091665,0.0,False,"['report_invalid', 'weak_signal', 'insufficient_net_edge']"
2025-06-29 00:00:00-04:00,SPY,stock flow + macro overlay favors long exposure,flat,,0.0,0.9972222455203967,0.9642857142857144,0.29422619397091665,0.0,False,"['report_invalid', 'weak_signal', 'insufficient_net_edge']"
2025-06-29 00:00:00-04:00,TSLA,stock flow + macro overlay favors long exposure,flat,,0.0,0.9972222455203967,0.9642857142857144,0.29422619397091665,0.0,False,"['report_invalid', 'weak_signal', 'insufficient_net_edge']"
2025-06-30 00:00:00-04:00,SOL,crypto flow + macro overlay favors long exposure,flat,,0.7119300296852703,0.9942345686111314,0.9642857142857144,0.4717605498558445,0.0,False,"['report_invalid', 'weak_signal', 'insufficient_net_edge']"
2025-06-30 00:00:00-04:00,XRP,crypto flow + macro overlay favors long exposure,flat,,0.6803789326143147,0.9942345686111314,0.9642857142857144,0.4638727755881056,0.0,False,"['report_invalid', 'weak_signal', 'insufficient_net_edge']"
2025-06-30 00:00:00-04:00,EURUSD,forex flow + macro overlay favors long exposure,flat,,0.5524176506666273,0.9942345686111314,0.9642857142857144,0.4318824551011837,0.0,False,"['report_invalid', 'weak_signal', 'insufficient_net_edge']"
2025-06-30 00:00:00-04:00,COPPER,metal flow + macro overlay favors long exposure,flat,,0.4687167618629632,0.9942345686111314,0.9642857142857144,0.41095723290026764,0.0,False,"['report_invalid', 'weak_signal', 'insufficient_net_edge']"
2025-06-30 00:00:00-04:00,ETH,crypto flow + macro overlay favors long exposure,flat,,0.41589582547786635,0.9942345686111314,0.9642857142857144,0.3977519988039935,0.0,False,"['report_invalid', 'weak_signal', 'insufficient_net_edge']"
2025-06-30 00:00:00-04:00,BTC,crypto flow + macro overlay favors long exposure,flat,,0.39904795230185097,0.9942345686111314,0.9642857142857144,0.3935400305099896,0.0,False,"['report_invalid', 'weak_signal', 'insufficient_net_edge']"
2025-06-30 00:00:00-04:00,GOLD,metal flow + macro overlay favors long exposure,flat,,-0.2488404830545345,0.9942345686111314,0.9642857142857144,0.3559881631981605,0.0,False,"['report_invalid', 'weak_signal', 'insufficient_net_edge']"
2025-06-30 00:00:00-04:00,SILVER,metal flow + macro overlay favors long exposure,flat,,-0.016667822059571073,0.9942345686111314,0.9642857142857144,0.29794499794941964,0.0,False,"['report_invalid', 'weak_signal', 'insufficient_net_edge']"
2025-06-30 00:00:00-04:00,AUDUSD,forex flow + macro overlay favors long exposure,flat,,0.015316055233110571,0.9942345686111314,0.9642857142857144,0.2976070562428045,0.0,False,"['report_invalid', 'weak_signal', 'insufficient_net_edge']"
2025-06-30 00:00:00-04:00,GOOG,stock flow + macro overlay favors long exposure,flat,,0.0,0.9942345686111314,0.9642857142857144,0.2937780424345269,0.0,False,"['report_invalid', 'weak_signal', 'insufficient_net_edge']"
2025-06-30 00:00:00-04:00,MCD,stock flow + macro overlay favors long exposure,flat,,0.0,0.9942345686111314,0.9642857142857144,0.2937780424345269,0.0,False,"['report_invalid', 'weak_signal', 'insufficient_net_edge']"
2025-06-30 00:00:00-04:00,NVDA,stock flow + macro overlay favors long exposure,flat,,0.0,0.9942345686111314,0.9642857142857144,0.2937780424345269,0.0,False,"['report_invalid', 'weak_signal', 'insufficient_net_edge']"
2025-06-30 00:00:00-04:00,SPY,stock flow + macro overlay favors long exposure,flat,,0.0,0.9942345686111314,0.9642857142857144,0.2937780424345269,0.0,False,"['report_invalid', 'weak_signal', 'insufficient_net_edge']"
2025-06-30 00:00:00-04:00,TSLA,stock flow + macro overlay favors long exposure,flat,,0.0,0.9942345686111314,0.9642857142857144,0.2937780424345269,0.0,False,"['report_invalid', 'weak_signal', 'insufficient_net_edge']"
2025-07-01 00:00:00-04:00,TSLA,stock flow + macro overlay favors long exposure,flat,,-0.7089135345116653,0.9916912759571996,0.9642857142857144,0.4706249321643534,0.0,False,"['report_invalid', 'weak_signal', 'insufficient_net_edge']"
2025-07-01 00:00:00-04:00,SOL,crypto flow + macro overlay favors short exposure,flat,,0.7088513684904474,0.9916912759571996,0.9642857142857144,0.47060939065904894,0.0,False,"['report_invalid', 'weak_signal', 'insufficient_net_edge']"
2025-07-01 00:00:00-04:00,GOLD,metal flow + macro overlay favors long exposure,flat,,0.7079826111495143,0.9916912759571996,0.9642857142857144,0.47039220132381565,0.0,False,"['report_invalid', 'weak_signal', 'insufficient_net_edge']"
2025-07-01 00:00:00-04:00,EURUSD,forex flow + macro overlay favors long exposure,flat,,0.6715840795063348,0.9916912759571996,0.9642857142857144,0.4612925684130208,0.0,False,"['report_invalid', 'weak_signal', 'insufficient_net_edge']"
2025-07-01 00:00:00-04:00,AUDUSD,forex flow + macro overlay favors long exposure,flat,,0.6209398702941952,0.9916912759571996,0.9642857142857144,0.44863151610998586,0.0,False,"['report_invalid', 'weak_signal', 'insufficient_net_edge']"
2025-07-01 00:00:00-04:00,XRP,crypto flow + macro overlay favors short exposure,flat,,0.517352123612187,0.9916912759571996,0.9642857142857144,0.4227345794394839,0.0,False,"['report_invalid', 'weak_signal', 'insufficient_net_edge']"
2025-07-01 00:00:00-04:00,ETH,crypto flow + macro overlay favors short exposure,flat,,0.4701605328099992,0.9916912759571996,0.9642857142857144,0.41093668173893694,0.0,False,"['report_invalid', 'weak_signal', 'insufficient_net_edge']"
2025-07-01 00:00:00-04:00,SILVER,metal flow + macro overlay favors long exposure,flat,,0.3808088645449203,0.9916912759571996,0.9642857142857144,0.3885987646726672,0.0,False,"['report_invalid', 'weak_signal', 'insufficient_net_edge']"
2025-07-01 00:00:00-04:00,COPPER,metal flow + macro overlay favors long exposure,flat,,-0.30165305807529025,0.9916912759571996,0.9642857142857144,0.3688098130552596,0.0,False,"['report_invalid', 'weak_signal', 'insufficient_net_edge']"
2025-07-01 00:00:00-04:00,SPY,stock flow + macro overlay favors long exposure,flat,,0.25152181859255546,0.9916912759571996,0.9642857142857144,0.356277003184576,0.0,False,"['report_invalid', 'weak_signal', 'insufficient_net_edge']"
2025-07-01 00:00:00-04:00,GOOG,stock flow + macro overlay favors long exposure,flat,,-0.19136230540245697,0.9916912759571996,0.9642857142857144,0.3412371248870514,0.0,False,"['report_invalid', 'weak_signal', 'insufficient_net_edge']"
2025-07-01 00:00:00-04:00,BTC,crypto flow + macro overlay favors short exposure,flat,,-0.055020598207991406,0.9916912759571996,0.9642857142857144,0.30715169808843495,0.0,False,"['report_invalid', 'weak_signal', 'insufficient_net_edge']"
2025-07-01 00:00:00-04:00,MCD,stock flow + macro overlay favors long exposure,flat,,0.024392079385442883,0.9916912759571996,0.9642857142857144,0.2994945683827978,0.0,False,"['report_invalid', 'weak_signal', 'insufficient_net_edge']"
2025-07-01 00:00:00-04:00,NVDA,stock flow + macro overlay favors long exposure,flat,,-0.01665441004999934,0.9916912759571996,0.9642857142857144,0.29756015104893696,0.0,False,"['report_invalid', 'weak_signal', 'insufficient_net_edge']"
2025-07-02 00:00:00-04:00,BTC,crypto flow + macro overlay favors short exposure,flat,,-0.4153780614588469,0.9932282484982757,0.9642857142857144,0.3974716097823102,0.0,False,"['report_invalid', 'weak_signal', 'insufficient_net_edge']"
2025-07-02 00:00:00-04:00,SOL,crypto flow + macro overlay favors short exposure,flat,,-0.11607306830893757,0.9932282484982757,0.9642857142857144,0.3226453614948329,0.0,False,"['report_invalid', 'weak_signal', 'insufficient_net_edge']"
2025-07-02 00:00:00-04:00,XRP,crypto flow + macro overlay favors short exposure,flat,,0.024606236454315165,0.9932282484982757,0.9642857142857144,0.2997786535311773,0.0,False,"['report_invalid', 'weak_signal', 'insufficient_net_edge']"
2025-07-02 00:00:00-04:00,ETH,crypto flow + macro overlay favors short exposure,flat,,-0.007613001421789029,0.9932282484982757,0.9642857142857144,0.29553034477304574,0.0,False,"['report_invalid', 'weak_signal', 'insufficient_net_edge']"
2025-07-02 00:00:00-04:00,AUDUSD,forex flow + macro overlay favors long exposure,flat,,0.0,0.9932282484982757,0.9642857142857144,0.2936270944175985,0.0,False,"['report_invalid', 'weak_signal', 'insufficient_net_edge']"
2025-07-02 00:00:00-04:00,COPPER,metal flow + macro overlay favors long exposure,flat,,0.0,0.9932282484982757,0.9642857142857144,0.2936270944175985,0.0,False,"['report_invalid', 'weak_signal', 'insufficient_net_edge']"
2025-07-02 00:00:00-04:00,EURUSD,forex flow + macro overlay favors long exposure,flat,,0.0,0.9932282484982757,0.9642857142857144,0.2936270944175985,0.0,False,"['report_invalid', 'weak_signal', 'insufficient_net_edge']"
2025-07-02 00:00:00-04:00,GOLD,metal flow + macro overlay favors long exposure,flat,,0.0,0.9932282484982757,0.9642857142857144,0.2936270944175985,0.0,False,"['report_invalid', 'weak_signal', 'insufficient_net_edge']"
2025-07-02 00:00:00-04:00,GOOG,stock flow + macro overlay favors short exposure,flat,,0.0,0.9932282484982757,0.9642857142857144,0.2936270944175985,0.0,False,"['report_invalid', 'weak_signal', 'insufficient_net_edge']"
2025-07-02 00:00:00-04:00,MCD,stock flow + macro overlay favors short exposure,flat,,0.0,0.9932282484982757,0.9642857142857144,0.2936270944175985,0.0,False,"['report_invalid', 'weak_signal', 'insufficient_net_edge']"
2025-07-02 00:00:00-04:00,NVDA,stock flow + macro overlay favors short exposure,flat,,0.0,0.9932282484982757,0.9642857142857144,0.2936270944175985,0.0,False,"['report_invalid', 'weak_signal', 'insufficient_net_edge']"
2025-07-02 00:00:00-04:00,SILVER,metal flow + macro overlay favors long exposure,flat,,0.0,0.9932282484982757,0.9642857142857144,0.2936270944175985,0.0,False,"['report_invalid', 'weak_signal', 'insufficient_net_edge']"
2025-07-02 00:00:00-04:00,SPY,stock flow + macro overlay favors short exposure,flat,,0.0,0.9932282484982757,0.9642857142857144,0.2936270944175985,0.0,False,"['report_invalid', 'weak_signal', 'insufficient_net_edge']"
2025-07-02 00:00:00-04:00,TSLA,stock flow + macro overlay favors short exposure,flat,,0.0,0.9932282484982757,0.9642857142857144,0.2936270944175985,0.0,False,"['report_invalid', 'weak_signal', 'insufficient_net_edge']"
2025-07-03 00:00:00-04:00,GOLD,metal flow + macro overlay favors long exposure,flat,,0.7450991272025005,0.9834647447238882,1.0,0.48379449350920833,0.0,False,"['weak_signal', 'insufficient_net_edge']"
2025-07-03 00:00:00-04:00,EURUSD,forex flow + macro overlay favors long exposure,flat,,0.6467786305746797,0.9834647447238882,1.0,0.4592143693522531,0.0,False,"['weak_signal', 'insufficient_net_edge']"
2025-07-03 00:00:00-04:00,COPPER,metal flow + macro overlay favors long exposure,flat,,0.623091712679955,0.9834647447238882,1.0,0.45329263987857193,0.0,False,"['weak_signal', 'insufficient_net_edge']"
2025-07-03 00:00:00-04:00,XRP,crypto flow + macro overlay favors long exposure,flat,,0.501798134962995,0.9834647447238882,1.0,0.422969245449332,0.0,False,"['weak_signal', 'insufficient_net_edge']"
2025-07-03 00:00:00-04:00,AUDUSD,forex flow + macro overlay favors long exposure,flat,,0.4795509226003411,0.9834647447238882,1.0,0.41740744235866845,0.0,False,"['weak_signal', 'insufficient_net_edge']"
2025-07-03 00:00:00-04:00,ETH,crypto flow + macro overlay favors long exposure,flat,,0.4774037603362452,0.9834647447238882,1.0,0.4168706517926445,0.0,False,"['weak_signal', 'insufficient_net_edge']"
2025-07-03 00:00:00-04:00,SILVER,metal flow + macro overlay favors long exposure,flat,,0.3727005017320535,0.9834647447238882,1.0,0.3906948371415966,0.0,False,"['weak_signal', 'insufficient_net_edge']"
2025-07-03 00:00:00-04:00,SOL,crypto flow + macro overlay favors long exposure,flat,,0.19714255024246619,0.9834647447238882,1.0,0.34680534926919976,0.0,False,"['weak_signal', 'insufficient_net_edge']"
2025-07-03 00:00:00-04:00,BTC,crypto flow + macro overlay favors long exposure,flat,,0.03994490294108758,0.9834647447238882,1.0,0.3075059374438551,0.0,False,"['weak_signal', 'insufficient_net_edge']"
2025-07-03 00:00:00-04:00,GOOG,stock flow + macro overlay favors long exposure,flat,,0.0,0.9834647447238882,1.0,0.2975197117085832,0.0,False,"['weak_signal', 'insufficient_net_edge']"
2025-07-03 00:00:00-04:00,MCD,stock flow + macro overlay favors long exposure,flat,,0.0,0.9834647447238882,1.0,0.2975197117085832,0.0,False,"['weak_signal', 'insufficient_net_edge']"
2025-07-03 00:00:00-04:00,NVDA,stock flow + macro overlay favors long exposure,flat,,0.0,0.9834647447238882,1.0,0.2975197117085832,0.0,False,"['weak_signal', 'insufficient_net_edge']"
2025-07-03 00:00:00-04:00,SPY,stock flow + macro overlay favors long exposure,flat,,0.0,0.9834647447238882,1.0,0.2975197117085832,0.0,False,"['weak_signal', 'insufficient_net_edge']"
2025-07-03 00:00:00-04:00,TSLA,stock flow + macro overlay favors long exposure,flat,,0.0,0.9834647447238882,1.0,0.2975197117085832,0.0,False,"['weak_signal', 'insufficient_net_edge']"
2025-07-04 00:00:00-04:00,SILVER,metal flow + macro overlay favors long exposure,flat,,0.663275848643559,0.9886130322651118,1.0,0.46411091700065654,0.0,False,"['weak_signal', 'insufficient_net_edge']"
2025-07-04 00:00:00-04:00,BTC,crypto flow + macro overlay favors long exposure,flat,,0.6532517517288001,0.9886130322651118,1.0,0.4616048927719668,0.0,False,"['weak_signal', 'insufficient_net_edge']"
2025-07-04 00:00:00-04:00,ETH,crypto flow + macro overlay favors long exposure,flat,,0.6331357448692936,0.9886130322651118,1.0,0.4565758910570902,0.0,False,"['weak_signal', 'insufficient_net_edge']"
2025-07-04 00:00:00-04:00,GOOG,stock flow + macro overlay favors long exposure,flat,,0.5432056722120469,0.9886130322651118,1.0,0.4340933728927785,0.0,False,"['weak_signal', 'insufficient_net_edge']"
2025-07-04 00:00:00-04:00,GOLD,metal flow + macro overlay favors long exposure,flat,,0.4705344252006983,0.9886130322651118,1.0,0.4159255611399414,0.0,False,"['weak_signal', 'insufficient_net_edge']"
2025-07-04 00:00:00-04:00,SPY,stock flow + macro overlay favors long exposure,flat,,0.397902719701926,0.9886130322651118,1.0,0.39776763476524823,0.0,False,"['weak_signal', 'insufficient_net_edge']"
2025-07-04 00:00:00-04:00,NVDA,stock flow + macro overlay favors long exposure,flat,,0.37490463311384364,0.9886130322651118,1.0,0.39201811311822765,0.0,False,"['weak_signal', 'insufficient_net_edge']"
2025-07-04 00:00:00-04:00,COPPER,metal flow + macro overlay favors long exposure,flat,,0.2734231679338652,0.9886130322651118,1.0,0.3666477468232331,0.0,False,"['weak_signal', 'insufficient_net_edge']"
2025-07-04 00:00:00-04:00,SOL,crypto flow + macro overlay favors long exposure,flat,,-0.24964537253970231,0.9886130322651118,1.0,0.36070329797469236,0.0,False,"['weak_signal', 'insufficient_net_edge']"
2025-07-04 00:00:00-04:00,MCD,stock flow + macro overlay favors long exposure,flat,,0.21340685078963173,0.9886130322651118,1.0,0.3516436675371747,0.0,False,"['weak_signal', 'insufficient_net_edge']"
2025-07-04 00:00:00-04:00,TSLA,stock flow + macro overlay favors long exposure,flat,,0.17847460126521175,0.9886130322651118,1.0,0.3429106051560697,0.0,False,"['weak_signal', 'insufficient_net_edge']"
2025-07-04 00:00:00-04:00,XRP,crypto flow + macro overlay favors long exposure,flat,,0.16503923730608389,0.9886130322651118,1.0,0.33955176416628774,0.0,False,"['weak_signal', 'insufficient_net_edge']"
2025-07-04 00:00:00-04:00,EURUSD,forex flow + macro overlay favors long exposure,flat,,-0.09118199359972452,0.9886130322651118,1.0,0.3210874532396979,0.0,False,"['weak_signal', 'insufficient_net_edge']"
2025-07-04 00:00:00-04:00,AUDUSD,forex flow + macro overlay favors long exposure,flat,,-0.03635474859175381,0.9886130322651118,1.0,0.3073806419877052,0.0,False,"['weak_signal', 'insufficient_net_edge']"
2025-07-05 00:00:00-04:00,SILVER,metal flow + macro overlay favors long exposure,flat,,0.7133210397205381,0.9970493087865105,0.9642857142857144,0.4725305133909683,0.0,False,"['report_invalid', 'weak_signal', 'insufficient_net_edge']"
2025-07-05 00:00:00-04:00,BTC,crypto flow + macro overlay favors long exposure,flat,,0.6293870756486281,0.9970493087865105,0.9642857142857144,0.4515470223729907,0.0,False,"['report_invalid', 'weak_signal', 'insufficient_net_edge']"
2025-07-05 00:00:00-04:00,ETH,crypto flow + macro overlay favors long exposure,flat,,0.6159080467691402,0.9970493087865105,0.9642857142857144,0.44817726515311884,0.0,False,"['report_invalid', 'weak_signal', 'insufficient_net_edge']"
2025-07-05 00:00:00-04:00,COPPER,metal flow + macro overlay favors long exposure,flat,,-0.5431068084012765,0.9970493087865105,0.9642857142857144,0.4299769555611529,0.0,False,"['report_invalid', 'weak_signal', 'insufficient_net_edge']"
2025-07-05 00:00:00-04:00,AUDUSD,forex flow + macro overlay favors long exposure,flat,,-0.500810528775538,0.9970493087865105,0.9642857142857144,0.4194028856547183,0.0,False,"['report_invalid', 'weak_signal', 'insufficient_net_edge']"
2025-07-05 00:00:00-04:00,XRP,crypto flow + macro overlay favors long exposure,flat,,0.4182414721792568,0.9970493087865105,0.9642857142857144,0.39876062150564795,0.0,False,"['report_invalid', 'weak_signal', 'insufficient_net_edge']"
2025-07-05 00:00:00-04:00,EURUSD,forex flow + macro overlay favors long exposure,flat,,-0.3288331007083699,0.9970493087865105,0.9642857142857144,0.3764085286379262,0.0,False,"['report_invalid', 'weak_signal', 'insufficient_net_edge']"
2025-07-05 00:00:00-04:00,SOL,crypto flow + macro overlay favors long exposure,flat,,-0.155109784268215,0.9970493087865105,0.9642857142857144,0.33297769952788747,0.0,False,"['report_invalid', 'weak_signal', 'insufficient_net_edge']"
2025-07-05 00:00:00-04:00,GOLD,metal flow + macro overlay favors long exposure,flat,,-0.11680815615995851,0.9970493087865105,0.9642857142857144,0.32340229250082336,0.0,False,"['report_invalid', 'weak_signal', 'insufficient_net_edge']"
2025-07-05 00:00:00-04:00,GOOG,stock flow + macro overlay favors long exposure,flat,,0.0,0.9970493087865105,0.9642857142857144,0.2942002534608337,0.0,False,"['report_invalid', 'weak_signal', 'insufficient_net_edge']"
2025-07-05 00:00:00-04:00,MCD,stock flow + macro overlay favors long exposure,flat,,0.0,0.9970493087865105,0.9642857142857144,0.2942002534608337,0.0,False,"['report_invalid', 'weak_signal', 'insufficient_net_edge']"
2025-07-05 00:00:00-04:00,NVDA,stock flow + macro overlay favors long exposure,flat,,0.0,0.9970493087865105,0.9642857142857144,0.2942002534608337,0.0,False,"['report_invalid', 'weak_signal', 'insufficient_net_edge']"
2025-07-05 00:00:00-04:00,SPY,stock flow + macro overlay favors long exposure,flat,,0.0,0.9970493087865105,0.9642857142857144,0.2942002534608337,0.0,False,"['report_invalid', 'weak_signal', 'insufficient_net_edge']"
2025-07-05 00:00:00-04:00,TSLA,stock flow + macro overlay favors long exposure,flat,,0.0,0.9970493087865105,0.9642857142857144,0.2942002534608337,0.0,False,"['report_invalid', 'weak_signal', 'insufficient_net_edge']"
2025-07-06 00:00:00-04:00,SOL,crypto flow + macro overlay favors short exposure,flat,,-0.6302504888535316,0.9982234456619543,0.9642857142857144,0.45193899620553324,0.0,False,"['report_invalid', 'weak_signal', 'insufficient_net_edge']"
2025-07-06 00:00:00-04:00,ETH,crypto flow + macro overlay favors short exposure,flat,,-0.38006167468019486,0.9982234456619543,0.9642857142857144,0.38939179266219903,0.0,False,"['report_invalid', 'weak_signal', 'insufficient_net_edge']"
2025-07-06 00:00:00-04:00,XRP,crypto flow + macro overlay favors short exposure,flat,,-0.28432377108726936,0.9982234456619543,0.9642857142857144,0.36545731676396764,0.0,False,"['report_invalid', 'weak_signal', 'insufficient_net_edge']"
2025-07-06 00:00:00-04:00,BTC,crypto flow + macro overlay favors short exposure,flat,,-0.23081178356856663,0.9982234456619543,0.9642857142857144,0.352079319884292,0.0,False,"['report_invalid', 'weak_signal', 'insufficient_net_edge']"
2025-07-06 00:00:00-04:00,AUDUSD,forex flow + macro overlay favors long exposure,flat,,0.0,0.9982234456619543,0.9642857142857144,0.29437637399215033,0.0,False,"['report_invalid', 'weak_signal', 'insufficient_net_edge']"
2025-07-06 00:00:00-04:00,COPPER,metal flow + macro overlay favors long exposure,flat,,0.0,0.9982234456619543,0.9642857142857144,0.29437637399215033,0.0,False,"['report_invalid', 'weak_signal', 'insufficient_net_edge']"
2025-07-06 00:00:00-04:00,EURUSD,forex flow + macro overlay favors long exposure,flat,,0.0,0.9982234456619543,0.9642857142857144,0.29437637399215033,0.0,False,"['report_invalid', 'weak_signal', 'insufficient_net_edge']"
2025-07-06 00:00:00-04:00,GOLD,metal flow + macro overlay favors long exposure,flat,,0.0,0.9982234456619543,0.9642857142857144,0.29437637399215033,0.0,False,"['report_invalid', 'weak_signal', 'insufficient_net_edge']"
2025-07-06 00:00:00-04:00,GOOG,stock flow + macro overlay favors long exposure,flat,,0.0,0.9982234456619543,0.9642857142857144,0.29437637399215033,0.0,False,"['report_invalid', 'weak_signal', 'insufficient_net_edge']"
2025-07-06 00:00:00-04:00,MCD,stock flow + macro overlay favors long exposure,flat,,0.0,0.9982234456619543,0.9642857142857144,0.29437637399215033,0.0,False,"['report_invalid', 'weak_signal', 'insufficient_net_edge']"
2025-07-06 00:00:00-04:00,NVDA,stock flow + macro overlay favors long exposure,flat,,0.0,0.9982234456619543,0.9642857142857144,0.29437637399215033,0.0,False,"['report_invalid', 'weak_signal', 'insufficient_net_edge']"
2025-07-06 00:00:00-04:00,SILVER,metal flow + macro overlay favors long exposure,flat,,0.0,0.9982234456619543,0.9642857142857144,0.29437637399215033,0.0,False,"['report_invalid', 'weak_signal', 'insufficient_net_edge']"
2025-07-06 00:00:00-04:00,SPY,stock flow + macro overlay favors long exposure,flat,,0.0,0.9982234456619543,0.9642857142857144,0.29437637399215033,0.0,False,"['report_invalid', 'weak_signal', 'insufficient_net_edge']"
2025-07-06 00:00:00-04:00,TSLA,stock flow + macro overlay favors long exposure,flat,,0.0,0.9982234456619543,0.9642857142857144,0.29437637399215033,0.0,False,"['report_invalid', 'weak_signal', 'insufficient_net_edge']"
2025-07-07 00:00:00-04:00,AUDUSD,forex flow + macro overlay favors short exposure,flat,,-0.7245082616505771,0.9939833116349228,0.9642857142857144,0.47486741930073983,0.0,False,"['report_invalid', 'weak_signal', 'insufficient_net_edge']"
2025-07-07 00:00:00-04:00,GOLD,metal flow + macro overlay favors short exposure,flat,,-0.7015200411913891,0.9939833116349228,0.9642857142857144,0.46912036418594283,0.0,False,"['report_invalid', 'weak_signal', 'insufficient_net_edge']"
2025-07-07 00:00:00-04:00,COPPER,metal flow + macro overlay favors short exposure,flat,,-0.6977283789830867,0.9939833116349228,0.9642857142857144,0.4681724486338673,0.0,False,"['report_invalid', 'weak_signal', 'insufficient_net_edge']"
2025-07-07 00:00:00-04:00,SILVER,metal flow + macro overlay favors short exposure,flat,,-0.4967968072150503,0.9939833116349228,0.9642857142857144,0.41793955569185814,0.0,False,"['report_invalid', 'weak_signal', 'insufficient_net_edge']"
2025-07-07 00:00:00-04:00,XRP,crypto flow + macro overlay favors long exposure,flat,,0.27225047469763936,0.9939833116349228,0.9642857142857144,0.3618029725625054,0.0,False,"['report_invalid', 'weak_signal', 'insufficient_net_edge']"
2025-07-07 00:00:00-04:00,EURUSD,forex flow + macro overlay favors short exposure,flat,,-0.22020190737262768,0.9939833116349228,0.9642857142857144,0.3487908307312525,0.0,False,"['report_invalid', 'weak_signal', 'insufficient_net_edge']"
2025-07-07 00:00:00-04:00,BTC,crypto flow + macro overlay favors long exposure,flat,,0.08637045513422378,0.9939833116349228,0.9642857142857144,0.31533296767165153,0.0,False,"['report_invalid', 'weak_signal', 'insufficient_net_edge']"
2025-07-07 00:00:00-04:00,SOL,crypto flow + macro overlay favors long exposure,flat,,0.047616418804270755,0.9939833116349228,0.9642857142857144,0.3056444585891632,0.0,False,"['report_invalid', 'weak_signal', 'insufficient_net_edge']"
2025-07-07 00:00:00-04:00,ETH,crypto flow + macro overlay favors long exposure,flat,,0.004406181536178445,0.9939833116349228,0.9642857142857144,0.2948418992721402,0.0,False,"['report_invalid', 'weak_signal', 'insufficient_net_edge']"
2025-07-07 00:00:00-04:00,GOOG,stock flow + macro overlay favors long exposure,flat,,0.0,0.9939833116349228,0.9642857142857144,0.2937403538880956,0.0,False,"['report_invalid', 'weak_signal', 'insufficient_net_edge']"
2025-07-07 00:00:00-04:00,MCD,stock flow + macro overlay favors long exposure,flat,,0.0,0.9939833116349228,0.9642857142857144,0.2937403538880956,0.0,False,"['report_invalid', 'weak_signal', 'insufficient_net_edge']"
2025-07-07 00:00:00-04:00,NVDA,stock flow + macro overlay favors long exposure,flat,,0.0,0.9939833116349228,0.9642857142857144,0.2937403538880956,0.0,False,"['report_invalid', 'weak_signal', 'insufficient_net_edge']"
2025-07-07 00:00:00-04:00,SPY,stock flow + macro overlay favors long exposure,flat,,0.0,0.9939833116349228,0.9642857142857144,0.2937403538880956,0.0,False,"['report_invalid', 'weak_signal', 'insufficient_net_edge']"
2025-07-07 00:00:00-04:00,TSLA,stock flow + macro overlay favors long exposure,flat,,0.0,0.9939833116349228,0.9642857142857144,0.2937403538880956,0.0,False,"['report_invalid', 'weak_signal', 'insufficient_net_edge']"
2025-07-08 00:00:00-04:00,EURUSD,forex flow + macro overlay favors long exposure,flat,,-0.4911194226600293,0.997883433421704,1.0,0.422462370678263,0.0,False,"['weak_signal', 'insufficient_net_edge']"
2025-07-08 00:00:00-04:00,COPPER,metal flow + macro overlay favors short exposure,flat,,-0.4770469165693566,0.997883433421704,1.0,0.4189442441555947,0.0,False,"['weak_signal', 'insufficient_net_edge']"
2025-07-08 00:00:00-04:00,XRP,crypto flow + macro overlay favors short exposure,flat,,0.4419432985239369,0.997883433421704,1.0,0.4101683396442398,0.0,False,"['weak_signal', 'insufficient_net_edge']"
2025-07-08 00:00:00-04:00,AUDUSD,forex flow + macro overlay favors long exposure,flat,,-0.2842527327609066,0.997883433421704,1.0,0.37074569820348224,0.0,False,"['weak_signal', 'insufficient_net_edge']"
2025-07-08 00:00:00-04:00,SILVER,metal flow + macro overlay favors short exposure,flat,,-0.2768716712508743,0.997883433421704,1.0,0.3689004328259742,0.0,False,"['weak_signal', 'insufficient_net_edge']"
2025-07-08 00:00:00-04:00,GOLD,metal flow + macro overlay favors short exposure,flat,,-0.23649193361522247,0.997883433421704,1.0,0.3588054984170612,0.0,False,"['weak_signal', 'insufficient_net_edge']"
2025-07-08 00:00:00-04:00,ETH,crypto flow + macro overlay favors short exposure,flat,,0.17863288797556265,0.997883433421704,1.0,0.3443407370071463,0.0,False,"['weak_signal', 'insufficient_net_edge']"
2025-07-08 00:00:00-04:00,BTC,crypto flow + macro overlay favors short exposure,flat,,-0.14131335529652383,0.997883433421704,1.0,0.3350108538373866,0.0,False,"['weak_signal', 'insufficient_net_edge']"
2025-07-08 00:00:00-04:00,SOL,crypto flow + macro overlay favors short exposure,flat,,0.12330768827106432,0.997883433421704,1.0,0.33050943708102165,0.0,False,"['weak_signal', 'insufficient_net_edge']"
2025-07-08 00:00:00-04:00,GOOG,stock flow + macro overlay favors short exposure,flat,,0.0,0.997883433421704,1.0,0.2996825150132556,0.0,False,"['weak_signal', 'insufficient_net_edge']"
2025-07-08 00:00:00-04:00,MCD,stock flow + macro overlay favors short exposure,flat,,0.0,0.997883433421704,1.0,0.2996825150132556,0.0,False,"['weak_signal', 'insufficient_net_edge']"
2025-07-08 00:00:00-04:00,NVDA,stock flow + macro overlay favors short exposure,flat,,0.0,0.997883433421704,1.0,0.2996825150132556,0.0,False,"['weak_signal', 'insufficient_net_edge']"
2025-07-08 00:00:00-04:00,SPY,stock flow + macro overlay favors short exposure,flat,,0.0,0.997883433421704,1.0,0.2996825150132556,0.0,False,"['weak_signal', 'insufficient_net_edge']"
2025-07-08 00:00:00-04:00,TSLA,stock flow + macro overlay favors short exposure,flat,,0.0,0.997883433421704,1.0,0.2996825150132556,0.0,False,"['weak_signal', 'insufficient_net_edge']"
2025-07-09 00:00:00-04:00,XRP,crypto flow + macro overlay favors long exposure,flat,,0.6823842290211287,0.9882112101476859,1.0,0.4688277387774351,0.0,False,"['weak_signal', 'insufficient_net_edge']"
2025-07-09 00:00:00-04:00,ETH,crypto flow + macro overlay favors long exposure,flat,,0.5560890735737571,0.9882112101476859,1.0,0.4372539499155922,0.0,False,"['weak_signal', 'insufficient_net_edge']"
2025-07-09 00:00:00-04:00,SOL,crypto flow + macro overlay favors long exposure,flat,,0.5034965574295138,0.9882112101476859,1.0,0.4241058208795313,0.0,False,"['weak_signal', 'insufficient_net_edge']"
2025-07-09 00:00:00-04:00,BTC,crypto flow + macro overlay favors long exposure,flat,,0.13116515274588847,0.9882112101476859,1.0,0.331022969708625,0.0,False,"['weak_signal', 'insufficient_net_edge']"
2025-07-09 00:00:00-04:00,AUDUSD,forex flow + macro overlay favors long exposure,flat,,0.0,0.9882112101476859,1.0,0.29823168152215285,0.0,False,"['weak_signal', 'insufficient_net_edge']"
2025-07-09 00:00:00-04:00,COPPER,metal flow + macro overlay favors long exposure,flat,,0.0,0.9882112101476859,1.0,0.29823168152215285,0.0,False,"['weak_signal', 'insufficient_net_edge']"
2025-07-09 00:00:00-04:00,EURUSD,forex flow + macro overlay favors long exposure,flat,,0.0,0.9882112101476859,1.0,0.29823168152215285,0.0,False,"['weak_signal', 'insufficient_net_edge']"
2025-07-09 00:00:00-04:00,GOLD,metal flow + macro overlay favors long exposure,flat,,0.0,0.9882112101476859,1.0,0.29823168152215285,0.0,False,"['weak_signal', 'insufficient_net_edge']"
2025-07-09 00:00:00-04:00,GOOG,stock flow + macro overlay favors short exposure,flat,,0.0,0.9882112101476859,1.0,0.29823168152215285,0.0,False,"['weak_signal', 'insufficient_net_edge']"
2025-07-09 00:00:00-04:00,MCD,stock flow + macro overlay favors short exposure,flat,,0.0,0.9882112101476859,1.0,0.29823168152215285,0.0,False,"['weak_signal', 'insufficient_net_edge']"
2025-07-09 00:00:00-04:00,NVDA,stock flow + macro overlay favors short exposure,flat,,0.0,0.9882112101476859,1.0,0.29823168152215285,0.0,False,"['weak_signal', 'insufficient_net_edge']"
2025-07-09 00:00:00-04:00,SILVER,metal flow + macro overlay favors long exposure,flat,,0.0,0.9882112101476859,1.0,0.29823168152215285,0.0,False,"['weak_signal', 'insufficient_net_edge']"
2025-07-09 00:00:00-04:00,SPY,stock flow + macro overlay favors short exposure,flat,,0.0,0.9882112101476859,1.0,0.29823168152215285,0.0,False,"['weak_signal', 'insufficient_net_edge']"
2025-07-09 00:00:00-04:00,TSLA,stock flow + macro overlay favors short exposure,flat,,0.0,0.9882112101476859,1.0,0.29823168152215285,0.0,False,"['weak_signal', 'insufficient_net_edge']"
2025-07-10 00:00:00-04:00,COPPER,metal flow + macro overlay favors long exposure,flat,,0.7488010299610761,0.9763653856946004,1.0,0.4836550653444591,0.0,False,"['weak_signal', 'insufficient_net_edge']"
2025-07-10 00:00:00-04:00,XRP,crypto flow + macro overlay favors long exposure,flat,,0.7371227716136919,0.9763653856946004,1.0,0.48073550075761307,0.0,False,"['weak_signal', 'insufficient_net_edge']"
2025-07-10 00:00:00-04:00,ETH,crypto flow + macro overlay favors long exposure,flat,,0.7292494321972849,0.9763653856946004,1.0,0.4787671659035113,0.0,False,"['weak_signal', 'insufficient_net_edge']"
2025-07-10 00:00:00-04:00,AUDUSD,forex flow + macro overlay favors long exposure,flat,,0.6424940515912514,0.9763653856946004,1.0,0.45707832075200294,0.0,False,"['weak_signal', 'insufficient_net_edge']"
2025-07-10 00:00:00-04:00,SOL,crypto flow + macro overlay favors long exposure,flat,,0.5835239233788104,0.9763653856946004,1.0,0.4423357886988927,0.0,False,"['weak_signal', 'insufficient_net_edge']"
2025-07-10 00:00:00-04:00,BTC,crypto flow + macro overlay favors long exposure,flat,,0.565628888014964,0.9763653856946004,1.0,0.4378620298579311,0.0,False,"['weak_signal', 'insufficient_net_edge']"
2025-07-10 00:00:00-04:00,EURUSD,forex flow + macro overlay favors long exposure,flat,,-0.47963527041653237,0.9763653856946004,1.0,0.41636362545832317,0.0,False,"['weak_signal', 'insufficient_net_edge']"
2025-07-10 00:00:00-04:00,GOLD,metal flow + macro overlay favors long exposure,flat,,0.39670856898031215,0.9763653856946004,1.0,0.3956319500992681,0.0,False,"['weak_signal', 'insufficient_net_edge']"
2025-07-10 00:00:00-04:00,SILVER,metal flow + macro overlay favors long exposure,flat,,0.1442159580401083,0.9763653856946004,1.0,0.3325087973642171,0.0,False,"['weak_signal', 'insufficient_net_edge']"
2025-07-10 00:00:00-04:00,GOOG,stock flow + macro overlay favors long exposure,flat,,0.0,0.9763653856946004,1.0,0.29645480785419004,0.0,False,"['weak_signal', 'insufficient_net_edge']"
2025-07-10 00:00:00-04:00,MCD,stock flow + macro overlay favors long exposure,flat,,0.0,0.9763653856946004,1.0,0.29645480785419004,0.0,False,"['weak_signal', 'insufficient_net_edge']"
2025-07-10 00:00:00-04:00,NVDA,stock flow + macro overlay favors long exposure,flat,,0.0,0.9763653856946004,1.0,0.29645480785419004,0.0,False,"['weak_signal', 'insufficient_net_edge']"
2025-07-10 00:00:00-04:00,SPY,stock flow + macro overlay favors long exposure,flat,,0.0,0.9763653856946004,1.0,0.29645480785419004,0.0,False,"['weak_signal', 'insufficient_net_edge']"
2025-07-10 00:00:00-04:00,TSLA,stock flow + macro overlay favors long exposure,flat,,0.0,0.9763653856946004,1.0,0.29645480785419004,0.0,False,"['weak_signal', 'insufficient_net_edge']"
2025-07-11 00:00:00-04:00,XRP,crypto flow + macro overlay favors long exposure,flat,,0.7498749965755518,0.9690846278029754,1.0,0.48283144331433425,0.0,False,"['weak_signal', 'insufficient_net_edge']"
2025-07-11 00:00:00-04:00,ETH,crypto flow + macro overlay favors long exposure,flat,,0.7498741121354096,0.9690846278029754,1.0,0.48283122220429875,0.0,False,"['weak_signal', 'insufficient_net_edge']"
2025-07-11 00:00:00-04:00,BTC,crypto flow + macro overlay favors long exposure,flat,,0.7498611875481302,0.9690846278029754,1.0,0.48282799105747887,0.0,False,"['weak_signal', 'insufficient_net_edge']"
2025-07-11 00:00:00-04:00,SOL,crypto flow + macro overlay favors long exposure,flat,,0.7485475805049671,0.9690846278029754,1.0,0.4824995892966881,0.0,False,"['weak_signal', 'insufficient_net_edge']"
2025-07-11 00:00:00-04:00,SPY,stock flow + macro overlay favors long exposure,flat,,0.7484640278528503,0.9690846278029754,1.0,0.48247870113365887,0.0,False,"['weak_signal', 'insufficient_net_edge']"
2025-07-11 00:00:00-04:00,COPPER,metal flow + macro overlay favors long exposure,flat,,0.7473733597908232,0.9690846278029754,1.0,0.4822060341181521,0.0,False,"['weak_signal', 'insufficient_net_edge']"
2025-07-11 00:00:00-04:00,SILVER,metal flow + macro overlay favors long exposure,flat,,0.73577547389361,0.9690846278029754,1.0,0.47930656264384885,0.0,False,"['weak_signal', 'insufficient_net_edge']"
2025-07-11 00:00:00-04:00,NVDA,stock flow + macro overlay favors long exposure,flat,,0.72308585149367,0.9690846278029754,1.0,0.47613415704386386,0.0,False,"['weak_signal', 'insufficient_net_edge']"
2025-07-11 00:00:00-04:00,TSLA,stock flow + macro overlay favors long exposure,flat,,0.6915543166866054,0.9690846278029754,1.0,0.4682512733420977,0.0,False,"['weak_signal', 'insufficient_net_edge']"
2025-07-11 00:00:00-04:00,EURUSD,forex flow + macro overlay favors long exposure,flat,,-0.6743132057969325,0.9690846278029754,1.0,0.4639409956196795,0.0,False,"['weak_signal', 'insufficient_net_edge']"
2025-07-11 00:00:00-04:00,AUDUSD,forex flow + macro overlay favors long exposure,flat,,0.6520493334035815,0.9690846278029754,1.0,0.45837502752134174,0.0,False,"['weak_signal', 'insufficient_net_edge']"
2025-07-11 00:00:00-04:00,MCD,stock flow + macro overlay favors long exposure,flat,,0.6410672964983669,0.9690846278029754,1.0,0.45562951829503806,0.0,False,"['weak_signal', 'insufficient_net_edge']"
2025-07-11 00:00:00-04:00,GOOG,stock flow + macro overlay favors long exposure,flat,,0.4198529508726384,0.9690846278029754,1.0,0.4003259318886059,0.0,False,"['weak_signal', 'insufficient_net_edge']"
2025-07-11 00:00:00-04:00,GOLD,metal flow + macro overlay favors long exposure,flat,,0.09002917046557593,0.9690846278029754,1.0,0.3178699867868403,0.0,False,"['weak_signal', 'insufficient_net_edge']"
2025-07-12 00:00:00-04:00,XRP,crypto flow + macro overlay favors long exposure,flat,,0.7499972810010815,0.9684800251193795,1.0,0.48277132401817735,0.0,False,"['weak_signal', 'insufficient_net_edge']"
2025-07-12 00:00:00-04:00,SILVER,metal flow + macro overlay favors long exposure,flat,,0.7499500329885602,0.9684800251193795,1.0,0.48275951201504697,0.0,False,"['weak_signal', 'insufficient_net_edge']"
2025-07-12 00:00:00-04:00,BTC,crypto flow + macro overlay favors long exposure,flat,,0.7499392507839617,0.9684800251193795,1.0,0.48275681646389734,0.0,False,"['weak_signal', 'insufficient_net_edge']"
2025-07-12 00:00:00-04:00,ETH,crypto flow + macro overlay favors long exposure,flat,,0.7498347108296728,0.9684800251193795,1.0,0.48273068147532516,0.0,False,"['weak_signal', 'insufficient_net_edge']"
2025-07-12 00:00:00-04:00,GOOG,stock flow + macro overlay favors long exposure,flat,,0.7460575312142315,0.9684800251193795,1.0,0.4817863865714648,0.0,False,"['weak_signal', 'insufficient_net_edge']"
2025-07-12 00:00:00-04:00,GOLD,metal flow + macro overlay favors long exposure,flat,,0.7449459230191411,0.9684800251193795,1.0,0.48150848452269224,0.0,False,"['weak_signal', 'insufficient_net_edge']"
2025-07-12 00:00:00-04:00,SOL,crypto flow + macro overlay favors long exposure,flat,,0.7431000328394564,0.9684800251193795,1.0,0.481047011977771,0.0,False,"['weak_signal', 'insufficient_net_edge']"
2025-07-12 00:00:00-04:00,MCD,stock flow + macro overlay favors long exposure,flat,,0.7304687743909798,0.9684800251193795,1.0,0.47788919736565183,0.0,False,"['weak_signal', 'insufficient_net_edge']"
2025-07-12 00:00:00-04:00,AUDUSD,forex flow + macro overlay favors long exposure,flat,,0.6916806675149768,0.9684800251193795,1.0,0.4681921706466511,0.0,False,"['weak_signal', 'insufficient_net_edge']"
2025-07-12 00:00:00-04:00,TSLA,stock flow + macro overlay favors long exposure,flat,,0.6903475131566085,0.9684800251193795,1.0,0.46785888205705906,0.0,False,"['weak_signal', 'insufficient_net_edge']"
2025-07-12 00:00:00-04:00,NVDA,stock flow + macro overlay favors long exposure,flat,,0.6871272293074607,0.9684800251193795,1.0,0.46705381109477206,0.0,False,"['weak_signal', 'insufficient_net_edge']"
2025-07-12 00:00:00-04:00,SPY,stock flow + macro overlay favors long exposure,flat,,0.6116734000848875,0.9684800251193795,1.0,0.44819035378912875,0.0,False,"['weak_signal', 'insufficient_net_edge']"
2025-07-12 00:00:00-04:00,EURUSD,forex flow + macro overlay favors long exposure,flat,,-0.38743004966198186,0.9684800251193795,1.0,0.3921295161834024,0.0,False,"['weak_signal', 'insufficient_net_edge']"
2025-07-12 00:00:00-04:00,COPPER,metal flow + macro overlay favors long exposure,flat,,-0.24421723169802367,0.9684800251193795,1.0,0.3563263116924128,0.0,False,"['weak_signal', 'insufficient_net_edge']"
2025-07-13 00:00:00-04:00,XRP,crypto flow + macro overlay favors long exposure,flat,,0.7497944010261858,0.9766257176746125,0.9642857142857144,0.47858531505059543,0.0,False,"['report_invalid', 'weak_signal', 'insufficient_net_edge']"
2025-07-13 00:00:00-04:00,BTC,crypto flow + macro overlay favors long exposure,flat,,0.7487814034521993,0.9766257176746125,0.9642857142857144,0.47833206565709885,0.0,False,"['report_invalid', 'weak_signal', 'insufficient_net_edge']"
2025-07-13 00:00:00-04:00,ETH,crypto flow + macro overlay favors long exposure,flat,,0.7264975214126012,0.9766257176746125,0.9642857142857144,0.47276109514719933,0.0,False,"['report_invalid', 'weak_signal', 'insufficient_net_edge']"
2025-07-13 00:00:00-04:00,SOL,crypto flow + macro overlay favors long exposure,flat,,0.5192870269679799,0.9766257176746125,0.9642857142857144,0.42095847153604404,0.0,False,"['report_invalid', 'weak_signal', 'insufficient_net_edge']"
2025-07-13 00:00:00-04:00,AUDUSD,forex flow + macro overlay favors long exposure,flat,,0.0,0.9766257176746125,0.9642857142857144,0.291136714794049,0.0,False,"['report_invalid', 'weak_signal', 'insufficient_net_edge']"
2025-07-13 00:00:00-04:00,COPPER,metal flow + macro overlay favors long exposure,flat,,0.0,0.9766257176746125,0.9642857142857144,0.291136714794049,0.0,False,"['report_invalid', 'weak_signal', 'insufficient_net_edge']"
2025-07-13 00:00:00-04:00,EURUSD,forex flow + macro overlay favors long exposure,flat,,0.0,0.9766257176746125,0.9642857142857144,0.291136714794049,0.0,False,"['report_invalid', 'weak_signal', 'insufficient_net_edge']"
2025-07-13 00:00:00-04:00,GOLD,metal flow + macro overlay favors long exposure,flat,,0.0,0.9766257176746125,0.9642857142857144,0.291136714794049,0.0,False,"['report_invalid', 'weak_signal', 'insufficient_net_edge']"
2025-07-13 00:00:00-04:00,GOOG,stock flow + macro overlay favors long exposure,flat,,0.0,0.9766257176746125,0.9642857142857144,0.291136714794049,0.0,False,"['report_invalid', 'weak_signal', 'insufficient_net_edge']"
2025-07-13 00:00:00-04:00,MCD,stock flow + macro overlay favors long exposure,flat,,0.0,0.9766257176746125,0.9642857142857144,0.291136714794049,0.0,False,"['report_invalid', 'weak_signal', 'insufficient_net_edge']"
2025-07-13 00:00:00-04:00,NVDA,stock flow + macro overlay favors long exposure,flat,,0.0,0.9766257176746125,0.9642857142857144,0.291136714794049,0.0,False,"['report_invalid', 'weak_signal', 'insufficient_net_edge']"
2025-07-13 00:00:00-04:00,SILVER,metal flow + macro overlay favors long exposure,flat,,0.0,0.9766257176746125,0.9642857142857144,0.291136714794049,0.0,False,"['report_invalid', 'weak_signal', 'insufficient_net_edge']"
2025-07-13 00:00:00-04:00,SPY,stock flow + macro overlay favors long exposure,flat,,0.0,0.9766257176746125,0.9642857142857144,0.291136714794049,0.0,False,"['report_invalid', 'weak_signal', 'insufficient_net_edge']"
2025-07-13 00:00:00-04:00,TSLA,stock flow + macro overlay favors long exposure,flat,,0.0,0.9766257176746125,0.9642857142857144,0.291136714794049,0.0,False,"['report_invalid', 'weak_signal', 'insufficient_net_edge']"
2025-07-14 00:00:00-04:00,XRP,crypto flow + macro overlay favors long exposure,flat,,0.7497856304526178,0.9671771891224177,0.9642857142857144,0.47716584312437427,0.0,False,"['report_invalid', 'weak_signal', 'insufficient_net_edge']"
2025-07-14 00:00:00-04:00,SILVER,metal flow + macro overlay favors long exposure,flat,,0.7489240583088556,0.9671771891224177,0.9642857142857144,0.47695045008843373,0.0,False,"['report_invalid', 'weak_signal', 'insufficient_net_edge']"
2025-07-14 00:00:00-04:00,BTC,crypto flow + macro overlay favors long exposure,flat,,0.7291235186699925,0.9671771891224177,0.9642857142857144,0.472000315178718,0.0,False,"['report_invalid', 'weak_signal', 'insufficient_net_edge']"
2025-07-14 00:00:00-04:00,GOLD,metal flow + macro overlay favors long exposure,flat,,0.6384910770753232,0.9671771891224177,0.9642857142857144,0.4493422047800506,0.0,False,"['report_invalid', 'weak_signal', 'insufficient_net_edge']"
2025-07-14 00:00:00-04:00,AUDUSD,forex flow + macro overlay favors long exposure,flat,,-0.5059636217687581,0.9671771891224177,0.9642857142857144,0.41621034095340936,0.0,False,"['report_invalid', 'weak_signal', 'insufficient_net_edge']"
2025-07-14 00:00:00-04:00,ETH,crypto flow + macro overlay favors long exposure,flat,,0.4938859627244677,0.9671771891224177,0.9642857142857144,0.41319092619233677,0.0,False,"['report_invalid', 'weak_signal', 'insufficient_net_edge']"
2025-07-14 00:00:00-04:00,SOL,crypto flow + macro overlay favors long exposure,flat,,0.40975218075163244,0.9671771891224177,0.9642857142857144,0.3921574806991279,0.0,False,"['report_invalid', 'weak_signal', 'insufficient_net_edge']"
2025-07-14 00:00:00-04:00,EURUSD,forex flow + macro overlay favors long exposure,flat,,-0.03111936299693954,0.9671771891224177,0.9642857142857144,0.2974992762604547,0.0,False,"['report_invalid', 'weak_signal', 'insufficient_net_edge']"
2025-07-14 00:00:00-04:00,COPPER,metal flow + macro overlay favors long exposure,flat,,0.023236291488648083,0.9671771891224177,0.9642857142857144,0.29552850838338185,0.0,False,"['report_invalid', 'weak_signal', 'insufficient_net_edge']"
2025-07-14 00:00:00-04:00,GOOG,stock flow + macro overlay favors long exposure,flat,,0.0,0.9671771891224177,0.9642857142857144,0.2897194355112198,0.0,False,"['report_invalid', 'weak_signal', 'insufficient_net_edge']"
2025-07-14 00:00:00-04:00,MCD,stock flow + macro overlay favors long exposure,flat,,0.0,0.9671771891224177,0.9642857142857144,0.2897194355112198,0.0,False,"['report_invalid', 'weak_signal', 'insufficient_net_edge']"
2025-07-14 00:00:00-04:00,NVDA,stock flow + macro overlay favors long exposure,flat,,0.0,0.9671771891224177,0.9642857142857144,0.2897194355112198,0.0,False,"['report_invalid', 'weak_signal', 'insufficient_net_edge']"
2025-07-14 00:00:00-04:00,SPY,stock flow + macro overlay favors long exposure,flat,,0.0,0.9671771891224177,0.9642857142857144,0.2897194355112198,0.0,False,"['report_invalid', 'weak_signal', 'insufficient_net_edge']"
2025-07-14 00:00:00-04:00,TSLA,stock flow + macro overlay favors long exposure,flat,,0.0,0.9671771891224177,0.9642857142857144,0.2897194355112198,0.0,False,"['report_invalid', 'weak_signal', 'insufficient_net_edge']"
2025-07-15 00:00:00-04:00,AUDUSD,forex flow + macro overlay favors long exposure,flat,,-0.7172056704582132,0.96903927305105,1.0,0.4746573085722108,0.0,False,"['weak_signal', 'insufficient_net_edge']"
2025-07-15 00:00:00-04:00,SOL,crypto flow + macro overlay favors long exposure,flat,,-0.56308998344819,0.96903927305105,1.0,0.436128386819705,0.0,False,"['weak_signal', 'insufficient_net_edge']"
2025-07-15 00:00:00-04:00,SILVER,metal flow + macro overlay favors long exposure,flat,,-0.5533139713652907,0.96903927305105,1.0,0.4336843837989802,0.0,False,"['weak_signal', 'insufficient_net_edge']"
2025-07-15 00:00:00-04:00,GOOG,stock flow + macro overlay favors long exposure,flat,,0.4389956009605794,0.96903927305105,1.0,0.4051047911978023,0.0,False,"['weak_signal', 'insufficient_net_edge']"
2025-07-15 00:00:00-04:00,BTC,crypto flow + macro overlay favors long exposure,flat,,-0.31100672890580217,0.96903927305105,1.0,0.37310757318410803,0.0,False,"['weak_signal', 'insufficient_net_edge']"
2025-07-15 00:00:00-04:00,SPY,stock flow + macro overlay favors long exposure,flat,,0.3067819852532332,0.96903927305105,1.0,0.37205138727096576,0.0,False,"['weak_signal', 'insufficient_net_edge']"
2025-07-15 00:00:00-04:00,MCD,stock flow + macro overlay favors long exposure,flat,,0.26939206319303743,0.96903927305105,1.0,0.36270390675591685,0.0,False,"['weak_signal', 'insufficient_net_edge']"
2025-07-15 00:00:00-04:00,EURUSD,forex flow + macro overlay favors long exposure,flat,,-0.26761531827166035,0.96903927305105,1.0,0.36225972052557254,0.0,False,"['weak_signal', 'insufficient_net_edge']"
2025-07-15 00:00:00-04:00,COPPER,metal flow + macro overlay favors long exposure,flat,,-0.2587087020385171,0.96903927305105,1.0,0.3600330664672867,0.0,False,"['weak_signal', 'insufficient_net_edge']"
2025-07-15 00:00:00-04:00,XRP,crypto flow + macro overlay favors long exposure,flat,,0.25392686713577794,0.96903927305105,1.0,0.358837607741602,0.0,False,"['weak_signal', 'insufficient_net_edge']"
2025-07-15 00:00:00-04:00,TSLA,stock flow + macro overlay favors long exposure,flat,,0.2492634445439409,0.96903927305105,1.0,0.3576717520936427,0.0,False,"['weak_signal', 'insufficient_net_edge']"
2025-07-15 00:00:00-04:00,NVDA,stock flow + macro overlay favors long exposure,flat,,-0.2346704625504727,0.96903927305105,1.0,0.3540235065952757,0.0,False,"['weak_signal', 'insufficient_net_edge']"
2025-07-15 00:00:00-04:00,ETH,crypto flow + macro overlay favors long exposure,flat,,-0.20805855851267213,0.96903927305105,1.0,0.34737053058582557,0.0,False,"['weak_signal', 'insufficient_net_edge']"
2025-07-15 00:00:00-04:00,GOLD,metal flow + macro overlay favors long exposure,flat,,-0.03372194530383932,0.96903927305105,1.0,0.30378637728361735,0.0,False,"['weak_signal', 'insufficient_net_edge']"
2025-07-16 00:00:00-04:00,ETH,crypto flow + macro overlay favors long exposure,flat,,0.7045249781637135,0.9747545437505163,1.0,0.4723444261035058,0.0,False,"['weak_signal', 'insufficient_net_edge']"
2025-07-16 00:00:00-04:00,XRP,crypto flow + macro overlay favors long exposure,flat,,0.6718410736560019,0.9747545437505163,1.0,0.46417344997657795,0.0,False,"['weak_signal', 'insufficient_net_edge']"
2025-07-16 00:00:00-04:00,SOL,crypto flow + macro overlay favors long exposure,flat,,0.19729264507399796,0.9747545437505163,1.0,0.3455363428310769,0.0,False,"['weak_signal', 'insufficient_net_edge']"
2025-07-16 00:00:00-04:00,BTC,crypto flow + macro overlay favors long exposure,flat,,-0.09398972005784756,0.9747545437505163,1.0,0.3197106115770393,0.0,False,"['weak_signal', 'insufficient_net_edge']"
2025-07-16 00:00:00-04:00,AUDUSD,forex flow + macro overlay favors short exposure,flat,,0.0,0.9747545437505163,1.0,0.2962131815625774,0.0,False,"['weak_signal', 'insufficient_net_edge']"
2025-07-16 00:00:00-04:00,COPPER,metal flow + macro overlay favors long exposure,flat,,0.0,0.9747545437505163,1.0,0.2962131815625774,0.0,False,"['weak_signal', 'insufficient_net_edge']"
2025-07-16 00:00:00-04:00,EURUSD,forex flow + macro overlay favors short exposure,flat,,0.0,0.9747545437505163,1.0,0.2962131815625774,0.0,False,"['weak_signal', 'insufficient_net_edge']"
2025-07-16 00:00:00-04:00,GOLD,metal flow + macro overlay favors long exposure,flat,,0.0,0.9747545437505163,1.0,0.2962131815625774,0.0,False,"['weak_signal', 'insufficient_net_edge']"
2025-07-16 00:00:00-04:00,GOOG,stock flow + macro overlay favors long exposure,flat,,0.0,0.9747545437505163,1.0,0.2962131815625774,0.0,False,"['weak_signal', 'insufficient_net_edge']"
2025-07-16 00:00:00-04:00,MCD,stock flow + macro overlay favors long exposure,flat,,0.0,0.9747545437505163,1.0,0.2962131815625774,0.0,False,"['weak_signal', 'insufficient_net_edge']"
2025-07-16 00:00:00-04:00,NVDA,stock flow + macro overlay favors long exposure,flat,,0.0,0.9747545437505163,1.0,0.2962131815625774,0.0,False,"['weak_signal', 'insufficient_net_edge']"
2025-07-16 00:00:00-04:00,SILVER,metal flow + macro overlay favors long exposure,flat,,0.0,0.9747545437505163,1.0,0.2962131815625774,0.0,False,"['weak_signal', 'insufficient_net_edge']"
2025-07-16 00:00:00-04:00,SPY,stock flow + macro overlay favors long exposure,flat,,0.0,0.9747545437505163,1.0,0.2962131815625774,0.0,False,"['weak_signal', 'insufficient_net_edge']"
2025-07-16 00:00:00-04:00,TSLA,stock flow + macro overlay favors long exposure,flat,,0.0,0.9747545437505163,1.0,0.2962131815625774,0.0,False,"['weak_signal', 'insufficient_net_edge']"
2025-07-17 00:00:00-04:00,AUDUSD,forex flow + macro overlay favors short exposure,flat,,-0.7482702215665504,0.9713192082533899,1.0,0.4827654366296461,0.0,False,"['weak_signal', 'insufficient_net_edge']"
2025-07-17 00:00:00-04:00,ETH,crypto flow + macro overlay favors long exposure,flat,,0.7451360873775551,0.9713192082533899,1.0,0.4819819030823973,0.0,False,"['weak_signal', 'insufficient_net_edge']"
2025-07-17 00:00:00-04:00,SILVER,metal flow + macro overlay favors long exposure,flat,,-0.7270166980439958,0.9713192082533899,1.0,0.4774520557490074,0.0,False,"['weak_signal', 'insufficient_net_edge']"
2025-07-17 00:00:00-04:00,EURUSD,forex flow + macro overlay favors short exposure,flat,,-0.690094001347273,0.9713192082533899,1.0,0.46822138157482673,0.0,False,"['weak_signal', 'insufficient_net_edge']"
2025-07-17 00:00:00-04:00,BTC,crypto flow + macro overlay favors long exposure,flat,,-0.6357680939841073,0.9713192082533899,1.0,0.45463990473403526,0.0,False,"['weak_signal', 'insufficient_net_edge']"
2025-07-17 00:00:00-04:00,GOLD,metal flow + macro overlay favors long exposure,flat,,-0.6043228180473375,0.9713192082533899,1.0,0.44677858574984286,0.0,False,"['weak_signal', 'insufficient_net_edge']"
2025-07-17 00:00:00-04:00,XRP,crypto flow + macro overlay favors long exposure,flat,,0.5453053504941912,0.9713192082533899,1.0,0.4320242188615563,0.0,False,"['weak_signal', 'insufficient_net_edge']"
2025-07-17 00:00:00-04:00,SOL,crypto flow + macro overlay favors long exposure,flat,,0.2814442184462713,0.9713192082533899,1.0,0.3660589358495763,0.0,False,"['weak_signal', 'insufficient_net_edge']"
2025-07-17 00:00:00-04:00,COPPER,metal flow + macro overlay favors long exposure,flat,,-0.17957263710463356,0.9713192082533899,1.0,0.3405910405141669,0.0,False,"['weak_signal', 'insufficient_net_edge']"
2025-07-17 00:00:00-04:00,GOOG,stock flow + macro overlay favors long exposure,flat,,0.0,0.9713192082533899,1.0,0.29569788123800844,0.0,False,"['weak_signal', 'insufficient_net_edge']"
2025-07-17 00:00:00-04:00,MCD,stock flow + macro overlay favors long exposure,flat,,0.0,0.9713192082533899,1.0,0.29569788123800844,0.0,False,"['weak_signal', 'insufficient_net_edge']"
2025-07-17 00:00:00-04:00,NVDA,stock flow + macro overlay favors long exposure,flat,,0.0,0.9713192082533899,1.0,0.29569788123800844,0.0,False,"['weak_signal', 'insufficient_net_edge']"
2025-07-17 00:00:00-04:00,SPY,stock flow + macro overlay favors long exposure,flat,,0.0,0.9713192082533899,1.0,0.29569788123800844,0.0,False,"['weak_signal', 'insufficient_net_edge']"
2025-07-17 00:00:00-04:00,TSLA,stock flow + macro overlay favors long exposure,flat,,0.0,0.9713192082533899,1.0,0.29569788123800844,0.0,False,"['weak_signal', 'insufficient_net_edge']"
2025-07-18 00:00:00-04:00,ETH,crypto flow + macro overlay favors long exposure,flat,,0.7499928363354842,0.9689727953225066,1.0,0.482844128382247,0.0,False,"['weak_signal', 'insufficient_net_edge']"
2025-07-18 00:00:00-04:00,XRP,crypto flow + macro overlay favors long exposure,flat,,0.7499668808500567,0.9689727953225066,1.0,0.4828376395108902,0.0,False,"['weak_signal', 'insufficient_net_edge']"
2025-07-18 00:00:00-04:00,SOL,crypto flow + macro overlay favors long exposure,flat,,0.749679990104072,0.9689727953225066,1.0,0.48276591682439396,0.0,False,"['weak_signal', 'insufficient_net_edge']"
2025-07-18 00:00:00-04:00,NVDA,stock flow + macro overlay favors long exposure,flat,,0.7478342052582423,0.9689727953225066,1.0,0.4823044706129366,0.0,False,"['weak_signal', 'insufficient_net_edge']"
2025-07-18 00:00:00-04:00,AUDUSD,forex flow + macro overlay favors short exposure,flat,,-0.7266430339106008,0.9689727953225066,1.0,0.47700667777602623,0.0,False,"['weak_signal', 'insufficient_net_edge']"
2025-07-18 00:00:00-04:00,EURUSD,forex flow + macro overlay favors short exposure,flat,,-0.7169721370883492,0.9689727953225066,1.0,0.47458895357046327,0.0,False,"['weak_signal', 'insufficient_net_edge']"
2025-07-18 00:00:00-04:00,GOOG,stock flow + macro overlay favors long exposure,flat,,0.7008103124078278,0.9689727953225066,1.0,0.4705484974003329,0.0,False,"['weak_signal', 'insufficient_net_edge']"
2025-07-18 00:00:00-04:00,SPY,stock flow + macro overlay favors long exposure,flat,,0.685796940370437,0.9689727953225066,1.0,0.4667951543909853,0.0,False,"['weak_signal', 'insufficient_net_edge']"
2025-07-18 00:00:00-04:00,BTC,crypto flow + macro overlay favors long exposure,flat,,0.681165948745585,0.9689727953225066,1.0,0.46563740648477225,0.0,False,"['weak_signal', 'insufficient_net_edge']"
2025-07-18 00:00:00-04:00,GOLD,metal flow + macro overlay favors long exposure,flat,,-0.6368477923695094,0.9689727953225066,1.0,0.4545578673907533,0.0,False,"['weak_signal', 'insufficient_net_edge']"
2025-07-18 00:00:00-04:00,TSLA,stock flow + macro overlay favors long exposure,flat,,0.2552121967004188,0.9689727953225066,1.0,0.35914896847348066,0.0,False,"['weak_signal', 'insufficient_net_edge']"
2025-07-18 00:00:00-04:00,MCD,stock flow + macro overlay favors long exposure,flat,,-0.2226940937944668,0.9689727953225066,1.0,0.3510194427469927,0.0,False,"['weak_signal', 'insufficient_net_edge']"
2025-07-18 00:00:00-04:00,SILVER,metal flow + macro overlay favors long exposure,flat,,-0.11275981940365692,0.9689727953225066,1.0,0.3235358741492902,0.0,False,"['weak_signal', 'insufficient_net_edge']"
2025-07-18 00:00:00-04:00,COPPER,metal flow + macro overlay favors long exposure,flat,,0.07375959942617659,0.9689727953225066,1.0,0.3137858191549201,0.0,False,"['weak_signal', 'insufficient_net_edge']"
2025-07-19 00:00:00-04:00,ETH,crypto flow + macro overlay favors long exposure,flat,,0.7497673583608452,0.9753134124474423,1.0,0.48373885145732765,0.0,False,"['weak_signal', 'insufficient_net_edge']"
2025-07-19 00:00:00-04:00,XRP,crypto flow + macro overlay favors long exposure,flat,,0.7490506421967975,0.9753134124474423,1.0,0.4835596724163157,0.0,False,"['weak_signal', 'insufficient_net_edge']"
2025-07-19 00:00:00-04:00,SOL,crypto flow + macro overlay favors long exposure,flat,,0.7462326040232767,0.9753134124474423,1.0,0.4828551628729355,0.0,False,"['weak_signal', 'insufficient_net_edge']"
2025-07-19 00:00:00-04:00,SPY,stock flow + macro overlay favors long exposure,flat,,0.7374452991089828,0.9753134124474423,1.0,0.4806583366443621,0.0,False,"['weak_signal', 'insufficient_net_edge']"
2025-07-19 00:00:00-04:00,TSLA,stock flow + macro overlay favors long exposure,flat,,0.7331123246006137,0.9753134124474423,1.0,0.47957509301726975,0.0,False,"['weak_signal', 'insufficient_net_edge']"
2025-07-19 00:00:00-04:00,GOOG,stock flow + macro overlay favors long exposure,flat,,0.7296133327907834,0.9753134124474423,1.0,0.4787003450648122,0.0,False,"['weak_signal', 'insufficient_net_edge']"
2025-07-19 00:00:00-04:00,AUDUSD,forex flow + macro overlay favors short exposure,flat,,-0.4987992566193332,0.9753134124474423,1.0,0.42099682602194965,0.0,False,"['weak_signal', 'insufficient_net_edge']"
2025-07-19 00:00:00-04:00,NVDA,stock flow + macro overlay favors long exposure,flat,,0.45953331425545574,0.9753134124474423,1.0,0.4111803404309803,0.0,False,"['weak_signal', 'insufficient_net_edge']"
2025-07-19 00:00:00-04:00,MCD,stock flow + macro overlay favors long exposure,flat,,-0.3711201961378038,0.9753134124474423,1.0,0.38907706090156724,0.0,False,"['weak_signal', 'insufficient_net_edge']"
2025-07-19 00:00:00-04:00,GOLD,metal flow + macro overlay favors short exposure,flat,,0.35012564113296896,0.9753134124474423,1.0,0.38382842215035856,0.0,False,"['weak_signal', 'insufficient_net_edge']"
2025-07-19 00:00:00-04:00,SILVER,metal flow + macro overlay favors short exposure,flat,,0.34793629966118994,0.9753134124474423,1.0,0.3832810867824138,0.0,False,"['weak_signal', 'insufficient_net_edge']"
2025-07-19 00:00:00-04:00,BTC,crypto flow + macro overlay favors long exposure,flat,,0.29391854786863414,0.9753134124474423,1.0,0.36977664883427486,0.0,False,"['weak_signal', 'insufficient_net_edge']"
2025-07-19 00:00:00-04:00,COPPER,metal flow + macro overlay favors short exposure,flat,,0.22853722839877216,0.9753134124474423,1.0,0.35343131896680935,0.0,False,"['weak_signal', 'insufficient_net_edge']"
2025-07-19 00:00:00-04:00,EURUSD,forex flow + macro overlay favors short exposure,flat,,-0.10469203476301325,0.9753134124474423,1.0,0.32247002055786966,0.0,False,"['weak_signal', 'insufficient_net_edge']"
2025-07-20 00:00:00-04:00,ETH,crypto flow + macro overlay favors long exposure,flat,,0.7447898652947992,0.9759522771071354,0.9642857142857144,0.47723316503262725,0.0,False,"['report_invalid', 'weak_signal', 'insufficient_net_edge']"
2025-07-20 00:00:00-04:00,XRP,crypto flow + macro overlay favors long exposure,flat,,0.7428359793311609,0.9759522771071354,0.9642857142857144,0.47674469354171767,0.0,False,"['report_invalid', 'weak_signal', 'insufficient_net_edge']"
2025-07-20 00:00:00-04:00,SOL,crypto flow + macro overlay favors long exposure,flat,,0.6918413645866203,0.9759522771071354,0.9642857142857144,0.4639960398555826,0.0,False,"['report_invalid', 'weak_signal', 'insufficient_net_edge']"
2025-07-20 00:00:00-04:00,BTC,crypto flow + macro overlay favors long exposure,flat,,-0.03231468699571462,0.9759522771071354,0.9642857142857144,0.2991143704578561,0.0,False,"['report_invalid', 'weak_signal', 'insufficient_net_edge']"
2025-07-20 00:00:00-04:00,AUDUSD,forex flow + macro overlay favors long exposure,flat,,0.0,0.9759522771071354,0.9642857142857144,0.2910356987089274,0.0,False,"['report_invalid', 'weak_signal', 'insufficient_net_edge']"
2025-07-20 00:00:00-04:00,COPPER,metal flow + macro overlay favors long exposure,flat,,0.0,0.9759522771071354,0.9642857142857144,0.2910356987089274,0.0,False,"['report_invalid', 'weak_signal', 'insufficient_net_edge']"
2025-07-20 00:00:00-04:00,EURUSD,forex flow + macro overlay favors long exposure,flat,,0.0,0.9759522771071354,0.9642857142857144,0.2910356987089274,0.0,False,"['report_invalid', 'weak_signal', 'insufficient_net_edge']"
2025-07-20 00:00:00-04:00,GOLD,metal flow + macro overlay favors long exposure,flat,,0.0,0.9759522771071354,0.9642857142857144,0.2910356987089274,0.0,False,"['report_invalid', 'weak_signal', 'insufficient_net_edge']"
2025-07-20 00:00:00-04:00,GOOG,stock flow + macro overlay favors long exposure,flat,,0.0,0.9759522771071354,0.9642857142857144,0.2910356987089274,0.0,False,"['report_invalid', 'weak_signal', 'insufficient_net_edge']"
2025-07-20 00:00:00-04:00,MCD,stock flow + macro overlay favors long exposure,flat,,0.0,0.9759522771071354,0.9642857142857144,0.2910356987089274,0.0,False,"['report_invalid', 'weak_signal', 'insufficient_net_edge']"
2025-07-20 00:00:00-04:00,NVDA,stock flow + macro overlay favors long exposure,flat,,0.0,0.9759522771071354,0.9642857142857144,0.2910356987089274,0.0,False,"['report_invalid', 'weak_signal', 'insufficient_net_edge']"
2025-07-20 00:00:00-04:00,SILVER,metal flow + macro overlay favors long exposure,flat,,0.0,0.9759522771071354,0.9642857142857144,0.2910356987089274,0.0,False,"['report_invalid', 'weak_signal', 'insufficient_net_edge']"
2025-07-20 00:00:00-04:00,SPY,stock flow + macro overlay favors long exposure,flat,,0.0,0.9759522771071354,0.9642857142857144,0.2910356987089274,0.0,False,"['report_invalid', 'weak_signal', 'insufficient_net_edge']"
2025-07-20 00:00:00-04:00,TSLA,stock flow + macro overlay favors long exposure,flat,,0.0,0.9759522771071354,0.9642857142857144,0.2910356987089274,0.0,False,"['report_invalid', 'weak_signal', 'insufficient_net_edge']"
2025-07-21 00:00:00-04:00,ETH,crypto flow + macro overlay favors long exposure,flat,,0.6692256427736404,0.9701303966964943,0.9642857142857144,0.45746882734074135,0.0,False,"['report_invalid', 'weak_signal', 'insufficient_net_edge']"
2025-07-21 00:00:00-04:00,SOL,crypto flow + macro overlay favors long exposure,flat,,0.6202607891667045,0.9701303966964943,0.9642857142857144,0.44522761393900745,0.0,False,"['report_invalid', 'weak_signal', 'insufficient_net_edge']"
2025-07-21 00:00:00-04:00,GOLD,metal flow + macro overlay favors long exposure,flat,,0.6059888457663429,0.9701303966964943,0.9642857142857144,0.441659628088917,0.0,False,"['report_invalid', 'weak_signal', 'insufficient_net_edge']"
2025-07-21 00:00:00-04:00,BTC,crypto flow + macro overlay favors long exposure,flat,,-0.49578429529382667,0.9701303966964943,0.9642857142857144,0.4141084904707879,0.0,False,"['report_invalid', 'weak_signal', 'insufficient_net_edge']"
2025-07-21 00:00:00-04:00,XRP,crypto flow + macro overlay favors long exposure,flat,,-0.4087388987483974,0.9701303966964943,0.9642857142857144,0.3923471413344306,0.0,False,"['report_invalid', 'weak_signal', 'insufficient_net_edge']"
2025-07-21 00:00:00-04:00,AUDUSD,forex flow + macro overlay favors short exposure,flat,,0.34301407418670565,0.9701303966964943,0.9642857142857144,0.3759159351940077,0.0,False,"['report_invalid', 'weak_signal', 'insufficient_net_edge']"
2025-07-21 00:00:00-04:00,EURUSD,forex flow + macro overlay favors short exposure,flat,,0.27864837969022516,0.9701303966964943,0.9642857142857144,0.3598245115698876,0.0,False,"['report_invalid', 'weak_signal', 'insufficient_net_edge']"
2025-07-21 00:00:00-04:00,COPPER,metal flow + macro overlay favors long exposure,flat,,0.27820059534750785,0.9701303966964943,0.9642857142857144,0.35971256548420827,0.0,False,"['report_invalid', 'weak_signal', 'insufficient_net_edge']"
2025-07-21 00:00:00-04:00,SILVER,metal flow + macro overlay favors long exposure,flat,,0.05995842302646831,0.9701303966964943,0.9642857142857144,0.30515202240394834,0.0,False,"['report_invalid', 'weak_signal', 'insufficient_net_edge']"
2025-07-21 00:00:00-04:00,GOOG,stock flow + macro overlay favors long exposure,flat,,0.0,0.9701303966964943,0.9642857142857144,0.2901624166473313,0.0,False,"['report_invalid', 'weak_signal', 'insufficient_net_edge']"
2025-07-21 00:00:00-04:00,MCD,stock flow + macro overlay favors long exposure,flat,,0.0,0.9701303966964943,0.9642857142857144,0.2901624166473313,0.0,False,"['report_invalid', 'weak_signal', 'insufficient_net_edge']"
2025-07-21 00:00:00-04:00,NVDA,stock flow + macro overlay favors long exposure,flat,,0.0,0.9701303966964943,0.9642857142857144,0.2901624166473313,0.0,False,"['report_invalid', 'weak_signal', 'insufficient_net_edge']"
2025-07-21 00:00:00-04:00,SPY,stock flow + macro overlay favors long exposure,flat,,0.0,0.9701303966964943,0.9642857142857144,0.2901624166473313,0.0,False,"['report_invalid', 'weak_signal', 'insufficient_net_edge']"
2025-07-21 00:00:00-04:00,TSLA,stock flow + macro overlay favors long exposure,flat,,0.0,0.9701303966964943,0.9642857142857144,0.2901624166473313,0.0,False,"['report_invalid', 'weak_signal', 'insufficient_net_edge']"
2025-07-22 00:00:00-04:00,SOL,crypto flow + macro overlay favors long exposure,flat,,0.7490838213517271,0.9637639895276559,1.0,0.4818355537670802,0.0,False,"['weak_signal', 'insufficient_net_edge']"
2025-07-22 00:00:00-04:00,GOOG,stock flow + macro overlay favors long exposure,flat,,0.7488778471402397,0.9637639895276559,1.0,0.4817840602142083,0.0,False,"['weak_signal', 'insufficient_net_edge']"
2025-07-22 00:00:00-04:00,EURUSD,forex flow + macro overlay favors short exposure,flat,,0.738095500908296,0.9637639895276559,1.0,0.4790884736562224,0.0,False,"['weak_signal', 'insufficient_net_edge']"
2025-07-22 00:00:00-04:00,GOLD,metal flow + macro overlay favors long exposure,flat,,0.7347574780771399,0.9637639895276559,1.0,0.47825396794843333,0.0,False,"['weak_signal', 'insufficient_net_edge']"
2025-07-22 00:00:00-04:00,SILVER,metal flow + macro overlay favors long exposure,flat,,0.6190167890074723,0.9637639895276559,1.0,0.4493187956810164,0.0,False,"['weak_signal', 'insufficient_net_edge']"
2025-07-22 00:00:00-04:00,ETH,crypto flow + macro overlay favors long exposure,flat,,0.5848340243858021,0.9637639895276559,1.0,0.4407731045255989,0.0,False,"['weak_signal', 'insufficient_net_edge']"
2025-07-22 00:00:00-04:00,NVDA,stock flow + macro overlay favors long exposure,flat,,-0.4093501259926209,0.9637639895276559,1.0,0.39690212992730356,0.0,False,"['weak_signal', 'insufficient_net_edge']"
2025-07-22 00:00:00-04:00,BTC,crypto flow + macro overlay favors long exposure,flat,,-0.3828373693071888,0.9637639895276559,1.0,0.39027394075594557,0.0,False,"['weak_signal', 'insufficient_net_edge']"
2025-07-22 00:00:00-04:00,MCD,stock flow + macro overlay favors long exposure,flat,,-0.38025534916302695,0.9637639895276559,1.0,0.38962843571990513,0.0,False,"['weak_signal', 'insufficient_net_edge']"
2025-07-22 00:00:00-04:00,AUDUSD,forex flow + macro overlay favors short exposure,flat,,0.3153663352604471,0.9637639895276559,1.0,0.37340618224426014,0.0,False,"['weak_signal', 'insufficient_net_edge']"
2025-07-22 00:00:00-04:00,SPY,stock flow + macro overlay favors long exposure,flat,,0.2731384065923018,0.9637639895276559,1.0,0.3628492000772238,0.0,False,"['weak_signal', 'insufficient_net_edge']"
2025-07-22 00:00:00-04:00,XRP,crypto flow + macro overlay favors long exposure,flat,,0.18086558123865729,0.9637639895276559,1.0,0.33978099373881265,0.0,False,"['weak_signal', 'insufficient_net_edge']"
2025-07-22 00:00:00-04:00,TSLA,stock flow + macro overlay favors long exposure,flat,,-0.15041992346945257,0.9637639895276559,1.0,0.3321695792965115,0.0,False,"['weak_signal', 'insufficient_net_edge']"
2025-07-22 00:00:00-04:00,COPPER,metal flow + macro overlay favors long exposure,flat,,0.030766775851935796,0.9637639895276559,1.0,0.3022562923921323,0.0,False,"['weak_signal', 'insufficient_net_edge']"
2025-07-23 00:00:00-04:00,SOL,crypto flow + macro overlay favors long exposure,flat,,0.7495288689190758,0.9639955628473763,1.0,0.4819815516568754,0.0,False,"['weak_signal', 'insufficient_net_edge']"
2025-07-23 00:00:00-04:00,ETH,crypto flow + macro overlay favors long exposure,flat,,0.4001093327874056,0.9639955628473763,1.0,0.3946266676239578,0.0,False,"['weak_signal', 'insufficient_net_edge']"
2025-07-23 00:00:00-04:00,BTC,crypto flow + macro overlay favors long exposure,flat,,0.2446182176256828,0.9639955628473763,1.0,0.3557538888335271,0.0,False,"['weak_signal', 'insufficient_net_edge']"
2025-07-23 00:00:00-04:00,XRP,crypto flow + macro overlay favors long exposure,flat,,0.24378856767237067,0.9639955628473763,1.0,0.3555464763451991,0.0,False,"['weak_signal', 'insufficient_net_edge']"
2025-07-23 00:00:00-04:00,AUDUSD,forex flow + macro overlay favors long exposure,flat,,0.0,0.9639955628473763,1.0,0.2945993344271064,0.0,False,"['weak_signal', 'insufficient_net_edge']"
2025-07-23 00:00:00-04:00,COPPER,metal flow + macro overlay favors long exposure,flat,,0.0,0.9639955628473763,1.0,0.2945993344271064,0.0,False,"['weak_signal', 'insufficient_net_edge']"
2025-07-23 00:00:00-04:00,EURUSD,forex flow + macro overlay favors long exposure,flat,,0.0,0.9639955628473763,1.0,0.2945993344271064,0.0,False,"['weak_signal', 'insufficient_net_edge']"
2025-07-23 00:00:00-04:00,GOLD,metal flow + macro overlay favors long exposure,flat,,0.0,0.9639955628473763,1.0,0.2945993344271064,0.0,False,"['weak_signal', 'insufficient_net_edge']"
2025-07-23 00:00:00-04:00,GOOG,stock flow + macro overlay favors long exposure,flat,,0.0,0.9639955628473763,1.0,0.2945993344271064,0.0,False,"['weak_signal', 'insufficient_net_edge']"
2025-07-23 00:00:00-04:00,MCD,stock flow + macro overlay favors long exposure,flat,,0.0,0.9639955628473763,1.0,0.2945993344271064,0.0,False,"['weak_signal', 'insufficient_net_edge']"
2025-07-23 00:00:00-04:00,NVDA,stock flow + macro overlay favors long exposure,flat,,0.0,0.9639955628473763,1.0,0.2945993344271064,0.0,False,"['weak_signal', 'insufficient_net_edge']"
2025-07-23 00:00:00-04:00,SILVER,metal flow + macro overlay favors long exposure,flat,,0.0,0.9639955628473763,1.0,0.2945993344271064,0.0,False,"['weak_signal', 'insufficient_net_edge']"
2025-07-23 00:00:00-04:00,SPY,stock flow + macro overlay favors long exposure,flat,,0.0,0.9639955628473763,1.0,0.2945993344271064,0.0,False,"['weak_signal', 'insufficient_net_edge']"
2025-07-23 00:00:00-04:00,TSLA,stock flow + macro overlay favors long exposure,flat,,0.0,0.9639955628473763,1.0,0.2945993344271064,0.0,False,"['weak_signal', 'insufficient_net_edge']"
2025-07-24 00:00:00-04:00,AUDUSD,forex flow + macro overlay favors long exposure,flat,,0.749633975676712,0.9680319597576571,1.0,0.48261328788282654,0.0,False,"['weak_signal', 'insufficient_net_edge']"
2025-07-24 00:00:00-04:00,EURUSD,forex flow + macro overlay favors long exposure,flat,,0.749596693634627,0.9680319597576571,1.0,0.48260396737230526,0.0,False,"['weak_signal', 'insufficient_net_edge']"
2025-07-24 00:00:00-04:00,XRP,crypto flow + macro overlay favors long exposure,flat,,-0.6723875206286474,0.9680319597576571,1.0,0.46330167412081036,0.0,False,"['weak_signal', 'insufficient_net_edge']"
2025-07-24 00:00:00-04:00,SILVER,metal flow + macro overlay favors long exposure,flat,,0.6500139296800542,0.9680319597576571,1.0,0.45770827638366207,0.0,False,"['weak_signal', 'insufficient_net_edge']"
2025-07-24 00:00:00-04:00,COPPER,metal flow + macro overlay favors long exposure,flat,,0.6486851116125624,0.9680319597576571,1.0,0.4573760718667892,0.0,False,"['weak_signal', 'insufficient_net_edge']"
2025-07-24 00:00:00-04:00,GOLD,metal flow + macro overlay favors long exposure,flat,,0.5255566517525712,0.9680319597576571,1.0,0.42659395690179136,0.0,False,"['weak_signal', 'insufficient_net_edge']"
2025-07-24 00:00:00-04:00,ETH,crypto flow + macro overlay favors long exposure,flat,,-0.521366748624645,0.9680319597576571,1.0,0.42554648111980986,0.0,False,"['weak_signal', 'insufficient_net_edge']"
2025-07-24 00:00:00-04:00,SOL,crypto flow + macro overlay favors long exposure,flat,,0.3210367025467671,0.9680319597576571,1.0,0.37546396960034034,0.0,False,"['weak_signal', 'insufficient_net_edge']"
2025-07-24 00:00:00-04:00,BTC,crypto flow + macro overlay favors long exposure,flat,,0.02260877867318425,0.9680319597576571,1.0,0.3008569886319446,0.0,False,"['weak_signal', 'insufficient_net_edge']"
2025-07-24 00:00:00-04:00,GOOG,stock flow + macro overlay favors long exposure,flat,,0.0,0.9680319597576571,1.0,0.2952047939636485,0.0,False,"['weak_signal', 'insufficient_net_edge']"
2025-07-24 00:00:00-04:00,MCD,stock flow + macro overlay favors long exposure,flat,,0.0,0.9680319597576571,1.0,0.2952047939636485,0.0,False,"['weak_signal', 'insufficient_net_edge']"
2025-07-24 00:00:00-04:00,NVDA,stock flow + macro overlay favors long exposure,flat,,0.0,0.9680319597576571,1.0,0.2952047939636485,0.0,False,"['weak_signal', 'insufficient_net_edge']"
2025-07-24 00:00:00-04:00,SPY,stock flow + macro overlay favors long exposure,flat,,0.0,0.9680319597576571,1.0,0.2952047939636485,0.0,False,"['weak_signal', 'insufficient_net_edge']"
2025-07-24 00:00:00-04:00,TSLA,stock flow + macro overlay favors long exposure,flat,,0.0,0.9680319597576571,1.0,0.2952047939636485,0.0,False,"['weak_signal', 'insufficient_net_edge']"
2025-07-25 00:00:00-04:00,SOL,crypto flow + macro overlay favors long exposure,flat,,-0.7443308724306754,0.9815001570526858,1.0,0.4833077416655718,0.0,False,"['weak_signal', 'insufficient_net_edge']"
2025-07-25 00:00:00-04:00,SPY,stock flow + macro overlay favors long exposure,flat,,0.7337779318613427,0.9815001570526858,1.0,0.4806695065232386,0.0,False,"['weak_signal', 'insufficient_net_edge']"
2025-07-25 00:00:00-04:00,TSLA,stock flow + macro overlay favors long exposure,flat,,-0.7265660829371151,0.9815001570526858,1.0,0.4788665442921817,0.0,False,"['weak_signal', 'insufficient_net_edge']"
2025-07-25 00:00:00-04:00,XRP,crypto flow + macro overlay favors long exposure,flat,,-0.7259282373244124,0.9815001570526858,1.0,0.478707082889006,0.0,False,"['weak_signal', 'insufficient_net_edge']"
2025-07-25 00:00:00-04:00,AUDUSD,forex flow + macro overlay favors short exposure,flat,,0.7080983375565193,0.9815001570526858,1.0,0.47424960794703275,0.0,False,"['weak_signal', 'insufficient_net_edge']"
2025-07-25 00:00:00-04:00,GOLD,metal flow + macro overlay favors long exposure,flat,,-0.6749582184578661,0.9815001570526858,1.0,0.46596457817236936,0.0,False,"['weak_signal', 'insufficient_net_edge']"
2025-07-25 00:00:00-04:00,EURUSD,forex flow + macro overlay favors short exposure,flat,,0.6681569487374284,0.9815001570526858,1.0,0.46426426074226,0.0,False,"['weak_signal', 'insufficient_net_edge']"
2025-07-25 00:00:00-04:00,GOOG,stock flow + macro overlay favors long exposure,flat,,0.6258031466512224,0.9815001570526858,1.0,0.45367581022070846,0.0,False,"['weak_signal', 'insufficient_net_edge']"
2025-07-25 00:00:00-04:00,COPPER,metal flow + macro overlay favors long exposure,flat,,0.5847900542170239,0.9815001570526858,1.0,0.44342253711215884,0.0,False,"['weak_signal', 'insufficient_net_edge']"
2025-07-25 00:00:00-04:00,ETH,crypto flow + macro overlay favors long exposure,flat,,-0.5648488745053382,0.9815001570526858,1.0,0.4384372421842374,0.0,False,"['weak_signal', 'insufficient_net_edge']"
2025-07-25 00:00:00-04:00,NVDA,stock flow + macro overlay favors long exposure,flat,,0.5508766903385516,0.9815001570526858,1.0,0.43494419614254076,0.0,False,"['weak_signal', 'insufficient_net_edge']"
2025-07-25 00:00:00-04:00,BTC,crypto flow + macro overlay favors long exposure,flat,,-0.509741408592658,0.9815001570526858,1.0,0.4246603757060674,0.0,False,"['weak_signal', 'insufficient_net_edge']"
2025-07-25 00:00:00-04:00,MCD,stock flow + macro overlay favors long exposure,flat,,-0.2825357996644659,0.9815001570526858,1.0,0.3678589734740193,0.0,False,"['weak_signal', 'insufficient_net_edge']"
2025-07-25 00:00:00-04:00,SILVER,metal flow + macro overlay favors long exposure,flat,,0.14729892951431486,0.9815001570526858,1.0,0.33404975593648156,0.0,False,"['weak_signal', 'insufficient_net_edge']"
2025-07-26 00:00:00-04:00,GOLD,metal flow + macro overlay favors long exposure,flat,,-0.7485535849933566,0.981704605871939,1.0,0.48439408712913,0.0,False,"['weak_signal', 'insufficient_net_edge']"
2025-07-26 00:00:00-04:00,SPY,stock flow + macro overlay favors long exposure,flat,,0.7411700726013727,0.981704605871939,1.0,0.48254820903113405,0.0,False,"['weak_signal', 'insufficient_net_edge']"
2025-07-26 00:00:00-04:00,NVDA,stock flow + macro overlay favors long exposure,flat,,0.7308214605228114,0.981704605871939,1.0,0.47996105601149375,0.0,False,"['weak_signal', 'insufficient_net_edge']"
2025-07-26 00:00:00-04:00,SILVER,metal flow + macro overlay favors long exposure,flat,,-0.7261887645304735,0.981704605871939,1.0,0.47880288201340926,0.0,False,"['weak_signal', 'insufficient_net_edge']"
2025-07-26 00:00:00-04:00,SOL,crypto flow + macro overlay favors long exposure,flat,,-0.7195796225525708,0.981704605871939,1.0,0.47715059651893355,0.0,False,"['weak_signal', 'insufficient_net_edge']"
2025-07-26 00:00:00-04:00,XRP,crypto flow + macro overlay favors long exposure,flat,,-0.7078036531302735,0.981704605871939,1.0,0.47420660416335925,0.0,False,"['weak_signal', 'insufficient_net_edge']"
2025-07-26 00:00:00-04:00,TSLA,stock flow + macro overlay favors long exposure,flat,,-0.6832371492886236,0.981704605871939,1.0,0.4680649782029468,0.0,False,"['weak_signal', 'insufficient_net_edge']"
2025-07-26 00:00:00-04:00,GOOG,stock flow + macro overlay favors long exposure,flat,,0.5416595950023833,0.981704605871939,1.0,0.4326705896313867,0.0,False,"['weak_signal', 'insufficient_net_edge']"
2025-07-26 00:00:00-04:00,BTC,crypto flow + macro overlay favors long exposure,flat,,-0.34648092823579296,0.981704605871939,1.0,0.38387592293973904,0.0,False,"['weak_signal', 'insufficient_net_edge']"
2025-07-26 00:00:00-04:00,MCD,stock flow + macro overlay favors long exposure,flat,,-0.173043414494308,0.981704605871939,1.0,0.34051654450436786,0.0,False,"['weak_signal', 'insufficient_net_edge']"
2025-07-26 00:00:00-04:00,EURUSD,forex flow + macro overlay favors long exposure,flat,,0.11590123510857672,0.981704605871939,1.0,0.326230999657935,0.0,False,"['weak_signal', 'insufficient_net_edge']"
2025-07-26 00:00:00-04:00,ETH,crypto flow + macro overlay favors long exposure,flat,,0.05520309766458517,0.981704605871939,1.0,0.31105646529693715,0.0,False,"['weak_signal', 'insufficient_net_edge']"
2025-07-26 00:00:00-04:00,COPPER,metal flow + macro overlay favors long exposure,flat,,0.0399956363852246,0.981704605871939,1.0,0.30725459997709703,0.0,False,"['weak_signal', 'insufficient_net_edge']"
2025-07-26 00:00:00-04:00,AUDUSD,forex flow + macro overlay favors long exposure,flat,,-0.011193060518115727,0.981704605871939,1.0,0.3000539560103198,0.0,False,"['weak_signal', 'insufficient_net_edge']"
2025-07-27 00:00:00-04:00,ETH,crypto flow + macro overlay favors long exposure,flat,,0.5791968517720569,0.9845203700955844,0.9642857142857144,0.4371201256002091,0.0,False,"['report_invalid', 'weak_signal', 'insufficient_net_edge']"
2025-07-27 00:00:00-04:00,SOL,crypto flow + macro overlay favors long exposure,flat,,-0.2582677313266702,0.9845203700955844,0.9642857142857144,0.3568878454888623,0.0,False,"['report_invalid', 'weak_signal', 'insufficient_net_edge']"
2025-07-27 00:00:00-04:00,BTC,crypto flow + macro overlay favors long exposure,flat,,-0.08604707167504536,0.9845203700955844,0.9642857142857144,0.31383268057595615,0.0,False,"['report_invalid', 'weak_signal', 'insufficient_net_edge']"
2025-07-27 00:00:00-04:00,XRP,crypto flow + macro overlay favors long exposure,flat,,0.04255356222047227,0.9845203700955844,0.9642857142857144,0.3029593032123129,0.0,False,"['report_invalid', 'weak_signal', 'insufficient_net_edge']"
2025-07-27 00:00:00-04:00,AUDUSD,forex flow + macro overlay favors long exposure,flat,,0.0,0.9845203700955844,0.9642857142857144,0.29232091265719484,0.0,False,"['report_invalid', 'weak_signal', 'insufficient_net_edge']"
2025-07-27 00:00:00-04:00,COPPER,metal flow + macro overlay favors long exposure,flat,,0.0,0.9845203700955844,0.9642857142857144,0.29232091265719484,0.0,False,"['report_invalid', 'weak_signal', 'insufficient_net_edge']"
2025-07-27 00:00:00-04:00,EURUSD,forex flow + macro overlay favors long exposure,flat,,0.0,0.9845203700955844,0.9642857142857144,0.29232091265719484,0.0,False,"['report_invalid', 'weak_signal', 'insufficient_net_edge']"
2025-07-27 00:00:00-04:00,GOLD,metal flow + macro overlay favors long exposure,flat,,0.0,0.9845203700955844,0.9642857142857144,0.29232091265719484,0.0,False,"['report_invalid', 'weak_signal', 'insufficient_net_edge']"
2025-07-27 00:00:00-04:00,GOOG,stock flow + macro overlay favors long exposure,flat,,0.0,0.9845203700955844,0.9642857142857144,0.29232091265719484,0.0,False,"['report_invalid', 'weak_signal', 'insufficient_net_edge']"
2025-07-27 00:00:00-04:00,MCD,stock flow + macro overlay favors long exposure,flat,,0.0,0.9845203700955844,0.9642857142857144,0.29232091265719484,0.0,False,"['report_invalid', 'weak_signal', 'insufficient_net_edge']"
2025-07-27 00:00:00-04:00,NVDA,stock flow + macro overlay favors long exposure,flat,,0.0,0.9845203700955844,0.9642857142857144,0.29232091265719484,0.0,False,"['report_invalid', 'weak_signal', 'insufficient_net_edge']"
2025-07-27 00:00:00-04:00,SILVER,metal flow + macro overlay favors long exposure,flat,,0.0,0.9845203700955844,0.9642857142857144,0.29232091265719484,0.0,False,"['report_invalid', 'weak_signal', 'insufficient_net_edge']"
2025-07-27 00:00:00-04:00,SPY,stock flow + macro overlay favors long exposure,flat,,0.0,0.9845203700955844,0.9642857142857144,0.29232091265719484,0.0,False,"['report_invalid', 'weak_signal', 'insufficient_net_edge']"
2025-07-27 00:00:00-04:00,TSLA,stock flow + macro overlay favors long exposure,flat,,0.0,0.9845203700955844,0.9642857142857144,0.29232091265719484,0.0,False,"['report_invalid', 'weak_signal', 'insufficient_net_edge']"
2025-07-28 00:00:00-04:00,ETH,crypto flow + macro overlay favors long exposure,flat,,0.7376832756314338,0.9793234561276393,0.9642857142857144,0.47596219446986154,0.0,False,"['report_invalid', 'weak_signal', 'insufficient_net_edge']"
2025-07-28 00:00:00-04:00,SOL,crypto flow + macro overlay favors long exposure,flat,,0.7362364651520645,0.9793234561276393,0.9642857142857144,0.4756004918500192,0.0,False,"['report_invalid', 'weak_signal', 'insufficient_net_edge']"
2025-07-28 00:00:00-04:00,BTC,crypto flow + macro overlay favors long exposure,flat,,0.7163877574398916,0.9793234561276393,0.9642857142857144,0.47063831492197594,0.0,False,"['report_invalid', 'weak_signal', 'insufficient_net_edge']"
2025-07-28 00:00:00-04:00,SILVER,metal flow + macro overlay favors long exposure,flat,,-0.6513600308646685,0.9793234561276393,0.9642857142857144,0.45438138327817024,0.0,False,"['report_invalid', 'weak_signal', 'insufficient_net_edge']"
2025-07-28 00:00:00-04:00,XRP,crypto flow + macro overlay favors long exposure,flat,,0.5911582774882163,0.9793234561276393,0.9642857142857144,0.4393309449340571,0.0,False,"['report_invalid', 'weak_signal', 'insufficient_net_edge']"
2025-07-28 00:00:00-04:00,GOLD,metal flow + macro overlay favors long exposure,flat,,-0.5142813454346404,0.9793234561276393,0.9642857142857144,0.4201117119206632,0.0,False,"['report_invalid', 'weak_signal', 'insufficient_net_edge']"
2025-07-28 00:00:00-04:00,AUDUSD,forex flow + macro overlay favors long exposure,flat,,-0.1415886461047136,0.9793234561276393,0.9642857142857144,0.32693853708818144,0.0,False,"['report_invalid', 'weak_signal', 'insufficient_net_edge']"
2025-07-28 00:00:00-04:00,EURUSD,forex flow + macro overlay favors long exposure,flat,,0.14144508864688213,0.9793234561276393,0.9642857142857144,0.32690264772372357,0.0,False,"['report_invalid', 'weak_signal', 'insufficient_net_edge']"
2025-07-28 00:00:00-04:00,COPPER,metal flow + macro overlay favors long exposure,flat,,-0.065924862975647,0.9793234561276393,0.9642857142857144,0.3080225913059148,0.0,False,"['report_invalid', 'weak_signal', 'insufficient_net_edge']"
2025-07-28 00:00:00-04:00,GOOG,stock flow + macro overlay favors long exposure,flat,,0.0,0.9793234561276393,0.9642857142857144,0.29154137556200305,0.0,False,"['report_invalid', 'weak_signal', 'insufficient_net_edge']"
2025-07-28 00:00:00-04:00,MCD,stock flow + macro overlay favors long exposure,flat,,0.0,0.9793234561276393,0.9642857142857144,0.29154137556200305,0.0,False,"['report_invalid', 'weak_signal', 'insufficient_net_edge']"
2025-07-28 00:00:00-04:00,NVDA,stock flow + macro overlay favors long exposure,flat,,0.0,0.9793234561276393,0.9642857142857144,0.29154137556200305,0.0,False,"['report_invalid', 'weak_signal', 'insufficient_net_edge']"
2025-07-28 00:00:00-04:00,SPY,stock flow + macro overlay favors long exposure,flat,,0.0,0.9793234561276393,0.9642857142857144,0.29154137556200305,0.0,False,"['report_invalid', 'weak_signal', 'insufficient_net_edge']"
2025-07-28 00:00:00-04:00,TSLA,stock flow + macro overlay favors long exposure,flat,,0.0,0.9793234561276393,0.9642857142857144,0.29154137556200305,0.0,False,"['report_invalid', 'weak_signal', 'insufficient_net_edge']"
2025-07-29 00:00:00-04:00,EURUSD,forex flow + macro overlay favors short exposure,flat,,-0.7438819138079478,0.9715185311023183,1.0,0.4816982581173347,0.0,False,"['weak_signal', 'insufficient_net_edge']"
2025-07-29 00:00:00-04:00,COPPER,metal flow + macro overlay favors short exposure,flat,,-0.7340349548953345,0.9715185311023183,1.0,0.47923651838918135,0.0,False,"['weak_signal', 'insufficient_net_edge']"
2025-07-29 00:00:00-04:00,AUDUSD,forex flow + macro overlay favors short exposure,flat,,-0.6641114056854405,0.9715185311023183,1.0,0.4617556310867079,0.0,False,"['weak_signal', 'insufficient_net_edge']"
2025-07-29 00:00:00-04:00,NVDA,stock flow + macro overlay favors long exposure,flat,,0.6488483229746624,0.9715185311023183,1.0,0.45793986040901336,0.0,False,"['weak_signal', 'insufficient_net_edge']"
2025-07-29 00:00:00-04:00,GOLD,metal flow + macro overlay favors short exposure,flat,,-0.5378908347524907,0.9715185311023183,1.0,0.43020048835347047,0.0,False,"['weak_signal', 'insufficient_net_edge']"
2025-07-29 00:00:00-04:00,TSLA,stock flow + macro overlay favors long exposure,flat,,0.5123136380326323,0.9715185311023183,1.0,0.4238061891735059,0.0,False,"['weak_signal', 'insufficient_net_edge']"
2025-07-29 00:00:00-04:00,BTC,crypto flow + macro overlay favors long exposure,flat,,0.41933802479600446,0.9715185311023183,1.0,0.40056228586434883,0.0,False,"['weak_signal', 'insufficient_net_edge']"
2025-07-29 00:00:00-04:00,GOOG,stock flow + macro overlay favors long exposure,flat,,-0.3934828359283794,0.9715185311023183,1.0,0.39409848864744257,0.0,False,"['weak_signal', 'insufficient_net_edge']"
2025-07-29 00:00:00-04:00,ETH,crypto flow + macro overlay favors long exposure,flat,,0.30348202672086316,0.9715185311023183,1.0,0.3715982863455636,0.0,False,"['weak_signal', 'insufficient_net_edge']"
2025-07-29 00:00:00-04:00,MCD,stock flow + macro overlay favors long exposure,flat,,0.25054441460238736,0.9715185311023183,1.0,0.3583638833159446,0.0,False,"['weak_signal', 'insufficient_net_edge']"
2025-07-29 00:00:00-04:00,SOL,crypto flow + macro overlay favors long exposure,flat,,-0.13109244764741845,0.9715185311023183,1.0,0.32850089157720236,0.0,False,"['weak_signal', 'insufficient_net_edge']"
2025-07-29 00:00:00-04:00,SILVER,metal flow + macro overlay favors short exposure,flat,,-0.05797640868667015,0.9715185311023183,1.0,0.31022188183701527,0.0,False,"['weak_signal', 'insufficient_net_edge']"
2025-07-29 00:00:00-04:00,SPY,stock flow + macro overlay favors long exposure,flat,,-0.02096866564962779,0.9715185311023183,1.0,0.3009699460777547,0.0,False,"['weak_signal', 'insufficient_net_edge']"
2025-07-29 00:00:00-04:00,XRP,crypto flow + macro overlay favors long exposure,flat,,-0.0036684458749846544,0.9715185311023183,1.0,0.29664489113409387,0.0,False,"['weak_signal', 'insufficient_net_edge']"
2025-07-30 00:00:00-04:00,SOL,crypto flow + macro overlay favors long exposure,flat,,-0.4527542586668847,0.9727252206184009,1.0,0.40909734775948137,0.0,False,"['weak_signal', 'insufficient_net_edge']"
2025-07-30 00:00:00-04:00,ETH,crypto flow + macro overlay favors long exposure,flat,,0.2592111702524267,0.9727252206184009,1.0,0.3607115756558668,0.0,False,"['weak_signal', 'insufficient_net_edge']"
2025-07-30 00:00:00-04:00,XRP,crypto flow + macro overlay favors long exposure,flat,,-0.2352384831991559,0.9727252206184009,1.0,0.35471840389254916,0.0,False,"['weak_signal', 'insufficient_net_edge']"
2025-07-30 00:00:00-04:00,BTC,crypto flow + macro overlay favors long exposure,flat,,-0.03187490566146341,0.9727252206184009,1.0,0.303877509508126,0.0,False,"['weak_signal', 'insufficient_net_edge']"
2025-07-30 00:00:00-04:00,AUDUSD,forex flow + macro overlay favors short exposure,flat,,0.0,0.9727252206184009,1.0,0.29590878309276014,0.0,False,"['weak_signal', 'insufficient_net_edge']"
2025-07-30 00:00:00-04:00,COPPER,metal flow + macro overlay favors short exposure,flat,,0.0,0.9727252206184009,1.0,0.29590878309276014,0.0,False,"['weak_signal', 'insufficient_net_edge']"
2025-07-30 00:00:00-04:00,EURUSD,forex flow + macro overlay favors short exposure,flat,,0.0,0.9727252206184009,1.0,0.29590878309276014,0.0,False,"['weak_signal', 'insufficient_net_edge']"
2025-07-30 00:00:00-04:00,GOLD,metal flow + macro overlay favors short exposure,flat,,0.0,0.9727252206184009,1.0,0.29590878309276014,0.0,False,"['weak_signal', 'insufficient_net_edge']"
2025-07-30 00:00:00-04:00,GOOG,stock flow + macro overlay favors long exposure,flat,,0.0,0.9727252206184009,1.0,0.29590878309276014,0.0,False,"['weak_signal', 'insufficient_net_edge']"
2025-07-30 00:00:00-04:00,MCD,stock flow + macro overlay favors long exposure,flat,,0.0,0.9727252206184009,1.0,0.29590878309276014,0.0,False,"['weak_signal', 'insufficient_net_edge']"
2025-07-30 00:00:00-04:00,NVDA,stock flow + macro overlay favors long exposure,flat,,0.0,0.9727252206184009,1.0,0.29590878309276014,0.0,False,"['weak_signal', 'insufficient_net_edge']"
2025-07-30 00:00:00-04:00,SILVER,metal flow + macro overlay favors short exposure,flat,,0.0,0.9727252206184009,1.0,0.29590878309276014,0.0,False,"['weak_signal', 'insufficient_net_edge']"
2025-07-30 00:00:00-04:00,SPY,stock flow + macro overlay favors long exposure,flat,,0.0,0.9727252206184009,1.0,0.29590878309276014,0.0,False,"['weak_signal', 'insufficient_net_edge']"
2025-07-30 00:00:00-04:00,TSLA,stock flow + macro overlay favors long exposure,flat,,0.0,0.9727252206184009,1.0,0.29590878309276014,0.0,False,"['weak_signal', 'insufficient_net_edge']"
2025-07-31 00:00:00-04:00,EURUSD,forex flow + macro overlay favors short exposure,flat,,-0.7499458108589002,0.9654743107549225,1.0,0.4823075993279634,0.0,False,"['weak_signal', 'insufficient_net_edge']"
2025-07-31 00:00:00-04:00,COPPER,metal flow + macro overlay favors short exposure,flat,,-0.7493768652411541,0.9654743107549225,1.0,0.48216536292352685,0.0,False,"['weak_signal', 'insufficient_net_edge']"
2025-07-31 00:00:00-04:00,AUDUSD,forex flow + macro overlay favors short exposure,flat,,-0.7470813773868956,0.9654743107549225,1.0,0.48159149095996223,0.0,False,"['weak_signal', 'insufficient_net_edge']"
2025-07-31 00:00:00-04:00,SOL,crypto flow + macro overlay favors long exposure,flat,,-0.7060767680600447,0.9654743107549225,1.0,0.47134033862824953,0.0,False,"['weak_signal', 'insufficient_net_edge']"
2025-07-31 00:00:00-04:00,SILVER,metal flow + macro overlay favors short exposure,flat,,-0.6979379941419626,0.9654743107549225,1.0,0.46930564514872897,0.0,False,"['weak_signal', 'insufficient_net_edge']"
2025-07-31 00:00:00-04:00,XRP,crypto flow + macro overlay favors long exposure,flat,,-0.454240141634917,0.9654743107549225,1.0,0.4083811820219676,0.0,False,"['weak_signal', 'insufficient_net_edge']"
2025-07-31 00:00:00-04:00,BTC,crypto flow + macro overlay favors long exposure,flat,,-0.38080158489539095,0.9654743107549225,1.0,0.3900215428370861,0.0,False,"['weak_signal', 'insufficient_net_edge']"
2025-07-31 00:00:00-04:00,GOLD,metal flow + macro overlay favors short exposure,flat,,0.22918240145099567,0.9654743107549225,1.0,0.35211674697598727,0.0,False,"['weak_signal', 'insufficient_net_edge']"
2025-07-31 00:00:00-04:00,ETH,crypto flow + macro overlay favors long exposure,flat,,-0.16219760466287225,0.9654743107549225,1.0,0.3353705477789564,0.0,False,"['weak_signal', 'insufficient_net_edge']"
2025-07-31 00:00:00-04:00,GOOG,stock flow + macro overlay favors long exposure,flat,,0.0,0.9654743107549225,1.0,0.2948211466132383,0.0,False,"['weak_signal', 'insufficient_net_edge']"
2025-07-31 00:00:00-04:00,MCD,stock flow + macro overlay favors long exposure,flat,,0.0,0.9654743107549225,1.0,0.2948211466132383,0.0,False,"['weak_signal', 'insufficient_net_edge']"
2025-07-31 00:00:00-04:00,NVDA,stock flow + macro overlay favors long exposure,flat,,0.0,0.9654743107549225,1.0,0.2948211466132383,0.0,False,"['weak_signal', 'insufficient_net_edge']"
2025-07-31 00:00:00-04:00,SPY,stock flow + macro overlay favors long exposure,flat,,0.0,0.9654743107549225,1.0,0.2948211466132383,0.0,False,"['weak_signal', 'insufficient_net_edge']"
2025-07-31 00:00:00-04:00,TSLA,stock flow + macro overlay favors long exposure,flat,,0.0,0.9654743107549225,1.0,0.2948211466132383,0.0,False,"['weak_signal', 'insufficient_net_edge']"
2025-08-01 00:00:00-04:00,COPPER,metal flow + macro overlay favors short exposure,flat,,-0.748772057708532,0.9899401235785623,1.0,0.4856840329639174,0.0,False,"['weak_signal', 'insufficient_net_edge']"
2025-08-01 00:00:00-04:00,SILVER,metal flow + macro overlay favors short exposure,flat,,-0.7471240749279617,0.9899401235785623,1.0,0.48527203726877477,0.0,False,"['weak_signal', 'insufficient_net_edge']"
2025-08-01 00:00:00-04:00,EURUSD,forex flow + macro overlay favors short exposure,flat,,-0.7442211196223452,0.9899401235785623,1.0,0.4845462984423706,0.0,False,"['weak_signal', 'insufficient_net_edge']"
2025-08-01 00:00:00-04:00,AUDUSD,forex flow + macro overlay favors short exposure,flat,,-0.7436329929525511,0.9899401235785623,1.0,0.4843992667749222,0.0,False,"['weak_signal', 'insufficient_net_edge']"
2025-08-01 00:00:00-04:00,TSLA,stock flow + macro overlay favors long exposure,flat,,-0.7196132491296033,0.9899401235785623,1.0,0.47839433081918514,0.0,False,"['weak_signal', 'insufficient_net_edge']"
2025-08-01 00:00:00-04:00,BTC,crypto flow + macro overlay favors short exposure,flat,,-0.7169374260540832,0.9899401235785623,1.0,0.4777253750503051,0.0,False,"['weak_signal', 'insufficient_net_edge']"
2025-08-01 00:00:00-04:00,SOL,crypto flow + macro overlay favors short exposure,flat,,-0.7074549469461753,0.9899401235785623,1.0,0.47535475527332816,0.0,False,"['weak_signal', 'insufficient_net_edge']"
2025-08-01 00:00:00-04:00,SPY,stock flow + macro overlay favors long exposure,flat,,-0.696357177866415,0.9899401235785623,1.0,0.4725803130033881,0.0,False,"['weak_signal', 'insufficient_net_edge']"
2025-08-01 00:00:00-04:00,GOLD,metal flow + macro overlay favors short exposure,flat,,0.6163290920536074,0.9899401235785623,1.0,0.4525732915501862,0.0,False,"['weak_signal', 'insufficient_net_edge']"
2025-08-01 00:00:00-04:00,XRP,crypto flow + macro overlay favors short exposure,flat,,-0.5234237262402038,0.9899401235785623,1.0,0.4293469500968353,0.0,False,"['weak_signal', 'insufficient_net_edge']"
2025-08-01 00:00:00-04:00,ETH,crypto flow + macro overlay favors short exposure,flat,,-0.5207086205637885,0.9899401235785623,1.0,0.42866817367773147,0.0,False,"['weak_signal', 'insufficient_net_edge']"
2025-08-01 00:00:00-04:00,GOOG,stock flow + macro overlay favors long exposure,flat,,-0.4986170412291524,0.9899401235785623,1.0,0.4231452788440725,0.0,False,"['weak_signal', 'insufficient_net_edge']"
2025-08-01 00:00:00-04:00,MCD,stock flow + macro overlay favors long exposure,flat,,0.2490683325234998,0.9899401235785623,1.0,0.3607581016676593,0.0,False,"['weak_signal', 'insufficient_net_edge']"
2025-08-01 00:00:00-04:00,NVDA,stock flow + macro overlay favors long exposure,flat,,-0.08093864826926903,0.9899401235785623,1.0,0.31872568060410156,0.0,False,"['weak_signal', 'insufficient_net_edge']"
2025-08-02 00:00:00-04:00,COPPER,metal flow + macro overlay favors short exposure,flat,,-0.7491940650628935,0.9812374290320544,1.0,0.48448413062053153,0.0,False,"['weak_signal', 'insufficient_net_edge']"
2025-08-02 00:00:00-04:00,GOOG,stock flow + macro overlay favors long exposure,flat,,-0.7465515960215106,0.9812374290320544,1.0,0.4838235133601858,0.0,False,"['weak_signal', 'insufficient_net_edge']"
2025-08-02 00:00:00-04:00,SPY,stock flow + macro overlay favors long exposure,flat,,-0.746332507103364,0.9812374290320544,1.0,0.48376874113064916,0.0,False,"['weak_signal', 'insufficient_net_edge']"
2025-08-02 00:00:00-04:00,GOLD,metal flow + macro overlay favors short exposure,flat,,0.7461005999874804,0.9812374290320544,1.0,0.48371076435167826,0.0,False,"['weak_signal', 'insufficient_net_edge']"
2025-08-02 00:00:00-04:00,BTC,crypto flow + macro overlay favors short exposure,flat,,-0.7368197608999119,0.9812374290320544,1.0,0.4813905545797861,0.0,False,"['weak_signal', 'insufficient_net_edge']"
2025-08-02 00:00:00-04:00,SILVER,metal flow + macro overlay favors short exposure,flat,,-0.734982359868575,0.9812374290320544,1.0,0.4809312043219519,0.0,False,"['weak_signal', 'insufficient_net_edge']"
2025-08-02 00:00:00-04:00,ETH,crypto flow + macro overlay favors short exposure,flat,,-0.7329663260829823,0.9812374290320544,1.0,0.4804271958755537,0.0,False,"['weak_signal', 'insufficient_net_edge']"
2025-08-02 00:00:00-04:00,SOL,crypto flow + macro overlay favors short exposure,flat,,-0.7325900487113295,0.9812374290320544,1.0,0.4803331265326405,0.0,False,"['weak_signal', 'insufficient_net_edge']"
2025-08-02 00:00:00-04:00,TSLA,stock flow + macro overlay favors long exposure,flat,,-0.726570409591083,0.9812374290320544,1.0,0.4788282167525789,0.0,False,"['weak_signal', 'insufficient_net_edge']"
2025-08-02 00:00:00-04:00,AUDUSD,forex flow + macro overlay favors short exposure,flat,,-0.618133863832851,0.9812374290320544,1.0,0.4517190803130209,0.0,False,"['weak_signal', 'insufficient_net_edge']"
2025-08-02 00:00:00-04:00,XRP,crypto flow + macro overlay favors short exposure,flat,,-0.5454237836912649,0.9812374290320544,1.0,0.43354156027762436,0.0,False,"['weak_signal', 'insufficient_net_edge']"
2025-08-02 00:00:00-04:00,NVDA,stock flow + macro overlay favors long exposure,flat,,-0.5108012003167379,0.9812374290320544,1.0,0.4248859144339926,0.0,False,"['weak_signal', 'insufficient_net_edge']"
2025-08-02 00:00:00-04:00,EURUSD,forex flow + macro overlay favors short exposure,flat,,0.35267466486075705,0.9812374290320544,1.0,0.38535428056999743,0.0,False,"['weak_signal', 'insufficient_net_edge']"
2025-08-02 00:00:00-04:00,MCD,stock flow + macro overlay favors long exposure,flat,,0.1124455366963443,0.9812374290320544,1.0,0.3252969985288942,0.0,False,"['weak_signal', 'insufficient_net_edge']"
2025-08-03 00:00:00-04:00,ETH,crypto flow + macro overlay favors short exposure,flat,,-0.747165705649312,0.9882971873680659,0.9642857142857144,0.4796788616603951,0.0,False,"['report_invalid', 'weak_signal', 'insufficient_net_edge']"
2025-08-03 00:00:00-04:00,BTC,crypto flow + macro overlay favors short exposure,flat,,-0.7461005421509987,0.9882971873680659,0.9642857142857144,0.4794125707858168,0.0,False,"['report_invalid', 'weak_signal', 'insufficient_net_edge']"
2025-08-03 00:00:00-04:00,SOL,crypto flow + macro overlay favors short exposure,flat,,-0.7411225009840356,0.9882971873680659,0.9642857142857144,0.478168060494076,0.0,False,"['report_invalid', 'weak_signal', 'insufficient_net_edge']"
2025-08-03 00:00:00-04:00,XRP,crypto flow + macro overlay favors short exposure,flat,,-0.7095965451315792,0.9882971873680659,0.9642857142857144,0.47028657153096187,0.0,False,"['report_invalid', 'weak_signal', 'insufficient_net_edge']"
2025-08-03 00:00:00-04:00,AUDUSD,forex flow + macro overlay favors long exposure,flat,,0.0,0.9882971873680659,0.9642857142857144,0.29288743524806704,0.0,False,"['report_invalid', 'weak_signal', 'insufficient_net_edge']"
2025-08-03 00:00:00-04:00,COPPER,metal flow + macro overlay favors long exposure,flat,,0.0,0.9882971873680659,0.9642857142857144,0.29288743524806704,0.0,False,"['report_invalid', 'weak_signal', 'insufficient_net_edge']"
2025-08-03 00:00:00-04:00,EURUSD,forex flow + macro overlay favors long exposure,flat,,0.0,0.9882971873680659,0.9642857142857144,0.29288743524806704,0.0,False,"['report_invalid', 'weak_signal', 'insufficient_net_edge']"
2025-08-03 00:00:00-04:00,GOLD,metal flow + macro overlay favors long exposure,flat,,0.0,0.9882971873680659,0.9642857142857144,0.29288743524806704,0.0,False,"['report_invalid', 'weak_signal', 'insufficient_net_edge']"
2025-08-03 00:00:00-04:00,GOOG,stock flow + macro overlay favors long exposure,flat,,0.0,0.9882971873680659,0.9642857142857144,0.29288743524806704,0.0,False,"['report_invalid', 'weak_signal', 'insufficient_net_edge']"
2025-08-03 00:00:00-04:00,MCD,stock flow + macro overlay favors long exposure,flat,,0.0,0.9882971873680659,0.9642857142857144,0.29288743524806704,0.0,False,"['report_invalid', 'weak_signal', 'insufficient_net_edge']"
2025-08-03 00:00:00-04:00,NVDA,stock flow + macro overlay favors long exposure,flat,,0.0,0.9882971873680659,0.9642857142857144,0.29288743524806704,0.0,False,"['report_invalid', 'weak_signal', 'insufficient_net_edge']"
2025-08-03 00:00:00-04:00,SILVER,metal flow + macro overlay favors long exposure,flat,,0.0,0.9882971873680659,0.9642857142857144,0.29288743524806704,0.0,False,"['report_invalid', 'weak_signal', 'insufficient_net_edge']"
2025-08-03 00:00:00-04:00,SPY,stock flow + macro overlay favors long exposure,flat,,0.0,0.9882971873680659,0.9642857142857144,0.29288743524806704,0.0,False,"['report_invalid', 'weak_signal', 'insufficient_net_edge']"
2025-08-03 00:00:00-04:00,TSLA,stock flow + macro overlay favors long exposure,flat,,0.0,0.9882971873680659,0.9642857142857144,0.29288743524806704,0.0,False,"['report_invalid', 'weak_signal', 'insufficient_net_edge']"
2025-08-04 00:00:00-04:00,GOLD,metal flow + macro overlay favors short exposure,flat,,0.7279213373056705,0.9833127413436638,0.9642857142857144,0.4741201026708244,0.0,False,"['report_invalid', 'weak_signal', 'insufficient_net_edge']"
2025-08-04 00:00:00-04:00,EURUSD,forex flow + macro overlay favors short exposure,flat,,0.7220651452233644,0.9833127413436638,0.9642857142857144,0.47265605465024785,0.0,False,"['report_invalid', 'weak_signal', 'insufficient_net_edge']"
2025-08-04 00:00:00-04:00,AUDUSD,forex flow + macro overlay favors short exposure,flat,,0.6604356334152852,0.9833127413436638,0.9642857142857144,0.457248676698228,0.0,False,"['report_invalid', 'weak_signal', 'insufficient_net_edge']"
2025-08-04 00:00:00-04:00,SOL,crypto flow + macro overlay favors short exposure,flat,,-0.5813005850409813,0.9833127413436638,0.9642857142857144,0.4374649146046521,0.0,False,"['report_invalid', 'weak_signal', 'insufficient_net_edge']"
2025-08-04 00:00:00-04:00,SILVER,metal flow + macro overlay favors short exposure,flat,,0.576221393236118,0.9833127413436638,0.9642857142857144,0.43619511665343624,0.0,False,"['report_invalid', 'weak_signal', 'insufficient_net_edge']"
2025-08-04 00:00:00-04:00,ETH,crypto flow + macro overlay favors short exposure,flat,,-0.5697274853525705,0.9833127413436638,0.9642857142857144,0.4345716396825493,0.0,False,"['report_invalid', 'weak_signal', 'insufficient_net_edge']"
2025-08-04 00:00:00-04:00,BTC,crypto flow + macro overlay favors short exposure,flat,,-0.3974776256746292,0.9833127413436638,0.9642857142857144,0.391509174763064,0.0,False,"['report_invalid', 'weak_signal', 'insufficient_net_edge']"
2025-08-04 00:00:00-04:00,XRP,crypto flow + macro overlay favors short exposure,flat,,0.06959815408470892,0.9833127413436638,0.9642857142857144,0.30953930686558395,0.0,False,"['report_invalid', 'weak_signal', 'insufficient_net_edge']"
2025-08-04 00:00:00-04:00,COPPER,metal flow + macro overlay favors short exposure,flat,,0.02719605686662282,0.9833127413436638,0.9642857142857144,0.29893878256106243,0.0,False,"['report_invalid', 'weak_signal', 'insufficient_net_edge']"
2025-08-04 00:00:00-04:00,GOOG,stock flow + macro overlay favors long exposure,flat,,0.0,0.9833127413436638,0.9642857142857144,0.2921397683444067,0.0,False,"['report_invalid', 'weak_signal', 'insufficient_net_edge']"
2025-08-04 00:00:00-04:00,MCD,stock flow + macro overlay favors long exposure,flat,,0.0,0.9833127413436638,0.9642857142857144,0.2921397683444067,0.0,False,"['report_invalid', 'weak_signal', 'insufficient_net_edge']"
2025-08-04 00:00:00-04:00,NVDA,stock flow + macro overlay favors long exposure,flat,,0.0,0.9833127413436638,0.9642857142857144,0.2921397683444067,0.0,False,"['report_invalid', 'weak_signal', 'insufficient_net_edge']"
2025-08-04 00:00:00-04:00,SPY,stock flow + macro overlay favors long exposure,flat,,0.0,0.9833127413436638,0.9642857142857144,0.2921397683444067,0.0,False,"['report_invalid', 'weak_signal', 'insufficient_net_edge']"
2025-08-04 00:00:00-04:00,TSLA,stock flow + macro overlay favors long exposure,flat,,0.0,0.9833127413436638,0.9642857142857144,0.2921397683444067,0.0,False,"['report_invalid', 'weak_signal', 'insufficient_net_edge']"
2025-08-05 00:00:00-04:00,GOOG,stock flow + macro overlay favors long exposure,flat,,0.74223911890828,0.9933090479035125,1.0,0.4845561369125969,0.0,False,"['weak_signal', 'insufficient_net_edge']"
2025-08-05 00:00:00-04:00,SPY,stock flow + macro overlay favors long exposure,flat,,0.7324330953430891,0.9933090479035125,1.0,0.4821046310212992,0.0,False,"['weak_signal', 'insufficient_net_edge']"
2025-08-05 00:00:00-04:00,NVDA,stock flow + macro overlay favors long exposure,flat,,0.7267163837481609,0.9933090479035125,1.0,0.4806754531225671,0.0,False,"['weak_signal', 'insufficient_net_edge']"
2025-08-05 00:00:00-04:00,ETH,crypto flow + macro overlay favors short exposure,flat,,0.5799909423749363,0.9933090479035125,1.0,0.44399409277926094,0.0,False,"['weak_signal', 'insufficient_net_edge']"
2025-08-05 00:00:00-04:00,TSLA,stock flow + macro overlay favors long exposure,flat,,0.5406549768623897,0.9933090479035125,1.0,0.43416010140112427,0.0,False,"['weak_signal', 'insufficient_net_edge']"
2025-08-05 00:00:00-04:00,SILVER,metal flow + macro overlay favors short exposure,flat,,0.4054044116255705,0.9933090479035125,1.0,0.40034746009191946,0.0,False,"['weak_signal', 'insufficient_net_edge']"
2025-08-05 00:00:00-04:00,SOL,crypto flow + macro overlay favors short exposure,flat,,0.3236409460934021,0.9933090479035125,1.0,0.37990659370887736,0.0,False,"['weak_signal', 'insufficient_net_edge']"
2025-08-05 00:00:00-04:00,MCD,stock flow + macro overlay favors long exposure,flat,,0.31256995957192385,0.9933090479035125,1.0,0.37713884707850787,0.0,False,"['weak_signal', 'insufficient_net_edge']"
2025-08-05 00:00:00-04:00,EURUSD,forex flow + macro overlay favors long exposure,flat,,-0.3036039471999496,0.9933090479035125,1.0,0.3748973439855142,0.0,False,"['weak_signal', 'insufficient_net_edge']"
2025-08-05 00:00:00-04:00,XRP,crypto flow + macro overlay favors short exposure,flat,,0.22497156686180053,0.9933090479035125,1.0,0.355239248900977,0.0,False,"['weak_signal', 'insufficient_net_edge']"
2025-08-05 00:00:00-04:00,GOLD,metal flow + macro overlay favors short exposure,flat,,0.20590002171193972,0.9933090479035125,1.0,0.35047136261351175,0.0,False,"['weak_signal', 'insufficient_net_edge']"
2025-08-05 00:00:00-04:00,BTC,crypto flow + macro overlay favors short exposure,flat,,0.18162683550549683,0.9933090479035125,1.0,0.3444030660619011,0.0,False,"['weak_signal', 'insufficient_net_edge']"
2025-08-05 00:00:00-04:00,AUDUSD,forex flow + macro overlay favors long exposure,flat,,-0.1648320852876409,0.9933090479035125,1.0,0.3402043785074371,0.0,False,"['weak_signal', 'insufficient_net_edge']"
2025-08-05 00:00:00-04:00,COPPER,metal flow + macro overlay favors short exposure,flat,,0.04833106853360895,0.9933090479035125,1.0,0.3110791243189291,0.0,False,"['weak_signal', 'insufficient_net_edge']"
2025-08-06 00:00:00-04:00,ETH,crypto flow + macro overlay favors short exposure,flat,,0.652584939523568,0.990249326446311,1.0,0.4616836338478386,0.0,False,"['weak_signal', 'insufficient_net_edge']"
2025-08-06 00:00:00-04:00,XRP,crypto flow + macro overlay favors short exposure,flat,,0.343411039498123,0.990249326446311,1.0,0.3843901588414774,0.0,False,"['weak_signal', 'insufficient_net_edge']"
2025-08-06 00:00:00-04:00,SOL,crypto flow + macro overlay favors short exposure,flat,,0.10620264014329149,0.990249326446311,1.0,0.3250880590027695,0.0,False,"['weak_signal', 'insufficient_net_edge']"
2025-08-06 00:00:00-04:00,BTC,crypto flow + macro overlay favors short exposure,flat,,-0.004702054258328174,0.990249326446311,1.0,0.29971291253152865,0.0,False,"['weak_signal', 'insufficient_net_edge']"
2025-08-06 00:00:00-04:00,AUDUSD,forex flow + macro overlay favors long exposure,flat,,0.0,0.990249326446311,1.0,0.29853739896694664,0.0,False,"['weak_signal', 'insufficient_net_edge']"
2025-08-06 00:00:00-04:00,COPPER,metal flow + macro overlay favors short exposure,flat,,0.0,0.990249326446311,1.0,0.29853739896694664,0.0,False,"['weak_signal', 'insufficient_net_edge']"
2025-08-06 00:00:00-04:00,EURUSD,forex flow + macro overlay favors long exposure,flat,,0.0,0.990249326446311,1.0,0.29853739896694664,0.0,False,"['weak_signal', 'insufficient_net_edge']"
2025-08-06 00:00:00-04:00,GOLD,metal flow + macro overlay favors short exposure,flat,,0.0,0.990249326446311,1.0,0.29853739896694664,0.0,False,"['weak_signal', 'insufficient_net_edge']"
2025-08-06 00:00:00-04:00,GOOG,stock flow + macro overlay favors long exposure,flat,,0.0,0.990249326446311,1.0,0.29853739896694664,0.0,False,"['weak_signal', 'insufficient_net_edge']"
2025-08-06 00:00:00-04:00,MCD,stock flow + macro overlay favors long exposure,flat,,0.0,0.990249326446311,1.0,0.29853739896694664,0.0,False,"['weak_signal', 'insufficient_net_edge']"
2025-08-06 00:00:00-04:00,NVDA,stock flow + macro overlay favors long exposure,flat,,0.0,0.990249326446311,1.0,0.29853739896694664,0.0,False,"['weak_signal', 'insufficient_net_edge']"
2025-08-06 00:00:00-04:00,SILVER,metal flow + macro overlay favors short exposure,flat,,0.0,0.990249326446311,1.0,0.29853739896694664,0.0,False,"['weak_signal', 'insufficient_net_edge']"
2025-08-06 00:00:00-04:00,SPY,stock flow + macro overlay favors long exposure,flat,,0.0,0.990249326446311,1.0,0.29853739896694664,0.0,False,"['weak_signal', 'insufficient_net_edge']"
2025-08-06 00:00:00-04:00,TSLA,stock flow + macro overlay favors long exposure,flat,,0.0,0.990249326446311,1.0,0.29853739896694664,0.0,False,"['weak_signal', 'insufficient_net_edge']"
2025-08-07 00:00:00-04:00,SILVER,metal flow + macro overlay favors short exposure,flat,,0.7251045810273131,0.9867709936450724,1.0,0.47929179430358915,0.0,False,"['weak_signal', 'insufficient_net_edge']"
2025-08-07 00:00:00-04:00,EURUSD,forex flow + macro overlay favors long exposure,flat,,0.6219417530985493,0.9867709936450724,1.0,0.45350108732139816,0.0,False,"['weak_signal', 'insufficient_net_edge']"
2025-08-07 00:00:00-04:00,ETH,crypto flow + macro overlay favors short exposure,flat,,0.5991368302771273,0.9867709936450724,1.0,0.4477998566160427,0.0,False,"['weak_signal', 'insufficient_net_edge']"
2025-08-07 00:00:00-04:00,GOLD,metal flow + macro overlay favors short exposure,flat,,0.5938291192289956,0.9867709936450724,1.0,0.4464729288540098,0.0,False,"['weak_signal', 'insufficient_net_edge']"
2025-08-07 00:00:00-04:00,AUDUSD,forex flow + macro overlay favors long exposure,flat,,0.5750173420773814,0.9867709936450724,1.0,0.44176998456610617,0.0,False,"['weak_signal', 'insufficient_net_edge']"
2025-08-07 00:00:00-04:00,SOL,crypto flow + macro overlay favors short exposure,flat,,0.3886462015869103,0.9867709936450724,1.0,0.3951771994434884,0.0,False,"['weak_signal', 'insufficient_net_edge']"
2025-08-07 00:00:00-04:00,XRP,crypto flow + macro overlay favors short exposure,flat,,-0.26122302812605774,0.9867709936450724,1.0,0.36332140607827523,0.0,False,"['weak_signal', 'insufficient_net_edge']"
2025-08-07 00:00:00-04:00,BTC,crypto flow + macro overlay favors short exposure,flat,,-0.027551162379031345,0.9867709936450724,1.0,0.30490343964151867,0.0,False,"['weak_signal', 'insufficient_net_edge']"
2025-08-07 00:00:00-04:00,COPPER,metal flow + macro overlay favors short exposure,flat,,-0.01141571245787445,0.9867709936450724,1.0,0.3008695771612294,0.0,False,"['weak_signal', 'insufficient_net_edge']"
2025-08-07 00:00:00-04:00,GOOG,stock flow + macro overlay favors long exposure,flat,,0.0,0.9867709936450724,1.0,0.2980156490467608,0.0,False,"['weak_signal', 'insufficient_net_edge']"
2025-08-07 00:00:00-04:00,MCD,stock flow + macro overlay favors long exposure,flat,,0.0,0.9867709936450724,1.0,0.2980156490467608,0.0,False,"['weak_signal', 'insufficient_net_edge']"
2025-08-07 00:00:00-04:00,NVDA,stock flow + macro overlay favors long exposure,flat,,0.0,0.9867709936450724,1.0,0.2980156490467608,0.0,False,"['weak_signal', 'insufficient_net_edge']"
2025-08-07 00:00:00-04:00,SPY,stock flow + macro overlay favors long exposure,flat,,0.0,0.9867709936450724,1.0,0.2980156490467608,0.0,False,"['weak_signal', 'insufficient_net_edge']"
2025-08-07 00:00:00-04:00,TSLA,stock flow + macro overlay favors long exposure,flat,,0.0,0.9867709936450724,1.0,0.2980156490467608,0.0,False,"['weak_signal', 'insufficient_net_edge']"
2025-08-08 00:00:00-04:00,ETH,crypto flow + macro overlay favors long exposure,flat,,0.7413597558688434,0.9801862875938707,1.0,0.48236788210629145,0.0,False,"['weak_signal', 'insufficient_net_edge']"
2025-08-08 00:00:00-04:00,XRP,crypto flow + macro overlay favors long exposure,flat,,0.7373285007521383,0.9801862875938707,1.0,0.4813600683271152,0.0,False,"['weak_signal', 'insufficient_net_edge']"
2025-08-08 00:00:00-04:00,SILVER,metal flow + macro overlay favors short exposure,flat,,0.725929306391526,0.9801862875938707,1.0,0.4785102697369621,0.0,False,"['weak_signal', 'insufficient_net_edge']"
2025-08-08 00:00:00-04:00,GOLD,metal flow + macro overlay favors short exposure,flat,,0.723043598477298,0.9801862875938707,1.0,0.47778884275840516,0.0,False,"['weak_signal', 'insufficient_net_edge']"
2025-08-08 00:00:00-04:00,BTC,crypto flow + macro overlay favors long exposure,flat,,0.7070053566722848,0.9801862875938707,1.0,0.47377928230715183,0.0,False,"['weak_signal', 'insufficient_net_edge']"
2025-08-08 00:00:00-04:00,AUDUSD,forex flow + macro overlay favors long exposure,flat,,0.7005070540606901,0.9801862875938707,1.0,0.4721547066542532,0.0,False,"['weak_signal', 'insufficient_net_edge']"
2025-08-08 00:00:00-04:00,TSLA,stock flow + macro overlay favors long exposure,flat,,0.6473549211132154,0.9801862875938707,1.0,0.4588666734173844,0.0,False,"['weak_signal', 'insufficient_net_edge']"
2025-08-08 00:00:00-04:00,EURUSD,forex flow + macro overlay favors long exposure,flat,,0.632389538684138,0.9801862875938707,1.0,0.45512532781011517,0.0,False,"['weak_signal', 'insufficient_net_edge']"
2025-08-08 00:00:00-04:00,SOL,crypto flow + macro overlay favors long exposure,flat,,0.5671261022507714,0.9801862875938707,1.0,0.4388094687017735,0.0,False,"['weak_signal', 'insufficient_net_edge']"
2025-08-08 00:00:00-04:00,MCD,stock flow + macro overlay favors long exposure,flat,,0.562256039245721,0.9801862875938707,1.0,0.4375919529505109,0.0,False,"['weak_signal', 'insufficient_net_edge']"
2025-08-08 00:00:00-04:00,GOOG,stock flow + macro overlay favors long exposure,flat,,0.49899856458973424,0.9801862875938707,1.0,0.42177758428651413,0.0,False,"['weak_signal', 'insufficient_net_edge']"
2025-08-08 00:00:00-04:00,SPY,stock flow + macro overlay favors long exposure,flat,,0.21726611963435932,0.9801862875938707,1.0,0.35134447304767047,0.0,False,"['weak_signal', 'insufficient_net_edge']"
2025-08-08 00:00:00-04:00,NVDA,stock flow + macro overlay favors long exposure,flat,,0.15688993787941863,0.9801862875938707,1.0,0.33625042760893525,0.0,False,"['weak_signal', 'insufficient_net_edge']"
2025-08-08 00:00:00-04:00,COPPER,metal flow + macro overlay favors short exposure,flat,,-0.08222939091127839,0.9801862875938707,1.0,0.3175852908669002,0.0,False,"['weak_signal', 'insufficient_net_edge']"
2025-08-09 00:00:00-04:00,ETH,crypto flow + macro overlay favors long exposure,flat,,0.7497515226194544,0.9844009919124124,1.0,0.4850980294417254,0.0,False,"['weak_signal', 'insufficient_net_edge']"
2025-08-09 00:00:00-04:00,GOOG,stock flow + macro overlay favors long exposure,flat,,0.7456391632962638,0.9844009919124124,1.0,0.4840699396109278,0.0,False,"['weak_signal', 'insufficient_net_edge']"
2025-08-09 00:00:00-04:00,XRP,crypto flow + macro overlay favors long exposure,flat,,0.7448093585299901,0.9844009919124124,1.0,0.4838624884193594,0.0,False,"['weak_signal', 'insufficient_net_edge']"
2025-08-09 00:00:00-04:00,TSLA,stock flow + macro overlay favors long exposure,flat,,0.7416469134325718,0.9844009919124124,1.0,0.48307187714500477,0.0,False,"['weak_signal', 'insufficient_net_edge']"
2025-08-09 00:00:00-04:00,SOL,crypto flow + macro overlay favors long exposure,flat,,0.7375815333281086,0.9844009919124124,1.0,0.48205553211888896,0.0,False,"['weak_signal', 'insufficient_net_edge']"
2025-08-09 00:00:00-04:00,SPY,stock flow + macro overlay favors long exposure,flat,,0.7331744302816682,0.9844009919124124,1.0,0.4809537563572789,0.0,False,"['weak_signal', 'insufficient_net_edge']"
2025-08-09 00:00:00-04:00,BTC,crypto flow + macro overlay favors long exposure,flat,,0.7252150127876926,0.9844009919124124,1.0,0.478963901983785,0.0,False,"['weak_signal', 'insufficient_net_edge']"
2025-08-09 00:00:00-04:00,GOLD,metal flow + macro overlay favors long exposure,flat,,0.72133600192828,0.9844009919124124,1.0,0.4779941492689318,0.0,False,"['weak_signal', 'insufficient_net_edge']"
2025-08-09 00:00:00-04:00,MCD,stock flow + macro overlay favors long exposure,flat,,0.6951606637324073,0.9844009919124124,1.0,0.4714503147199637,0.0,False,"['weak_signal', 'insufficient_net_edge']"
2025-08-09 00:00:00-04:00,NVDA,stock flow + macro overlay favors long exposure,flat,,0.6743512146068793,0.9844009919124124,1.0,0.46624795243858164,0.0,False,"['weak_signal', 'insufficient_net_edge']"
2025-08-09 00:00:00-04:00,SILVER,metal flow + macro overlay favors long exposure,flat,,0.6514271325180829,0.9844009919124124,1.0,0.46051693191638254,0.0,False,"['weak_signal', 'insufficient_net_edge']"
2025-08-09 00:00:00-04:00,AUDUSD,forex flow + macro overlay favors long exposure,flat,,0.578822982847486,0.9844009919124124,1.0,0.4423658944987333,0.0,False,"['weak_signal', 'insufficient_net_edge']"
2025-08-09 00:00:00-04:00,EURUSD,forex flow + macro overlay favors long exposure,flat,,0.46744795115929316,0.9844009919124124,1.0,0.41452213657668513,0.0,False,"['weak_signal', 'insufficient_net_edge']"
2025-08-09 00:00:00-04:00,COPPER,metal flow + macro overlay favors long exposure,flat,,0.2577325413001618,0.9844009919124124,1.0,0.36209328411190234,0.0,False,"['weak_signal', 'insufficient_net_edge']"
2025-08-10 00:00:00-04:00,ETH,crypto flow + macro overlay favors long exposure,flat,,0.7499319126116578,0.9871052066513092,0.9642857142857144,0.48019161629346796,0.0,False,"['report_invalid', 'weak_signal', 'insufficient_net_edge']"
2025-08-10 00:00:00-04:00,BTC,crypto flow + macro overlay favors long exposure,flat,,0.7426687755317936,0.9871052066513092,0.9642857142857144,0.478375832023502,0.0,False,"['report_invalid', 'weak_signal', 'insufficient_net_edge']"
2025-08-10 00:00:00-04:00,SOL,crypto flow + macro overlay favors long exposure,flat,,0.7424352831601057,0.9871052066513092,0.9642857142857144,0.47831745893058,0.0,False,"['report_invalid', 'weak_signal', 'insufficient_net_edge']"
2025-08-10 00:00:00-04:00,XRP,crypto flow + macro overlay favors long exposure,flat,,0.7269209807528105,0.9871052066513092,0.9642857142857144,0.47443888332875617,0.0,False,"['report_invalid', 'weak_signal', 'insufficient_net_edge']"
2025-08-10 00:00:00-04:00,AUDUSD,forex flow + macro overlay favors long exposure,flat,,0.0,0.9871052066513092,0.9642857142857144,0.29270863814055353,0.0,False,"['report_invalid', 'weak_signal', 'insufficient_net_edge']"
2025-08-10 00:00:00-04:00,COPPER,metal flow + macro overlay favors long exposure,flat,,0.0,0.9871052066513092,0.9642857142857144,0.29270863814055353,0.0,False,"['report_invalid', 'weak_signal', 'insufficient_net_edge']"
2025-08-10 00:00:00-04:00,EURUSD,forex flow + macro overlay favors long exposure,flat,,0.0,0.9871052066513092,0.9642857142857144,0.29270863814055353,0.0,False,"['report_invalid', 'weak_signal', 'insufficient_net_edge']"
2025-08-10 00:00:00-04:00,GOLD,metal flow + macro overlay favors long exposure,flat,,0.0,0.9871052066513092,0.9642857142857144,0.29270863814055353,0.0,False,"['report_invalid', 'weak_signal', 'insufficient_net_edge']"
2025-08-10 00:00:00-04:00,GOOG,stock flow + macro overlay favors long exposure,flat,,0.0,0.9871052066513092,0.9642857142857144,0.29270863814055353,0.0,False,"['report_invalid', 'weak_signal', 'insufficient_net_edge']"
2025-08-10 00:00:00-04:00,MCD,stock flow + macro overlay favors long exposure,flat,,0.0,0.9871052066513092,0.9642857142857144,0.29270863814055353,0.0,False,"['report_invalid', 'weak_signal', 'insufficient_net_edge']"
2025-08-10 00:00:00-04:00,NVDA,stock flow + macro overlay favors long exposure,flat,,0.0,0.9871052066513092,0.9642857142857144,0.29270863814055353,0.0,False,"['report_invalid', 'weak_signal', 'insufficient_net_edge']"
2025-08-10 00:00:00-04:00,SILVER,metal flow + macro overlay favors long exposure,flat,,0.0,0.9871052066513092,0.9642857142857144,0.29270863814055353,0.0,False,"['report_invalid', 'weak_signal', 'insufficient_net_edge']"
2025-08-10 00:00:00-04:00,SPY,stock flow + macro overlay favors long exposure,flat,,0.0,0.9871052066513092,0.9642857142857144,0.29270863814055353,0.0,False,"['report_invalid', 'weak_signal', 'insufficient_net_edge']"
2025-08-10 00:00:00-04:00,TSLA,stock flow + macro overlay favors long exposure,flat,,0.0,0.9871052066513092,0.9642857142857144,0.29270863814055353,0.0,False,"['report_invalid', 'weak_signal', 'insufficient_net_edge']"
2025-08-11 00:00:00-04:00,ETH,crypto flow + macro overlay favors long exposure,flat,,0.7473119960485981,0.9789397992180151,0.9642857142857144,0.47831182603770894,0.0,False,"['report_invalid', 'weak_signal', 'insufficient_net_edge']"
2025-08-11 00:00:00-04:00,BTC,crypto flow + macro overlay favors long exposure,flat,,0.746619750778334,0.9789397992180151,0.9642857142857144,0.47813876472014294,0.0,False,"['report_invalid', 'weak_signal', 'insufficient_net_edge']"
2025-08-11 00:00:00-04:00,SOL,crypto flow + macro overlay favors long exposure,flat,,0.705084553718832,0.9789397992180151,0.9642857142857144,0.4677549654552674,0.0,False,"['report_invalid', 'weak_signal', 'insufficient_net_edge']"
2025-08-11 00:00:00-04:00,GOLD,metal flow + macro overlay favors short exposure,flat,,-0.6987263877055652,0.9789397992180151,0.9642857142857144,0.4661654239519507,0.0,False,"['report_invalid', 'weak_signal', 'insufficient_net_edge']"
2025-08-11 00:00:00-04:00,XRP,crypto flow + macro overlay favors long exposure,flat,,-0.43950113583827183,0.9789397992180151,0.9642857142857144,0.40135911098512733,0.0,False,"['report_invalid', 'weak_signal', 'insufficient_net_edge']"
2025-08-11 00:00:00-04:00,SILVER,metal flow + macro overlay favors short exposure,flat,,-0.4220300948288389,0.9789397992180151,0.9642857142857144,0.39699135073276914,0.0,False,"['report_invalid', 'weak_signal', 'insufficient_net_edge']"
2025-08-11 00:00:00-04:00,EURUSD,forex flow + macro overlay favors long exposure,flat,,0.12450167391858452,0.9789397992180151,0.9642857142857144,0.32260924550520553,0.0,False,"['report_invalid', 'weak_signal', 'insufficient_net_edge']"
2025-08-11 00:00:00-04:00,COPPER,metal flow + macro overlay favors short exposure,flat,,0.12402508360011066,0.9789397992180151,0.9642857142857144,0.3224900979255871,0.0,False,"['report_invalid', 'weak_signal', 'insufficient_net_edge']"
2025-08-11 00:00:00-04:00,AUDUSD,forex flow + macro overlay favors long exposure,flat,,0.05872140475286414,0.9789397992180151,0.9642857142857144,0.30616417821377545,0.0,False,"['report_invalid', 'weak_signal', 'insufficient_net_edge']"
2025-08-11 00:00:00-04:00,GOOG,stock flow + macro overlay favors long exposure,flat,,0.0,0.9789397992180151,0.9642857142857144,0.2914838270255594,0.0,False,"['report_invalid', 'weak_signal', 'insufficient_net_edge']"
2025-08-11 00:00:00-04:00,MCD,stock flow + macro overlay favors long exposure,flat,,0.0,0.9789397992180151,0.9642857142857144,0.2914838270255594,0.0,False,"['report_invalid', 'weak_signal', 'insufficient_net_edge']"
2025-08-11 00:00:00-04:00,NVDA,stock flow + macro overlay favors long exposure,flat,,0.0,0.9789397992180151,0.9642857142857144,0.2914838270255594,0.0,False,"['report_invalid', 'weak_signal', 'insufficient_net_edge']"
2025-08-11 00:00:00-04:00,SPY,stock flow + macro overlay favors long exposure,flat,,0.0,0.9789397992180151,0.9642857142857144,0.2914838270255594,0.0,False,"['report_invalid', 'weak_signal', 'insufficient_net_edge']"
2025-08-11 00:00:00-04:00,TSLA,stock flow + macro overlay favors long exposure,flat,,0.0,0.9789397992180151,0.9642857142857144,0.2914838270255594,0.0,False,"['report_invalid', 'weak_signal', 'insufficient_net_edge']"
2025-08-12 00:00:00-04:00,GOLD,metal flow + macro overlay favors short exposure,flat,,-0.7410936764916753,0.979081500813975,1.0,0.4821356442450151,0.0,False,"['weak_signal', 'insufficient_net_edge']"
2025-08-12 00:00:00-04:00,ETH,crypto flow + macro overlay favors long exposure,flat,,0.7154424951218983,0.979081500813975,1.0,0.4757228489025709,0.0,False,"['weak_signal', 'insufficient_net_edge']"
2025-08-12 00:00:00-04:00,BTC,crypto flow + macro overlay favors long exposure,flat,,0.6679809245078245,0.979081500813975,1.0,0.4638574562490524,0.0,False,"['weak_signal', 'insufficient_net_edge']"
2025-08-12 00:00:00-04:00,SILVER,metal flow + macro overlay favors short exposure,flat,,-0.6192612378163136,0.979081500813975,1.0,0.45167753457617466,0.0,False,"['weak_signal', 'insufficient_net_edge']"
2025-08-12 00:00:00-04:00,TSLA,stock flow + macro overlay favors long exposure,flat,,0.5681002856913043,0.979081500813975,1.0,0.4388872965449223,0.0,False,"['weak_signal', 'insufficient_net_edge']"
2025-08-12 00:00:00-04:00,XRP,crypto flow + macro overlay favors long exposure,flat,,-0.5408105757170225,0.979081500813975,1.0,0.4320648690513519,0.0,False,"['weak_signal', 'insufficient_net_edge']"
2025-08-12 00:00:00-04:00,SPY,stock flow + macro overlay favors long exposure,flat,,-0.3650352012340555,0.979081500813975,1.0,0.3881210254306101,0.0,False,"['weak_signal', 'insufficient_net_edge']"
2025-08-12 00:00:00-04:00,AUDUSD,forex flow + macro overlay favors short exposure,flat,,-0.2641861882236288,0.979081500813975,1.0,0.36290877217800344,0.0,False,"['weak_signal', 'insufficient_net_edge']"
2025-08-12 00:00:00-04:00,GOOG,stock flow + macro overlay favors long exposure,flat,,-0.23900255055266817,0.979081500813975,1.0,0.35661286276026327,0.0,False,"['weak_signal', 'insufficient_net_edge']"
2025-08-12 00:00:00-04:00,MCD,stock flow + macro overlay favors long exposure,flat,,-0.2386892960977975,0.979081500813975,1.0,0.3565345491465456,0.0,False,"['weak_signal', 'insufficient_net_edge']"
2025-08-12 00:00:00-04:00,SOL,crypto flow + macro overlay favors long exposure,flat,,-0.16711723167799725,0.979081500813975,1.0,0.3386415330415956,0.0,False,"['weak_signal', 'insufficient_net_edge']"
2025-08-12 00:00:00-04:00,NVDA,stock flow + macro overlay favors long exposure,flat,,-0.1297016902951233,0.979081500813975,1.0,0.32928764769587704,0.0,False,"['weak_signal', 'insufficient_net_edge']"
2025-08-12 00:00:00-04:00,EURUSD,forex flow + macro overlay favors short exposure,flat,,-0.1248891009218773,0.979081500813975,1.0,0.3280845003525656,0.0,False,"['weak_signal', 'insufficient_net_edge']"
2025-08-12 00:00:00-04:00,COPPER,metal flow + macro overlay favors short exposure,flat,,-0.051594615678579495,0.979081500813975,1.0,0.3097608790417411,0.0,False,"['weak_signal', 'insufficient_net_edge']"
2025-08-13 00:00:00-04:00,ETH,crypto flow + macro overlay favors long exposure,flat,,0.7449848719698151,0.9735967255811555,1.0,0.4822857268296271,0.0,False,"['weak_signal', 'insufficient_net_edge']"
2025-08-13 00:00:00-04:00,SOL,crypto flow + macro overlay favors long exposure,flat,,0.6829597473058906,0.9735967255811555,1.0,0.46677944566364593,0.0,False,"['weak_signal', 'insufficient_net_edge']"
2025-08-13 00:00:00-04:00,BTC,crypto flow + macro overlay favors long exposure,flat,,0.34974417124575485,0.9735967255811555,1.0,0.383475551648612,0.0,False,"['weak_signal', 'insufficient_net_edge']"
2025-08-13 00:00:00-04:00,XRP,crypto flow + macro overlay favors long exposure,flat,,-0.0320969527406461,0.9735967255811555,1.0,0.30406374702233485,0.0,False,"['weak_signal', 'insufficient_net_edge']"
2025-08-13 00:00:00-04:00,AUDUSD,forex flow + macro overlay favors short exposure,flat,,0.0,0.9735967255811555,1.0,0.29603950883717334,0.0,False,"['weak_signal', 'insufficient_net_edge']"
2025-08-13 00:00:00-04:00,COPPER,metal flow + macro overlay favors short exposure,flat,,0.0,0.9735967255811555,1.0,0.29603950883717334,0.0,False,"['weak_signal', 'insufficient_net_edge']"
2025-08-13 00:00:00-04:00,EURUSD,forex flow + macro overlay favors short exposure,flat,,0.0,0.9735967255811555,1.0,0.29603950883717334,0.0,False,"['weak_signal', 'insufficient_net_edge']"
2025-08-13 00:00:00-04:00,GOLD,metal flow + macro overlay favors short exposure,flat,,0.0,0.9735967255811555,1.0,0.29603950883717334,0.0,False,"['weak_signal', 'insufficient_net_edge']"
2025-08-13 00:00:00-04:00,GOOG,stock flow + macro overlay favors long exposure,flat,,0.0,0.9735967255811555,1.0,0.29603950883717334,0.0,False,"['weak_signal', 'insufficient_net_edge']"
2025-08-13 00:00:00-04:00,MCD,stock flow + macro overlay favors long exposure,flat,,0.0,0.9735967255811555,1.0,0.29603950883717334,0.0,False,"['weak_signal', 'insufficient_net_edge']"
2025-08-13 00:00:00-04:00,NVDA,stock flow + macro overlay favors long exposure,flat,,0.0,0.9735967255811555,1.0,0.29603950883717334,0.0,False,"['weak_signal', 'insufficient_net_edge']"
2025-08-13 00:00:00-04:00,SILVER,metal flow + macro overlay favors short exposure,flat,,0.0,0.9735967255811555,1.0,0.29603950883717334,0.0,False,"['weak_signal', 'insufficient_net_edge']"
2025-08-13 00:00:00-04:00,SPY,stock flow + macro overlay favors long exposure,flat,,0.0,0.9735967255811555,1.0,0.29603950883717334,0.0,False,"['weak_signal', 'insufficient_net_edge']"
2025-08-13 00:00:00-04:00,TSLA,stock flow + macro overlay favors long exposure,flat,,0.0,0.9735967255811555,1.0,0.29603950883717334,0.0,False,"['weak_signal', 'insufficient_net_edge']"
2025-08-14 00:00:00-04:00,ETH,crypto flow + macro overlay favors long exposure,flat,,0.746228570560826,0.970341560031359,1.0,0.48210837664491035,0.0,False,"['weak_signal', 'insufficient_net_edge']"
2025-08-14 00:00:00-04:00,SOL,crypto flow + macro overlay favors long exposure,flat,,0.7419047081902146,0.970341560031359,1.0,0.48102741105225755,0.0,False,"['weak_signal', 'insufficient_net_edge']"
2025-08-14 00:00:00-04:00,AUDUSD,forex flow + macro overlay favors long exposure,flat,,0.5772659359310048,0.970341560031359,1.0,0.43986771798745505,0.0,False,"['weak_signal', 'insufficient_net_edge']"
2025-08-14 00:00:00-04:00,GOLD,metal flow + macro overlay favors short exposure,flat,,-0.5605926953825555,0.970341560031359,1.0,0.4356994078503428,0.0,False,"['weak_signal', 'insufficient_net_edge']"
2025-08-14 00:00:00-04:00,SILVER,metal flow + macro overlay favors short exposure,flat,,0.5524803896589183,0.970341560031359,1.0,0.4336713314194335,0.0,False,"['weak_signal', 'insufficient_net_edge']"
2025-08-14 00:00:00-04:00,BTC,crypto flow + macro overlay favors long exposure,flat,,0.47293717980412014,0.970341560031359,1.0,0.41378552895573384,0.0,False,"['weak_signal', 'insufficient_net_edge']"
2025-08-14 00:00:00-04:00,EURUSD,forex flow + macro overlay favors long exposure,flat,,0.2857658570524341,0.970341560031359,1.0,0.36699269826781233,0.0,False,"['weak_signal', 'insufficient_net_edge']"
2025-08-14 00:00:00-04:00,XRP,crypto flow + macro overlay favors long exposure,flat,,0.27730139790988184,0.970341560031359,1.0,0.36487658348217433,0.0,False,"['weak_signal', 'insufficient_net_edge']"
2025-08-14 00:00:00-04:00,COPPER,metal flow + macro overlay favors short exposure,flat,,0.09903302170982398,0.970341560031359,1.0,0.32030948943215987,0.0,False,"['weak_signal', 'insufficient_net_edge']"
2025-08-14 00:00:00-04:00,GOOG,stock flow + macro overlay favors long exposure,flat,,0.0,0.970341560031359,1.0,0.29555123400470384,0.0,False,"['weak_signal', 'insufficient_net_edge']"
2025-08-14 00:00:00-04:00,MCD,stock flow + macro overlay favors long exposure,flat,,0.0,0.970341560031359,1.0,0.29555123400470384,0.0,False,"['weak_signal', 'insufficient_net_edge']"
2025-08-14 00:00:00-04:00,NVDA,stock flow + macro overlay favors long exposure,flat,,0.0,0.970341560031359,1.0,0.29555123400470384,0.0,False,"['weak_signal', 'insufficient_net_edge']"
2025-08-14 00:00:00-04:00,SPY,stock flow + macro overlay favors long exposure,flat,,0.0,0.970341560031359,1.0,0.29555123400470384,0.0,False,"['weak_signal', 'insufficient_net_edge']"
2025-08-14 00:00:00-04:00,TSLA,stock flow + macro overlay favors long exposure,flat,,0.0,0.970341560031359,1.0,0.29555123400470384,0.0,False,"['weak_signal', 'insufficient_net_edge']"
2025-08-15 00:00:00-04:00,SOL,crypto flow + macro overlay favors long exposure,flat,,0.7379457325134892,0.9832377861395963,1.0,0.48197210104931176,0.0,False,"['weak_signal', 'insufficient_net_edge']"
2025-08-15 00:00:00-04:00,ETH,crypto flow + macro overlay favors long exposure,flat,,0.7344497130169623,0.9832377861395963,1.0,0.48109809617518007,0.0,False,"['weak_signal', 'insufficient_net_edge']"
2025-08-15 00:00:00-04:00,SPY,stock flow + macro overlay favors long exposure,flat,,0.6974330186538955,0.9832377861395963,1.0,0.4718439225844133,0.0,False,"['weak_signal', 'insufficient_net_edge']"
2025-08-15 00:00:00-04:00,MCD,stock flow + macro overlay favors long exposure,flat,,0.6229344936148573,0.9832377861395963,1.0,0.4532192913246538,0.0,False,"['weak_signal', 'insufficient_net_edge']"
2025-08-15 00:00:00-04:00,GOOG,stock flow + macro overlay favors long exposure,flat,,0.4707944124135732,0.9832377861395963,1.0,0.41518427102433275,0.0,False,"['weak_signal', 'insufficient_net_edge']"
2025-08-15 00:00:00-04:00,TSLA,stock flow + macro overlay favors long exposure,flat,,-0.4489466273108845,0.9832377861395963,1.0,0.40972232474866055,0.0,False,"['weak_signal', 'insufficient_net_edge']"
2025-08-15 00:00:00-04:00,AUDUSD,forex flow + macro overlay favors short exposure,flat,,-0.34918034357759414,0.9832377861395963,1.0,0.38478075381533794,0.0,False,"['weak_signal', 'insufficient_net_edge']"
2025-08-15 00:00:00-04:00,GOLD,metal flow + macro overlay favors short exposure,flat,,-0.3387853044712304,0.9832377861395963,1.0,0.3821819940387471,0.0,False,"['weak_signal', 'insufficient_net_edge']"
2025-08-15 00:00:00-04:00,EURUSD,forex flow + macro overlay favors short exposure,flat,,0.3143614820787334,0.9832377861395963,1.0,0.37607603844062276,0.0,False,"['weak_signal', 'insufficient_net_edge']"
2025-08-15 00:00:00-04:00,SILVER,metal flow + macro overlay favors short exposure,flat,,0.18787172261504143,0.9832377861395963,1.0,0.3444535985746998,0.0,False,"['weak_signal', 'insufficient_net_edge']"
2025-08-15 00:00:00-04:00,XRP,crypto flow + macro overlay favors long exposure,flat,,-0.17013725932538584,0.9832377861395963,1.0,0.3400199827522859,0.0,False,"['weak_signal', 'insufficient_net_edge']"
2025-08-15 00:00:00-04:00,BTC,crypto flow + macro overlay favors long exposure,flat,,0.0756807146940662,0.9832377861395963,1.0,0.31640584659445603,0.0,False,"['weak_signal', 'insufficient_net_edge']"
2025-08-15 00:00:00-04:00,COPPER,metal flow + macro overlay favors short exposure,flat,,0.05766819189574069,0.9832377861395963,1.0,0.3119027158948746,0.0,False,"['weak_signal', 'insufficient_net_edge']"
2025-08-15 00:00:00-04:00,NVDA,stock flow + macro overlay favors long exposure,flat,,-0.0397998970130285,0.9832377861395963,1.0,0.3074356421741966,0.0,False,"['weak_signal', 'insufficient_net_edge']"
2025-08-16 00:00:00-04:00,MCD,stock flow + macro overlay favors long exposure,flat,,0.7286671518895056,0.9977945759582063,1.0,0.48183597436610737,0.0,False,"['weak_signal', 'insufficient_net_edge']"
2025-08-16 00:00:00-04:00,TSLA,stock flow + macro overlay favors long exposure,flat,,-0.6667974924225217,0.9977945759582063,1.0,0.4663685594993614,0.0,False,"['weak_signal', 'insufficient_net_edge']"
2025-08-16 00:00:00-04:00,ETH,crypto flow + macro overlay favors long exposure,flat,,-0.6395573721487556,0.9977945759582063,1.0,0.4595585294309199,0.0,False,"['weak_signal', 'insufficient_net_edge']"
2025-08-16 00:00:00-04:00,SOL,crypto flow + macro overlay favors long exposure,flat,,-0.608006584658444,0.9977945759582063,1.0,0.45167083255834195,0.0,False,"['weak_signal', 'insufficient_net_edge']"
2025-08-16 00:00:00-04:00,BTC,crypto flow + macro overlay favors long exposure,flat,,-0.5648782796362299,0.9977945759582063,1.0,0.44088875630278845,0.0,False,"['weak_signal', 'insufficient_net_edge']"
2025-08-16 00:00:00-04:00,XRP,crypto flow + macro overlay favors long exposure,flat,,-0.5539739735750473,0.9977945759582063,1.0,0.4381626797874928,0.0,False,"['weak_signal', 'insufficient_net_edge']"
2025-08-16 00:00:00-04:00,AUDUSD,forex flow + macro overlay favors long exposure,flat,,-0.5245519830148617,0.9977945759582063,1.0,0.4308071821474464,0.0,False,"['weak_signal', 'insufficient_net_edge']"
2025-08-16 00:00:00-04:00,NVDA,stock flow + macro overlay favors long exposure,flat,,-0.5117416094876986,0.9977945759582063,1.0,0.42760458876565566,0.0,False,"['weak_signal', 'insufficient_net_edge']"
2025-08-16 00:00:00-04:00,GOLD,metal flow + macro overlay favors short exposure,flat,,-0.4380390574629546,0.9977945759582063,1.0,0.40917895075946964,0.0,False,"['weak_signal', 'insufficient_net_edge']"
2025-08-16 00:00:00-04:00,SILVER,metal flow + macro overlay favors short exposure,flat,,-0.41580508954055306,0.9977945759582063,1.0,0.4036204587788692,0.0,False,"['weak_signal', 'insufficient_net_edge']"
2025-08-16 00:00:00-04:00,GOOG,stock flow + macro overlay favors long exposure,flat,,0.23496466552398057,0.9977945759582063,1.0,0.3584103527747261,0.0,False,"['weak_signal', 'insufficient_net_edge']"
2025-08-16 00:00:00-04:00,EURUSD,forex flow + macro overlay favors long exposure,flat,,0.1874598291031498,0.9977945759582063,1.0,0.3465341436695184,0.0,False,"['weak_signal', 'insufficient_net_edge']"
2025-08-16 00:00:00-04:00,COPPER,metal flow + macro overlay favors short exposure,flat,,-0.06052147027538134,0.9977945759582063,1.0,0.3147995539625763,0.0,False,"['weak_signal', 'insufficient_net_edge']"
2025-08-16 00:00:00-04:00,SPY,stock flow + macro overlay favors long exposure,flat,,0.02303128951820843,0.9977945759582063,1.0,0.30542700877328305,0.0,False,"['weak_signal', 'insufficient_net_edge']"
2025-08-17 00:00:00-04:00,BTC,crypto flow + macro overlay favors long exposure,flat,,-0.7418582144072388,0.9940126648544185,0.9642857142857144,0.47920931047282966,0.0,False,"['report_invalid', 'weak_signal', 'insufficient_net_edge']"
2025-08-17 00:00:00-04:00,ETH,crypto flow + macro overlay favors long exposure,flat,,-0.7024869367061433,0.9940126648544185,0.9642857142857144,0.4693664910475558,0.0,False,"['report_invalid', 'weak_signal', 'insufficient_net_edge']"
2025-08-17 00:00:00-04:00,SOL,crypto flow + macro overlay favors long exposure,flat,,-0.6872410250369423,0.9940126648544185,0.9642857142857144,0.4655550131302555,0.0,False,"['report_invalid', 'weak_signal', 'insufficient_net_edge']"
2025-08-17 00:00:00-04:00,XRP,crypto flow + macro overlay favors long exposure,flat,,-0.6501057313951386,0.9940126648544185,0.9642857142857144,0.4562711897198046,0.0,False,"['report_invalid', 'weak_signal', 'insufficient_net_edge']"
2025-08-17 00:00:00-04:00,AUDUSD,forex flow + macro overlay favors long exposure,flat,,0.0,0.9940126648544185,0.9642857142857144,0.2937447568710199,0.0,False,"['report_invalid', 'weak_signal', 'insufficient_net_edge']"
2025-08-17 00:00:00-04:00,COPPER,metal flow + macro overlay favors long exposure,flat,,0.0,0.9940126648544185,0.9642857142857144,0.2937447568710199,0.0,False,"['report_invalid', 'weak_signal', 'insufficient_net_edge']"
2025-08-17 00:00:00-04:00,EURUSD,forex flow + macro overlay favors long exposure,flat,,0.0,0.9940126648544185,0.9642857142857144,0.2937447568710199,0.0,False,"['report_invalid', 'weak_signal', 'insufficient_net_edge']"
2025-08-17 00:00:00-04:00,GOLD,metal flow + macro overlay favors long exposure,flat,,0.0,0.9940126648544185,0.9642857142857144,0.2937447568710199,0.0,False,"['report_invalid', 'weak_signal', 'insufficient_net_edge']"
2025-08-17 00:00:00-04:00,GOOG,stock flow + macro overlay favors long exposure,flat,,0.0,0.9940126648544185,0.9642857142857144,0.2937447568710199,0.0,False,"['report_invalid', 'weak_signal', 'insufficient_net_edge']"
2025-08-17 00:00:00-04:00,MCD,stock flow + macro overlay favors long exposure,flat,,0.0,0.9940126648544185,0.9642857142857144,0.2937447568710199,0.0,False,"['report_invalid', 'weak_signal', 'insufficient_net_edge']"
2025-08-17 00:00:00-04:00,NVDA,stock flow + macro overlay favors long exposure,flat,,0.0,0.9940126648544185,0.9642857142857144,0.2937447568710199,0.0,False,"['report_invalid', 'weak_signal', 'insufficient_net_edge']"
2025-08-17 00:00:00-04:00,SILVER,metal flow + macro overlay favors long exposure,flat,,0.0,0.9940126648544185,0.9642857142857144,0.2937447568710199,0.0,False,"['report_invalid', 'weak_signal', 'insufficient_net_edge']"
2025-08-17 00:00:00-04:00,SPY,stock flow + macro overlay favors long exposure,flat,,0.0,0.9940126648544185,0.9642857142857144,0.2937447568710199,0.0,False,"['report_invalid', 'weak_signal', 'insufficient_net_edge']"
2025-08-17 00:00:00-04:00,TSLA,stock flow + macro overlay favors long exposure,flat,,0.0,0.9940126648544185,0.9642857142857144,0.2937447568710199,0.0,False,"['report_invalid', 'weak_signal', 'insufficient_net_edge']"
2025-08-18 00:00:00-04:00,ETH,crypto flow + macro overlay favors short exposure,flat,,-0.7152202812149793,0.9874787996382803,0.9642857142857144,0.47156974739234403,0.0,False,"['report_invalid', 'weak_signal', 'insufficient_net_edge']"
2025-08-18 00:00:00-04:00,BTC,crypto flow + macro overlay favors short exposure,flat,,-0.713236170968303,0.9874787996382803,0.9642857142857144,0.47107371983067503,0.0,False,"['report_invalid', 'weak_signal', 'insufficient_net_edge']"
2025-08-18 00:00:00-04:00,SOL,crypto flow + macro overlay favors short exposure,flat,,-0.6702185511721467,0.9874787996382803,0.9642857142857144,0.4603193148816359,0.0,False,"['report_invalid', 'weak_signal', 'insufficient_net_edge']"
2025-08-18 00:00:00-04:00,XRP,crypto flow + macro overlay favors short exposure,flat,,-0.5635561096194115,0.9874787996382803,0.9642857142857144,0.4336537044934521,0.0,False,"['report_invalid', 'weak_signal', 'insufficient_net_edge']"
2025-08-18 00:00:00-04:00,AUDUSD,forex flow + macro overlay favors long exposure,flat,,0.4769978019269317,0.9874787996382803,0.9642857142857144,0.4120141275703322,0.0,False,"['report_invalid', 'weak_signal', 'insufficient_net_edge']"
2025-08-18 00:00:00-04:00,EURUSD,forex flow + macro overlay favors long exposure,flat,,0.42485543718962154,0.9874787996382803,0.9642857142857144,0.39897853638600456,0.0,False,"['report_invalid', 'weak_signal', 'insufficient_net_edge']"
2025-08-18 00:00:00-04:00,GOLD,metal flow + macro overlay favors short exposure,flat,,0.3126904592828091,0.9874787996382803,0.9642857142857144,0.37093729190930147,0.0,False,"['report_invalid', 'weak_signal', 'insufficient_net_edge']"
2025-08-18 00:00:00-04:00,SILVER,metal flow + macro overlay favors short exposure,flat,,0.2736344166317062,0.9874787996382803,0.9642857142857144,0.36117328124652576,0.0,False,"['report_invalid', 'weak_signal', 'insufficient_net_edge']"
2025-08-18 00:00:00-04:00,COPPER,metal flow + macro overlay favors short exposure,flat,,0.034520342350018565,0.9874787996382803,0.9642857142857144,0.3013947626761039,0.0,False,"['report_invalid', 'weak_signal', 'insufficient_net_edge']"
2025-08-18 00:00:00-04:00,GOOG,stock flow + macro overlay favors long exposure,flat,,0.0,0.9874787996382803,0.9642857142857144,0.2927646770885992,0.0,False,"['report_invalid', 'weak_signal', 'insufficient_net_edge']"
2025-08-18 00:00:00-04:00,MCD,stock flow + macro overlay favors long exposure,flat,,0.0,0.9874787996382803,0.9642857142857144,0.2927646770885992,0.0,False,"['report_invalid', 'weak_signal', 'insufficient_net_edge']"
2025-08-18 00:00:00-04:00,NVDA,stock flow + macro overlay favors long exposure,flat,,0.0,0.9874787996382803,0.9642857142857144,0.2927646770885992,0.0,False,"['report_invalid', 'weak_signal', 'insufficient_net_edge']"
2025-08-18 00:00:00-04:00,SPY,stock flow + macro overlay favors long exposure,flat,,0.0,0.9874787996382803,0.9642857142857144,0.2927646770885992,0.0,False,"['report_invalid', 'weak_signal', 'insufficient_net_edge']"
2025-08-18 00:00:00-04:00,TSLA,stock flow + macro overlay favors long exposure,flat,,0.0,0.9874787996382803,0.9642857142857144,0.2927646770885992,0.0,False,"['report_invalid', 'weak_signal', 'insufficient_net_edge']"
2025-08-19 00:00:00-04:00,BTC,crypto flow + macro overlay favors short exposure,flat,,-0.6595158371729295,0.978975475348107,1.0,0.4617252805954485,0.0,False,"['weak_signal', 'insufficient_net_edge']"
2025-08-19 00:00:00-04:00,ETH,crypto flow + macro overlay favors short exposure,flat,,-0.6478551425109716,0.978975475348107,1.0,0.45881010692995894,0.0,False,"['weak_signal', 'insufficient_net_edge']"
2025-08-19 00:00:00-04:00,SOL,crypto flow + macro overlay favors short exposure,flat,,-0.5725275464119628,0.978975475348107,1.0,0.4399782079052068,0.0,False,"['weak_signal', 'insufficient_net_edge']"
2025-08-19 00:00:00-04:00,XRP,crypto flow + macro overlay favors short exposure,flat,,-0.5337221641013891,0.978975475348107,1.0,0.43027686232756335,0.0,False,"['weak_signal', 'insufficient_net_edge']"
2025-08-19 00:00:00-04:00,TSLA,stock flow + macro overlay favors long exposure,flat,,0.45933440689989136,0.978975475348107,1.0,0.4116799230271889,0.0,False,"['weak_signal', 'insufficient_net_edge']"
2025-08-19 00:00:00-04:00,AUDUSD,forex flow + macro overlay favors short exposure,flat,,-0.4291594378568734,0.978975475348107,1.0,0.4041361807664344,0.0,False,"['weak_signal', 'insufficient_net_edge']"
2025-08-19 00:00:00-04:00,EURUSD,forex flow + macro overlay favors short exposure,flat,,-0.41045785530525924,0.978975475348107,1.0,0.3994607851285309,0.0,False,"['weak_signal', 'insufficient_net_edge']"
2025-08-19 00:00:00-04:00,NVDA,stock flow + macro overlay favors long exposure,flat,,0.3886995044508058,0.978975475348107,1.0,0.3940211974149175,0.0,False,"['weak_signal', 'insufficient_net_edge']"
2025-08-19 00:00:00-04:00,GOOG,stock flow + macro overlay favors long exposure,flat,,-0.185560048064263,0.978975475348107,1.0,0.3432363333182818,0.0,False,"['weak_signal', 'insufficient_net_edge']"
2025-08-19 00:00:00-04:00,MCD,stock flow + macro overlay favors long exposure,flat,,-0.08867657881452866,0.978975475348107,1.0,0.3190154660058482,0.0,False,"['weak_signal', 'insufficient_net_edge']"
2025-08-19 00:00:00-04:00,SILVER,metal flow + macro overlay favors short exposure,flat,,-0.06286154936020535,0.978975475348107,1.0,0.3125617086422674,0.0,False,"['weak_signal', 'insufficient_net_edge']"
2025-08-19 00:00:00-04:00,COPPER,metal flow + macro overlay favors short exposure,flat,,-0.044783690746254406,0.978975475348107,1.0,0.30804224398877966,0.0,False,"['weak_signal', 'insufficient_net_edge']"
2025-08-19 00:00:00-04:00,SPY,stock flow + macro overlay favors long exposure,flat,,0.04174159165034241,0.978975475348107,1.0,0.30728171921480163,0.0,False,"['weak_signal', 'insufficient_net_edge']"
2025-08-19 00:00:00-04:00,GOLD,metal flow + macro overlay favors short exposure,flat,,-0.027051318314145853,0.978975475348107,1.0,0.3036091508807525,0.0,False,"['weak_signal', 'insufficient_net_edge']"
2025-08-20 00:00:00-04:00,BTC,crypto flow + macro overlay favors short exposure,flat,,-0.7244920046463944,0.9870715306296705,1.0,0.47918373075604914,0.0,False,"['weak_signal', 'insufficient_net_edge']"
2025-08-20 00:00:00-04:00,ETH,crypto flow + macro overlay favors short exposure,flat,,-0.7098692777576285,0.9870715306296705,1.0,0.4755280490338577,0.0,False,"['weak_signal', 'insufficient_net_edge']"
2025-08-20 00:00:00-04:00,XRP,crypto flow + macro overlay favors short exposure,flat,,-0.6945245917066986,0.9870715306296705,1.0,0.4716918775211252,0.0,False,"['weak_signal', 'insufficient_net_edge']"
2025-08-20 00:00:00-04:00,SOL,crypto flow + macro overlay favors short exposure,flat,,-0.6331263795583741,0.9870715306296705,1.0,0.4563423244840441,0.0,False,"['weak_signal', 'insufficient_net_edge']"
2025-08-20 00:00:00-04:00,AUDUSD,forex flow + macro overlay favors short exposure,flat,,0.0,0.9870715306296705,1.0,0.29806072959445057,0.0,False,"['weak_signal', 'insufficient_net_edge']"
2025-08-20 00:00:00-04:00,COPPER,metal flow + macro overlay favors short exposure,flat,,0.0,0.9870715306296705,1.0,0.29806072959445057,0.0,False,"['weak_signal', 'insufficient_net_edge']"
2025-08-20 00:00:00-04:00,EURUSD,forex flow + macro overlay favors short exposure,flat,,0.0,0.9870715306296705,1.0,0.29806072959445057,0.0,False,"['weak_signal', 'insufficient_net_edge']"
2025-08-20 00:00:00-04:00,GOLD,metal flow + macro overlay favors short exposure,flat,,0.0,0.9870715306296705,1.0,0.29806072959445057,0.0,False,"['weak_signal', 'insufficient_net_edge']"
2025-08-20 00:00:00-04:00,GOOG,stock flow + macro overlay favors short exposure,flat,,0.0,0.9870715306296705,1.0,0.29806072959445057,0.0,False,"['weak_signal', 'insufficient_net_edge']"
2025-08-20 00:00:00-04:00,MCD,stock flow + macro overlay favors short exposure,flat,,0.0,0.9870715306296705,1.0,0.29806072959445057,0.0,False,"['weak_signal', 'insufficient_net_edge']"
2025-08-20 00:00:00-04:00,NVDA,stock flow + macro overlay favors short exposure,flat,,0.0,0.9870715306296705,1.0,0.29806072959445057,0.0,False,"['weak_signal', 'insufficient_net_edge']"
2025-08-20 00:00:00-04:00,SILVER,metal flow + macro overlay favors short exposure,flat,,0.0,0.9870715306296705,1.0,0.29806072959445057,0.0,False,"['weak_signal', 'insufficient_net_edge']"
2025-08-20 00:00:00-04:00,SPY,stock flow + macro overlay favors short exposure,flat,,0.0,0.9870715306296705,1.0,0.29806072959445057,0.0,False,"['weak_signal', 'insufficient_net_edge']"
2025-08-20 00:00:00-04:00,TSLA,stock flow + macro overlay favors short exposure,flat,,0.0,0.9870715306296705,1.0,0.29806072959445057,0.0,False,"['weak_signal', 'insufficient_net_edge']"
2025-08-21 00:00:00-04:00,AUDUSD,forex flow + macro overlay favors short exposure,flat,,-0.7489783780326734,0.9976763561841595,1.0,0.48689604793579233,0.0,False,"['weak_signal', 'insufficient_net_edge']"
2025-08-21 00:00:00-04:00,COPPER,metal flow + macro overlay favors long exposure,flat,,-0.7263571288369755,0.9976763561841595,1.0,0.48124073563686776,0.0,False,"['weak_signal', 'insufficient_net_edge']"
2025-08-21 00:00:00-04:00,EURUSD,forex flow + macro overlay favors short exposure,flat,,-0.5772307064286205,0.9976763561841595,1.0,0.44395913003477905,0.0,False,"['weak_signal', 'insufficient_net_edge']"
2025-08-21 00:00:00-04:00,SOL,crypto flow + macro overlay favors long exposure,flat,,0.49407505669186347,0.9976763561841595,1.0,0.4231702176005898,0.0,False,"['weak_signal', 'insufficient_net_edge']"
2025-08-21 00:00:00-04:00,GOLD,metal flow + macro overlay favors long exposure,flat,,-0.48542438032920515,0.9976763561841595,1.0,0.42100754850992517,0.0,False,"['weak_signal', 'insufficient_net_edge']"
2025-08-21 00:00:00-04:00,SILVER,metal flow + macro overlay favors long exposure,flat,,-0.4850915398696887,0.9976763561841595,1.0,0.42092433839504606,0.0,False,"['weak_signal', 'insufficient_net_edge']"
2025-08-21 00:00:00-04:00,BTC,crypto flow + macro overlay favors long exposure,flat,,-0.433748982823115,0.9976763561841595,1.0,0.40808869913340273,0.0,False,"['weak_signal', 'insufficient_net_edge']"
2025-08-21 00:00:00-04:00,XRP,crypto flow + macro overlay favors long exposure,flat,,-0.26447235182367057,0.9976763561841595,1.0,0.36576954138354156,0.0,False,"['weak_signal', 'insufficient_net_edge']"
2025-08-21 00:00:00-04:00,ETH,crypto flow + macro overlay favors long exposure,flat,,-0.036898483145591986,0.9976763561841595,1.0,0.3088760742140219,0.0,False,"['weak_signal', 'insufficient_net_edge']"
2025-08-21 00:00:00-04:00,GOOG,stock flow + macro overlay favors long exposure,flat,,0.0,0.9976763561841595,1.0,0.2996514534276239,0.0,False,"['weak_signal', 'insufficient_net_edge']"
2025-08-21 00:00:00-04:00,MCD,stock flow + macro overlay favors long exposure,flat,,0.0,0.9976763561841595,1.0,0.2996514534276239,0.0,False,"['weak_signal', 'insufficient_net_edge']"
2025-08-21 00:00:00-04:00,NVDA,stock flow + macro overlay favors long exposure,flat,,0.0,0.9976763561841595,1.0,0.2996514534276239,0.0,False,"['weak_signal', 'insufficient_net_edge']"
2025-08-21 00:00:00-04:00,SPY,stock flow + macro overlay favors long exposure,flat,,0.0,0.9976763561841595,1.0,0.2996514534276239,0.0,False,"['weak_signal', 'insufficient_net_edge']"
2025-08-21 00:00:00-04:00,TSLA,stock flow + macro overlay favors long exposure,flat,,0.0,0.9976763561841595,1.0,0.2996514534276239,0.0,False,"['weak_signal', 'insufficient_net_edge']"
2025-08-22 00:00:00-04:00,AUDUSD,forex flow + macro overlay favors short exposure,flat,,-0.7440995297313024,0.9941541353752554,1.0,0.48514800273911396,0.0,False,"['weak_signal', 'insufficient_net_edge']"
2025-08-22 00:00:00-04:00,NVDA,stock flow + macro overlay favors long exposure,flat,,-0.7390730910427125,0.9941541353752554,1.0,0.4838913930669664,0.0,False,"['weak_signal', 'insufficient_net_edge']"
2025-08-22 00:00:00-04:00,TSLA,stock flow + macro overlay favors long exposure,flat,,-0.7331037313798536,0.9941541353752554,1.0,0.48239905315125176,0.0,False,"['weak_signal', 'insufficient_net_edge']"
2025-08-22 00:00:00-04:00,EURUSD,forex flow + macro overlay favors short exposure,flat,,-0.7030224279827779,0.9941541353752554,1.0,0.4748787273019828,0.0,False,"['weak_signal', 'insufficient_net_edge']"
2025-08-22 00:00:00-04:00,SPY,stock flow + macro overlay favors long exposure,flat,,-0.6998266237433538,0.9941541353752554,1.0,0.4740797762421267,0.0,False,"['weak_signal', 'insufficient_net_edge']"
2025-08-22 00:00:00-04:00,MCD,stock flow + macro overlay favors long exposure,flat,,0.6552728202314178,0.9941541353752554,1.0,0.4629413253641428,0.0,False,"['weak_signal', 'insufficient_net_edge']"
2025-08-22 00:00:00-04:00,GOOG,stock flow + macro overlay favors long exposure,flat,,-0.6382150101757916,0.9941541353752554,1.0,0.4586768728502362,0.0,False,"['weak_signal', 'insufficient_net_edge']"
2025-08-22 00:00:00-04:00,XRP,crypto flow + macro overlay favors short exposure,flat,,-0.6072127102164074,0.9941541353752554,1.0,0.4509262978603902,0.0,False,"['weak_signal', 'insufficient_net_edge']"
2025-08-22 00:00:00-04:00,COPPER,metal flow + macro overlay favors long exposure,flat,,-0.5848032901170752,0.9941541353752554,1.0,0.4453239428355571,0.0,False,"['weak_signal', 'insufficient_net_edge']"
2025-08-22 00:00:00-04:00,BTC,crypto flow + macro overlay favors short exposure,flat,,-0.5448523966696212,0.9941541353752554,1.0,0.4353362194736936,0.0,False,"['weak_signal', 'insufficient_net_edge']"
2025-08-22 00:00:00-04:00,GOLD,metal flow + macro overlay favors long exposure,flat,,-0.34258620307744725,0.9941541353752554,1.0,0.3847696710756501,0.0,False,"['weak_signal', 'insufficient_net_edge']"
2025-08-22 00:00:00-04:00,ETH,crypto flow + macro overlay favors short exposure,flat,,0.34060476133881534,0.9941541353752554,1.0,0.38427431064099216,0.0,False,"['weak_signal', 'insufficient_net_edge']"
2025-08-22 00:00:00-04:00,SOL,crypto flow + macro overlay favors short exposure,flat,,0.32389388412441267,0.9941541353752554,1.0,0.3800965913373915,0.0,False,"['weak_signal', 'insufficient_net_edge']"
2025-08-22 00:00:00-04:00,SILVER,metal flow + macro overlay favors long exposure,flat,,0.13753353753228126,0.9941541353752554,1.0,0.3335065046893586,0.0,False,"['weak_signal', 'insufficient_net_edge']"
2025-08-23 00:00:00-04:00,SILVER,metal flow + macro overlay favors long exposure,flat,,0.7495600742745432,0.9829189072597213,1.0,0.48482785465759404,0.0,False,"['weak_signal', 'insufficient_net_edge']"
2025-08-23 00:00:00-04:00,ETH,crypto flow + macro overlay favors long exposure,flat,,0.7483322596933761,0.9829189072597213,1.0,0.4845209010123023,0.0,False,"['weak_signal', 'insufficient_net_edge']"
2025-08-23 00:00:00-04:00,GOLD,metal flow + macro overlay favors long exposure,flat,,0.73953690374772,0.9829189072597213,1.0,0.48232206202588823,0.0,False,"['weak_signal', 'insufficient_net_edge']"
2025-08-23 00:00:00-04:00,GOOG,stock flow + macro overlay favors long exposure,flat,,0.7315714262604892,0.9829189072597213,1.0,0.48033069265408046,0.0,False,"['weak_signal', 'insufficient_net_edge']"
2025-08-23 00:00:00-04:00,SOL,crypto flow + macro overlay favors long exposure,flat,,0.7231820745981772,0.9829189072597213,1.0,0.4782333547385025,0.0,False,"['weak_signal', 'insufficient_net_edge']"
2025-08-23 00:00:00-04:00,TSLA,stock flow + macro overlay favors long exposure,flat,,0.7113010904389052,0.9829189072597213,1.0,0.4752631086986845,0.0,False,"['weak_signal', 'insufficient_net_edge']"
2025-08-23 00:00:00-04:00,EURUSD,forex flow + macro overlay favors short exposure,flat,,0.6877139094857804,0.9829189072597213,1.0,0.46936631346040325,0.0,False,"['weak_signal', 'insufficient_net_edge']"
2025-08-23 00:00:00-04:00,AUDUSD,forex flow + macro overlay favors short exposure,flat,,0.6778711435258704,0.9829189072597213,1.0,0.46690562197042584,0.0,False,"['weak_signal', 'insufficient_net_edge']"
2025-08-23 00:00:00-04:00,SPY,stock flow + macro overlay favors long exposure,flat,,0.6581602999018231,0.9829189072597213,1.0,0.461977911064414,0.0,False,"['weak_signal', 'insufficient_net_edge']"
2025-08-23 00:00:00-04:00,NVDA,stock flow + macro overlay favors long exposure,flat,,0.6087941219672129,0.9829189072597213,1.0,0.44963636658076145,0.0,False,"['weak_signal', 'insufficient_net_edge']"
2025-08-23 00:00:00-04:00,COPPER,metal flow + macro overlay favors long exposure,flat,,0.5886338987740243,0.9829189072597213,1.0,0.4445963107824643,0.0,False,"['weak_signal', 'insufficient_net_edge']"
2025-08-23 00:00:00-04:00,BTC,crypto flow + macro overlay favors long exposure,flat,,0.5788863734765642,0.9829189072597213,1.0,0.4421594294580993,0.0,False,"['weak_signal', 'insufficient_net_edge']"
2025-08-23 00:00:00-04:00,XRP,crypto flow + macro overlay favors long exposure,flat,,0.519887948977192,0.9829189072597213,1.0,0.42740982333325617,0.0,False,"['weak_signal', 'insufficient_net_edge']"
2025-08-23 00:00:00-04:00,MCD,stock flow + macro overlay favors long exposure,flat,,0.4626228374988279,0.9829189072597213,1.0,0.41309354546366517,0.0,False,"['weak_signal', 'insufficient_net_edge']"
2025-08-24 00:00:00-04:00,ETH,crypto flow + macro overlay favors long exposure,flat,,0.7461686269524734,0.9814006838680406,0.9642857142857144,0.4783951164611816,0.0,False,"['report_invalid', 'weak_signal', 'insufficient_net_edge']"
2025-08-24 00:00:00-04:00,SOL,crypto flow + macro overlay favors long exposure,flat,,0.7318291339248408,0.9814006838680406,0.9642857142857144,0.47481024320427345,0.0,False,"['report_invalid', 'weak_signal', 'insufficient_net_edge']"
2025-08-24 00:00:00-04:00,XRP,crypto flow + macro overlay favors long exposure,flat,,0.5531961831402855,0.9814006838680406,0.9642857142857144,0.4301520055081346,0.0,False,"['report_invalid', 'weak_signal', 'insufficient_net_edge']"
2025-08-24 00:00:00-04:00,BTC,crypto flow + macro overlay favors long exposure,flat,,0.3796892385132836,0.9814006838680406,0.9642857142857144,0.3867752693513842,0.0,False,"['report_invalid', 'weak_signal', 'insufficient_net_edge']"
2025-08-24 00:00:00-04:00,AUDUSD,forex flow + macro overlay favors long exposure,flat,,0.0,0.9814006838680406,0.9642857142857144,0.29185295972306324,0.0,False,"['report_invalid', 'weak_signal', 'insufficient_net_edge']"
2025-08-24 00:00:00-04:00,COPPER,metal flow + macro overlay favors long exposure,flat,,0.0,0.9814006838680406,0.9642857142857144,0.29185295972306324,0.0,False,"['report_invalid', 'weak_signal', 'insufficient_net_edge']"
2025-08-24 00:00:00-04:00,EURUSD,forex flow + macro overlay favors long exposure,flat,,0.0,0.9814006838680406,0.9642857142857144,0.29185295972306324,0.0,False,"['report_invalid', 'weak_signal', 'insufficient_net_edge']"
2025-08-24 00:00:00-04:00,GOLD,metal flow + macro overlay favors long exposure,flat,,0.0,0.9814006838680406,0.9642857142857144,0.29185295972306324,0.0,False,"['report_invalid', 'weak_signal', 'insufficient_net_edge']"
2025-08-24 00:00:00-04:00,GOOG,stock flow + macro overlay favors long exposure,flat,,0.0,0.9814006838680406,0.9642857142857144,0.29185295972306324,0.0,False,"['report_invalid', 'weak_signal', 'insufficient_net_edge']"
2025-08-24 00:00:00-04:00,MCD,stock flow + macro overlay favors long exposure,flat,,0.0,0.9814006838680406,0.9642857142857144,0.29185295972306324,0.0,False,"['report_invalid', 'weak_signal', 'insufficient_net_edge']"
2025-08-24 00:00:00-04:00,NVDA,stock flow + macro overlay favors long exposure,flat,,0.0,0.9814006838680406,0.9642857142857144,0.29185295972306324,0.0,False,"['report_invalid', 'weak_signal', 'insufficient_net_edge']"
2025-08-24 00:00:00-04:00,SILVER,metal flow + macro overlay favors long exposure,flat,,0.0,0.9814006838680406,0.9642857142857144,0.29185295972306324,0.0,False,"['report_invalid', 'weak_signal', 'insufficient_net_edge']"
2025-08-24 00:00:00-04:00,SPY,stock flow + macro overlay favors long exposure,flat,,0.0,0.9814006838680406,0.9642857142857144,0.29185295972306324,0.0,False,"['report_invalid', 'weak_signal', 'insufficient_net_edge']"
2025-08-24 00:00:00-04:00,TSLA,stock flow + macro overlay favors long exposure,flat,,0.0,0.9814006838680406,0.9642857142857144,0.29185295972306324,0.0,False,"['report_invalid', 'weak_signal', 'insufficient_net_edge']"
2025-08-25 00:00:00-04:00,SOL,crypto flow + macro overlay favors long exposure,flat,,0.7459196112776993,0.9768359365874735,0.9642857142857144,0.477648150450403,0.0,False,"['report_invalid', 'weak_signal', 'insufficient_net_edge']"
2025-08-25 00:00:00-04:00,ETH,crypto flow + macro overlay favors long exposure,flat,,0.7416988917279758,0.9768359365874735,0.9642857142857144,0.4765929705629721,0.0,False,"['report_invalid', 'weak_signal', 'insufficient_net_edge']"
2025-08-25 00:00:00-04:00,AUDUSD,forex flow + macro overlay favors long exposure,flat,,0.7332559126007789,0.9768359365874735,0.9642857142857144,0.47448222578117294,0.0,False,"['report_invalid', 'weak_signal', 'insufficient_net_edge']"
2025-08-25 00:00:00-04:00,EURUSD,forex flow + macro overlay favors long exposure,flat,,0.7285620593412387,0.9768359365874735,0.9642857142857144,0.47330876246628784,0.0,False,"['report_invalid', 'weak_signal', 'insufficient_net_edge']"
2025-08-25 00:00:00-04:00,SILVER,metal flow + macro overlay favors long exposure,flat,,0.6957895787219566,0.9768359365874735,0.9642857142857144,0.4651156423114673,0.0,False,"['report_invalid', 'weak_signal', 'insufficient_net_edge']"
2025-08-25 00:00:00-04:00,GOLD,metal flow + macro overlay favors long exposure,flat,,0.693951312268111,0.9768359365874735,0.9642857142857144,0.46465607569800593,0.0,False,"['report_invalid', 'weak_signal', 'insufficient_net_edge']"
2025-08-25 00:00:00-04:00,XRP,crypto flow + macro overlay favors long exposure,flat,,0.6811432760194863,0.9768359365874735,0.9642857142857144,0.46145406663584976,0.0,False,"['report_invalid', 'weak_signal', 'insufficient_net_edge']"
2025-08-25 00:00:00-04:00,COPPER,metal flow + macro overlay favors long exposure,flat,,0.5869678352653702,0.9768359365874735,0.9642857142857144,0.4379102064473207,0.0,False,"['report_invalid', 'weak_signal', 'insufficient_net_edge']"
2025-08-25 00:00:00-04:00,BTC,crypto flow + macro overlay favors long exposure,flat,,0.08262318038049271,0.9768359365874735,0.9642857142857144,0.3118240427261013,0.0,False,"['report_invalid', 'weak_signal', 'insufficient_net_edge']"
2025-08-25 00:00:00-04:00,GOOG,stock flow + macro overlay favors long exposure,flat,,0.0,0.9768359365874735,0.9642857142857144,0.29116824763097815,0.0,False,"['report_invalid', 'weak_signal', 'insufficient_net_edge']"
2025-08-25 00:00:00-04:00,MCD,stock flow + macro overlay favors long exposure,flat,,0.0,0.9768359365874735,0.9642857142857144,0.29116824763097815,0.0,False,"['report_invalid', 'weak_signal', 'insufficient_net_edge']"
2025-08-25 00:00:00-04:00,NVDA,stock flow + macro overlay favors long exposure,flat,,0.0,0.9768359365874735,0.9642857142857144,0.29116824763097815,0.0,False,"['report_invalid', 'weak_signal', 'insufficient_net_edge']"
2025-08-25 00:00:00-04:00,SPY,stock flow + macro overlay favors long exposure,flat,,0.0,0.9768359365874735,0.9642857142857144,0.29116824763097815,0.0,False,"['report_invalid', 'weak_signal', 'insufficient_net_edge']"
2025-08-25 00:00:00-04:00,TSLA,stock flow + macro overlay favors long exposure,flat,,0.0,0.9768359365874735,0.9642857142857144,0.29116824763097815,0.0,False,"['report_invalid', 'weak_signal', 'insufficient_net_edge']"
2025-08-26 00:00:00-04:00,BTC,crypto flow + macro overlay favors long exposure,flat,,-0.7414425281208598,0.9824277408815757,1.0,0.4827247931624513,0.0,False,"['weak_signal', 'insufficient_net_edge']"
2025-08-26 00:00:00-04:00,EURUSD,forex flow + macro overlay favors long exposure,flat,,-0.678917243826448,0.9824277408815757,1.0,0.4670934720888483,0.0,False,"['weak_signal', 'insufficient_net_edge']"
2025-08-26 00:00:00-04:00,ETH,crypto flow + macro overlay favors long exposure,flat,,-0.6669129036677859,0.9824277408815757,1.0,0.4640923870491829,0.0,False,"['weak_signal', 'insufficient_net_edge']"
2025-08-26 00:00:00-04:00,SOL,crypto flow + macro overlay favors long exposure,flat,,-0.5774435560196544,0.9824277408815757,1.0,0.4417250501371499,0.0,False,"['weak_signal', 'insufficient_net_edge']"
2025-08-26 00:00:00-04:00,XRP,crypto flow + macro overlay favors long exposure,flat,,-0.5137929360306456,0.9824277408815757,1.0,0.42581239513989777,0.0,False,"['weak_signal', 'insufficient_net_edge']"
2025-08-26 00:00:00-04:00,COPPER,metal flow + macro overlay favors long exposure,flat,,0.44122365981155115,0.9824277408815757,1.0,0.4076700760851242,0.0,False,"['weak_signal', 'insufficient_net_edge']"
2025-08-26 00:00:00-04:00,NVDA,stock flow + macro overlay favors long exposure,flat,,0.4310285711275733,0.9824277408815757,1.0,0.4051213039141297,0.0,False,"['weak_signal', 'insufficient_net_edge']"
2025-08-26 00:00:00-04:00,GOOG,stock flow + macro overlay favors long exposure,flat,,0.3993041364762803,0.9824277408815757,1.0,0.3971901952513064,0.0,False,"['weak_signal', 'insufficient_net_edge']"
2025-08-26 00:00:00-04:00,SPY,stock flow + macro overlay favors long exposure,flat,,-0.3811026726355757,0.9824277408815757,1.0,0.3926398292911303,0.0,False,"['weak_signal', 'insufficient_net_edge']"
2025-08-26 00:00:00-04:00,SILVER,metal flow + macro overlay favors long exposure,flat,,-0.28537665417015645,0.9824277408815757,1.0,0.36870832467477543,0.0,False,"['weak_signal', 'insufficient_net_edge']"
2025-08-26 00:00:00-04:00,TSLA,stock flow + macro overlay favors long exposure,flat,,0.2684282321263036,0.9824277408815757,1.0,0.36447121916381225,0.0,False,"['weak_signal', 'insufficient_net_edge']"
2025-08-26 00:00:00-04:00,AUDUSD,forex flow + macro overlay favors long exposure,flat,,-0.26084052532187957,0.9824277408815757,1.0,0.3625742924627062,0.0,False,"['weak_signal', 'insufficient_net_edge']"
2025-08-26 00:00:00-04:00,GOLD,metal flow + macro overlay favors long exposure,flat,,0.18252638368288823,0.9824277408815757,1.0,0.34299575705295837,0.0,False,"['weak_signal', 'insufficient_net_edge']"
2025-08-26 00:00:00-04:00,MCD,stock flow + macro overlay favors long exposure,flat,,0.022173276800857955,0.9824277408815757,1.0,0.30290748033245085,0.0,False,"['weak_signal', 'insufficient_net_edge']"
2025-08-27 00:00:00-04:00,BTC,crypto flow + macro overlay favors long exposure,flat,,-0.6855153223963127,0.9758345295050423,1.0,0.4677540100248345,0.0,False,"['weak_signal', 'insufficient_net_edge']"
2025-08-27 00:00:00-04:00,ETH,crypto flow + macro overlay favors long exposure,flat,,-0.5498323736264215,0.9758345295050423,1.0,0.4338332728323617,0.0,False,"['weak_signal', 'insufficient_net_edge']"
2025-08-27 00:00:00-04:00,SOL,crypto flow + macro overlay favors long exposure,flat,,-0.3801272780169558,0.9758345295050423,1.0,0.3914069989299953,0.0,False,"['weak_signal', 'insufficient_net_edge']"
2025-08-27 00:00:00-04:00,XRP,crypto flow + macro overlay favors long exposure,flat,,-0.2381936757390369,0.9758345295050423,1.0,0.35592359836051557,0.0,False,"['weak_signal', 'insufficient_net_edge']"
2025-08-27 00:00:00-04:00,AUDUSD,forex flow + macro overlay favors long exposure,flat,,0.0,0.9758345295050423,1.0,0.2963751794257563,0.0,False,"['weak_signal', 'insufficient_net_edge']"
2025-08-27 00:00:00-04:00,COPPER,metal flow + macro overlay favors long exposure,flat,,0.0,0.9758345295050423,1.0,0.2963751794257563,0.0,False,"['weak_signal', 'insufficient_net_edge']"
2025-08-27 00:00:00-04:00,EURUSD,forex flow + macro overlay favors long exposure,flat,,0.0,0.9758345295050423,1.0,0.2963751794257563,0.0,False,"['weak_signal', 'insufficient_net_edge']"
2025-08-27 00:00:00-04:00,GOLD,metal flow + macro overlay favors long exposure,flat,,0.0,0.9758345295050423,1.0,0.2963751794257563,0.0,False,"['weak_signal', 'insufficient_net_edge']"
2025-08-27 00:00:00-04:00,GOOG,stock flow + macro overlay favors long exposure,flat,,0.0,0.9758345295050423,1.0,0.2963751794257563,0.0,False,"['weak_signal', 'insufficient_net_edge']"
2025-08-27 00:00:00-04:00,MCD,stock flow + macro overlay favors long exposure,flat,,0.0,0.9758345295050423,1.0,0.2963751794257563,0.0,False,"['weak_signal', 'insufficient_net_edge']"
2025-08-27 00:00:00-04:00,NVDA,stock flow + macro overlay favors long exposure,flat,,0.0,0.9758345295050423,1.0,0.2963751794257563,0.0,False,"['weak_signal', 'insufficient_net_edge']"
2025-08-27 00:00:00-04:00,SILVER,metal flow + macro overlay favors long exposure,flat,,0.0,0.9758345295050423,1.0,0.2963751794257563,0.0,False,"['weak_signal', 'insufficient_net_edge']"
2025-08-27 00:00:00-04:00,SPY,stock flow + macro overlay favors long exposure,flat,,0.0,0.9758345295050423,1.0,0.2963751794257563,0.0,False,"['weak_signal', 'insufficient_net_edge']"
2025-08-27 00:00:00-04:00,TSLA,stock flow + macro overlay favors long exposure,flat,,0.0,0.9758345295050423,1.0,0.2963751794257563,0.0,False,"['weak_signal', 'insufficient_net_edge']"
2025-08-28 00:00:00-04:00,COPPER,metal flow + macro overlay favors short exposure,flat,,-0.7248287309910432,0.9949785412164764,1.0,0.4804539639302322,0.0,False,"['weak_signal', 'insufficient_net_edge']"
2025-08-28 00:00:00-04:00,GOLD,metal flow + macro overlay favors short exposure,flat,,0.6966346916650507,0.9949785412164764,1.0,0.47340545409873414,0.0,False,"['weak_signal', 'insufficient_net_edge']"
2025-08-28 00:00:00-04:00,EURUSD,forex flow + macro overlay favors short exposure,flat,,-0.6190308257662568,0.9949785412164764,1.0,0.45400448762403567,0.0,False,"['weak_signal', 'insufficient_net_edge']"
2025-08-28 00:00:00-04:00,ETH,crypto flow + macro overlay favors long exposure,flat,,-0.5743953376601091,0.9949785412164764,1.0,0.4428456155974987,0.0,False,"['weak_signal', 'insufficient_net_edge']"
2025-08-28 00:00:00-04:00,AUDUSD,forex flow + macro overlay favors short exposure,flat,,0.418981554296189,0.9949785412164764,1.0,0.40399216975651875,0.0,False,"['weak_signal', 'insufficient_net_edge']"
2025-08-28 00:00:00-04:00,BTC,crypto flow + macro overlay favors long exposure,flat,,-0.34395580759764705,0.9949785412164764,1.0,0.3852357330818832,0.0,False,"['weak_signal', 'insufficient_net_edge']"
2025-08-28 00:00:00-04:00,XRP,crypto flow + macro overlay favors long exposure,flat,,-0.3002129326248043,0.9949785412164764,1.0,0.37430001433867255,0.0,False,"['weak_signal', 'insufficient_net_edge']"
2025-08-28 00:00:00-04:00,SOL,crypto flow + macro overlay favors long exposure,flat,,-0.10104313842587744,0.9949785412164764,1.0,0.3245075657889408,0.0,False,"['weak_signal', 'insufficient_net_edge']"
2025-08-28 00:00:00-04:00,SILVER,metal flow + macro overlay favors short exposure,flat,,0.014567551466463909,0.9949785412164764,1.0,0.3028886690490874,0.0,False,"['weak_signal', 'insufficient_net_edge']"
2025-08-28 00:00:00-04:00,GOOG,stock flow + macro overlay favors long exposure,flat,,0.0,0.9949785412164764,1.0,0.29924678118247144,0.0,False,"['weak_signal', 'insufficient_net_edge']"
2025-08-28 00:00:00-04:00,MCD,stock flow + macro overlay favors long exposure,flat,,0.0,0.9949785412164764,1.0,0.29924678118247144,0.0,False,"['weak_signal', 'insufficient_net_edge']"
2025-08-28 00:00:00-04:00,NVDA,stock flow + macro overlay favors long exposure,flat,,0.0,0.9949785412164764,1.0,0.29924678118247144,0.0,False,"['weak_signal', 'insufficient_net_edge']"
2025-08-28 00:00:00-04:00,SPY,stock flow + macro overlay favors long exposure,flat,,0.0,0.9949785412164764,1.0,0.29924678118247144,0.0,False,"['weak_signal', 'insufficient_net_edge']"
2025-08-28 00:00:00-04:00,TSLA,stock flow + macro overlay favors long exposure,flat,,0.0,0.9949785412164764,1.0,0.29924678118247144,0.0,False,"['weak_signal', 'insufficient_net_edge']"
2025-08-29 00:00:00-04:00,SOL,crypto flow + macro overlay favors long exposure,flat,,0.7434247115147421,0.996316778762826,1.0,0.4853036946931094,0.0,False,"['weak_signal', 'insufficient_net_edge']"
2025-08-29 00:00:00-04:00,GOLD,metal flow + macro overlay favors long exposure,flat,,0.7247894561702894,0.996316778762826,1.0,0.4806448808569963,0.0,False,"['weak_signal', 'insufficient_net_edge']"
2025-08-29 00:00:00-04:00,AUDUSD,forex flow + macro overlay favors long exposure,flat,,0.7150286584893047,0.996316778762826,1.0,0.4782046814367501,0.0,False,"['weak_signal', 'insufficient_net_edge']"
2025-08-29 00:00:00-04:00,COPPER,metal flow + macro overlay favors long exposure,flat,,0.6933874337647067,0.996316778762826,1.0,0.47279437525560053,0.0,False,"['weak_signal', 'insufficient_net_edge']"
2025-08-29 00:00:00-04:00,SPY,stock flow + macro overlay favors long exposure,flat,,0.6608687698061696,0.996316778762826,1.0,0.46466470926596626,0.0,False,"['weak_signal', 'insufficient_net_edge']"
2025-08-29 00:00:00-04:00,SILVER,metal flow + macro overlay favors long exposure,flat,,0.640883422160645,0.996316778762826,1.0,0.45966837235458513,0.0,False,"['weak_signal', 'insufficient_net_edge']"
2025-08-29 00:00:00-04:00,GOOG,stock flow + macro overlay favors long exposure,flat,,0.5977947256926427,0.996316778762826,1.0,0.44889619823758453,0.0,False,"['weak_signal', 'insufficient_net_edge']"
2025-08-29 00:00:00-04:00,BTC,crypto flow + macro overlay favors long exposure,flat,,0.5248557469096228,0.996316778762826,1.0,0.4306614535418296,0.0,False,"['weak_signal', 'insufficient_net_edge']"
2025-08-29 00:00:00-04:00,MCD,stock flow + macro overlay favors long exposure,flat,,-0.4410812940673896,0.996316778762826,1.0,0.40971784033127134,0.0,False,"['weak_signal', 'insufficient_net_edge']"
2025-08-29 00:00:00-04:00,EURUSD,forex flow + macro overlay favors long exposure,flat,,0.41372911951343394,0.996316778762826,1.0,0.4028797966927824,0.0,False,"['weak_signal', 'insufficient_net_edge']"
2025-08-29 00:00:00-04:00,XRP,crypto flow + macro overlay favors long exposure,flat,,0.37968645942019486,0.996316778762826,1.0,0.39436913166947263,0.0,False,"['weak_signal', 'insufficient_net_edge']"
2025-08-29 00:00:00-04:00,ETH,crypto flow + macro overlay favors long exposure,flat,,0.27543020631681725,0.996316778762826,1.0,0.3683050683936282,0.0,False,"['weak_signal', 'insufficient_net_edge']"
2025-08-29 00:00:00-04:00,NVDA,stock flow + macro overlay favors long exposure,flat,,-0.14928117578863334,0.996316778762826,1.0,0.33676781076158224,0.0,False,"['weak_signal', 'insufficient_net_edge']"
2025-08-29 00:00:00-04:00,TSLA,stock flow + macro overlay favors long exposure,flat,,0.054391780820390444,0.996316778762826,1.0,0.3130454620195215,0.0,False,"['weak_signal', 'insufficient_net_edge']"
2025-08-30 00:00:00-04:00,SILVER,metal flow + macro overlay favors long exposure,flat,,0.7492933015558316,0.9867213240406136,1.0,0.48533152399505,0.0,False,"['weak_signal', 'insufficient_net_edge']"
2025-08-30 00:00:00-04:00,GOLD,metal flow + macro overlay favors long exposure,flat,,0.7491221759906894,0.9867213240406136,1.0,0.4852887426037644,0.0,False,"['weak_signal', 'insufficient_net_edge']"
2025-08-30 00:00:00-04:00,COPPER,metal flow + macro overlay favors long exposure,flat,,0.7467123893835159,0.9867213240406136,1.0,0.484686295951971,0.0,False,"['weak_signal', 'insufficient_net_edge']"
2025-08-30 00:00:00-04:00,NVDA,stock flow + macro overlay favors long exposure,flat,,-0.7351318902050078,0.9867213240406136,1.0,0.48179117115734404,0.0,False,"['weak_signal', 'insufficient_net_edge']"
2025-08-30 00:00:00-04:00,XRP,crypto flow + macro overlay favors short exposure,flat,,-0.724170639325437,0.9867213240406136,1.0,0.4790508584374513,0.0,False,"['weak_signal', 'insufficient_net_edge']"
2025-08-30 00:00:00-04:00,GOOG,stock flow + macro overlay favors long exposure,flat,,0.7239809913053301,0.9867213240406136,1.0,0.47900344643242454,0.0,False,"['weak_signal', 'insufficient_net_edge']"
2025-08-30 00:00:00-04:00,TSLA,stock flow + macro overlay favors long exposure,flat,,-0.7209646152434256,0.9867213240406136,1.0,0.47824935241694844,0.0,False,"['weak_signal', 'insufficient_net_edge']"
2025-08-30 00:00:00-04:00,AUDUSD,forex flow + macro overlay favors long exposure,flat,,0.7113555953546066,0.9867213240406136,1.0,0.47584709744474374,0.0,False,"['weak_signal', 'insufficient_net_edge']"
2025-08-30 00:00:00-04:00,BTC,crypto flow + macro overlay favors short exposure,flat,,-0.690188597172736,0.9867213240406136,1.0,0.470555347899276,0.0,False,"['weak_signal', 'insufficient_net_edge']"
2025-08-30 00:00:00-04:00,EURUSD,forex flow + macro overlay favors long exposure,flat,,0.6568872994061623,0.9867213240406136,1.0,0.46223002345763264,0.0,False,"['weak_signal', 'insufficient_net_edge']"
2025-08-30 00:00:00-04:00,ETH,crypto flow + macro overlay favors short exposure,flat,,-0.6527467295889213,0.9867213240406136,1.0,0.4611948810033224,0.0,False,"['weak_signal', 'insufficient_net_edge']"
2025-08-30 00:00:00-04:00,MCD,stock flow + macro overlay favors long exposure,flat,,0.43610966391720024,0.9867213240406136,1.0,0.40703561458539206,0.0,False,"['weak_signal', 'insufficient_net_edge']"
2025-08-30 00:00:00-04:00,SOL,crypto flow + macro overlay favors short exposure,flat,,0.17731378088724914,0.9867213240406136,1.0,0.3423366438279043,0.0,False,"['weak_signal', 'insufficient_net_edge']"
2025-08-30 00:00:00-04:00,SPY,stock flow + macro overlay favors long exposure,flat,,-0.13500908139147422,0.9867213240406136,1.0,0.3317604689539606,0.0,False,"['weak_signal', 'insufficient_net_edge']"
2025-08-31 00:00:00-04:00,BTC,crypto flow + macro overlay favors long exposure,flat,,-0.688638406172087,0.997894352651515,0.9642857142857144,0.46648661158360616,0.0,False,"['report_invalid', 'weak_signal', 'insufficient_net_edge']"
2025-08-31 00:00:00-04:00,XRP,crypto flow + macro overlay favors long exposure,flat,,-0.6632944175135104,0.997894352651515,0.9642857142857144,0.460150614418962,0.0,False,"['report_invalid', 'weak_signal', 'insufficient_net_edge']"
2025-08-31 00:00:00-04:00,ETH,crypto flow + macro overlay favors long exposure,flat,,-0.22028030803791426,0.997894352651515,0.9642857142857144,0.349397087050063,0.0,False,"['report_invalid', 'weak_signal', 'insufficient_net_edge']"
2025-08-31 00:00:00-04:00,SOL,crypto flow + macro overlay favors long exposure,flat,,-0.1422115641669579,0.997894352651515,0.9642857142857144,0.3298799010823239,0.0,False,"['report_invalid', 'weak_signal', 'insufficient_net_edge']"
2025-08-31 00:00:00-04:00,AUDUSD,forex flow + macro overlay favors long exposure,flat,,0.0,0.997894352651515,0.9642857142857144,0.29432701004058437,0.0,False,"['report_invalid', 'weak_signal', 'insufficient_net_edge']"
2025-08-31 00:00:00-04:00,COPPER,metal flow + macro overlay favors long exposure,flat,,0.0,0.997894352651515,0.9642857142857144,0.29432701004058437,0.0,False,"['report_invalid', 'weak_signal', 'insufficient_net_edge']"
2025-08-31 00:00:00-04:00,EURUSD,forex flow + macro overlay favors long exposure,flat,,0.0,0.997894352651515,0.9642857142857144,0.29432701004058437,0.0,False,"['report_invalid', 'weak_signal', 'insufficient_net_edge']"
2025-08-31 00:00:00-04:00,GOLD,metal flow + macro overlay favors long exposure,flat,,0.0,0.997894352651515,0.9642857142857144,0.29432701004058437,0.0,False,"['report_invalid', 'weak_signal', 'insufficient_net_edge']"
2025-08-31 00:00:00-04:00,GOOG,stock flow + macro overlay favors long exposure,flat,,0.0,0.997894352651515,0.9642857142857144,0.29432701004058437,0.0,False,"['report_invalid', 'weak_signal', 'insufficient_net_edge']"
2025-08-31 00:00:00-04:00,MCD,stock flow + macro overlay favors long exposure,flat,,0.0,0.997894352651515,0.9642857142857144,0.29432701004058437,0.0,False,"['report_invalid', 'weak_signal', 'insufficient_net_edge']"
2025-08-31 00:00:00-04:00,NVDA,stock flow + macro overlay favors long exposure,flat,,0.0,0.997894352651515,0.9642857142857144,0.29432701004058437,0.0,False,"['report_invalid', 'weak_signal', 'insufficient_net_edge']"
2025-08-31 00:00:00-04:00,SILVER,metal flow + macro overlay favors long exposure,flat,,0.0,0.997894352651515,0.9642857142857144,0.29432701004058437,0.0,False,"['report_invalid', 'weak_signal', 'insufficient_net_edge']"
2025-08-31 00:00:00-04:00,SPY,stock flow + macro overlay favors long exposure,flat,,0.0,0.997894352651515,0.9642857142857144,0.29432701004058437,0.0,False,"['report_invalid', 'weak_signal', 'insufficient_net_edge']"
2025-08-31 00:00:00-04:00,TSLA,stock flow + macro overlay favors long exposure,flat,,0.0,0.997894352651515,0.9642857142857144,0.29432701004058437,0.0,False,"['report_invalid', 'weak_signal', 'insufficient_net_edge']"
2025-09-01 00:00:00-04:00,BTC,crypto flow + macro overlay favors short exposure,flat,,-0.7324130043028745,0.9907428841112088,0.9642857142857144,0.47635754083525705,0.0,False,"['report_invalid', 'weak_signal', 'insufficient_net_edge']"
2025-09-01 00:00:00-04:00,XRP,crypto flow + macro overlay favors short exposure,flat,,-0.7297281095587711,0.9907428841112088,0.9642857142857144,0.47568631714923126,0.0,False,"['report_invalid', 'weak_signal', 'insufficient_net_edge']"
2025-09-01 00:00:00-04:00,SOL,crypto flow + macro overlay favors short exposure,flat,,-0.6776165725197134,0.9907428841112088,0.9642857142857144,0.46265843288946684,0.0,False,"['report_invalid', 'weak_signal', 'insufficient_net_edge']"
2025-09-01 00:00:00-04:00,EURUSD,forex flow + macro overlay favors long exposure,flat,,0.49139859026066746,0.9907428841112088,0.9642857142857144,0.4161039373247053,0.0,False,"['report_invalid', 'weak_signal', 'insufficient_net_edge']"
2025-09-01 00:00:00-04:00,ETH,crypto flow + macro overlay favors short exposure,flat,,-0.34342428843753126,0.9907428841112088,0.9642857142857144,0.3791103618689213,0.0,False,"['report_invalid', 'weak_signal', 'insufficient_net_edge']"
2025-09-01 00:00:00-04:00,AUDUSD,forex flow + macro overlay favors long exposure,flat,,0.0881157862814979,0.9907428841112088,0.9642857142857144,0.31528323632991295,0.0,False,"['report_invalid', 'weak_signal', 'insufficient_net_edge']"
2025-09-01 00:00:00-04:00,COPPER,metal flow + macro overlay favors long exposure,flat,,0.0,0.9907428841112088,0.9642857142857144,0.2932542897595385,0.0,False,"['report_invalid', 'weak_signal', 'insufficient_net_edge']"
2025-09-01 00:00:00-04:00,GOLD,metal flow + macro overlay favors long exposure,flat,,0.0,0.9907428841112088,0.9642857142857144,0.2932542897595385,0.0,False,"['report_invalid', 'weak_signal', 'insufficient_net_edge']"
2025-09-01 00:00:00-04:00,GOOG,stock flow + macro overlay favors long exposure,flat,,0.0,0.9907428841112088,0.9642857142857144,0.2932542897595385,0.0,False,"['report_invalid', 'weak_signal', 'insufficient_net_edge']"
2025-09-01 00:00:00-04:00,MCD,stock flow + macro overlay favors long exposure,flat,,0.0,0.9907428841112088,0.9642857142857144,0.2932542897595385,0.0,False,"['report_invalid', 'weak_signal', 'insufficient_net_edge']"
2025-09-01 00:00:00-04:00,NVDA,stock flow + macro overlay favors long exposure,flat,,0.0,0.9907428841112088,0.9642857142857144,0.2932542897595385,0.0,False,"['report_invalid', 'weak_signal', 'insufficient_net_edge']"
2025-09-01 00:00:00-04:00,SILVER,metal flow + macro overlay favors long exposure,flat,,0.0,0.9907428841112088,0.9642857142857144,0.2932542897595385,0.0,False,"['report_invalid', 'weak_signal', 'insufficient_net_edge']"
2025-09-01 00:00:00-04:00,SPY,stock flow + macro overlay favors long exposure,flat,,0.0,0.9907428841112088,0.9642857142857144,0.2932542897595385,0.0,False,"['report_invalid', 'weak_signal', 'insufficient_net_edge']"
2025-09-01 00:00:00-04:00,TSLA,stock flow + macro overlay favors long exposure,flat,,0.0,0.9907428841112088,0.9642857142857144,0.2932542897595385,0.0,False,"['report_invalid', 'weak_signal', 'insufficient_net_edge']"
2025-09-02 00:00:00-04:00,GOLD,metal flow + macro overlay favors long exposure,flat,,0.7262243627957924,0.9803396301466822,0.9642857142857144,0.47324989236380754,0.0,False,"['report_invalid', 'weak_signal', 'insufficient_net_edge']"
2025-09-02 00:00:00-04:00,SILVER,metal flow + macro overlay favors long exposure,flat,,0.6809500754549742,0.9803396301466822,0.9642857142857144,0.4619313205286031,0.0,False,"['report_invalid', 'weak_signal', 'insufficient_net_edge']"
2025-09-02 00:00:00-04:00,BTC,crypto flow + macro overlay favors short exposure,flat,,0.5492322009210033,0.9803396301466822,0.9642857142857144,0.4290018518951103,0.0,False,"['report_invalid', 'weak_signal', 'insufficient_net_edge']"
2025-09-02 00:00:00-04:00,SOL,crypto flow + macro overlay favors short exposure,flat,,-0.26877511163877255,0.9803396301466822,0.9642857142857144,0.35888757957455264,0.0,False,"['report_invalid', 'weak_signal', 'insufficient_net_edge']"
2025-09-02 00:00:00-04:00,XRP,crypto flow + macro overlay favors short exposure,flat,,-0.15361122635011248,0.9803396301466822,0.9642857142857144,0.3300966082523876,0.0,False,"['report_invalid', 'weak_signal', 'insufficient_net_edge']"
2025-09-02 00:00:00-04:00,AUDUSD,forex flow + macro overlay favors long exposure,flat,,-0.07896831218527522,0.9803396301466822,0.9642857142857144,0.31143587971117825,0.0,False,"['report_invalid', 'weak_signal', 'insufficient_net_edge']"
2025-09-02 00:00:00-04:00,COPPER,metal flow + macro overlay favors long exposure,flat,,0.07764466243460158,0.9803396301466822,0.9642857142857144,0.3111049672735099,0.0,False,"['report_invalid', 'weak_signal', 'insufficient_net_edge']"
2025-09-02 00:00:00-04:00,EURUSD,forex flow + macro overlay favors long exposure,flat,,0.056825928227944515,0.9803396301466822,0.9642857142857144,0.30590028372184563,0.0,False,"['report_invalid', 'weak_signal', 'insufficient_net_edge']"
2025-09-02 00:00:00-04:00,ETH,crypto flow + macro overlay favors short exposure,flat,,0.056279872532265934,0.9803396301466822,0.9642857142857144,0.30576376979792597,0.0,False,"['report_invalid', 'weak_signal', 'insufficient_net_edge']"
2025-09-02 00:00:00-04:00,GOOG,stock flow + macro overlay favors long exposure,flat,,0.0,0.9803396301466822,0.9642857142857144,0.2916938016648595,0.0,False,"['report_invalid', 'weak_signal', 'insufficient_net_edge']"
2025-09-02 00:00:00-04:00,MCD,stock flow + macro overlay favors long exposure,flat,,0.0,0.9803396301466822,0.9642857142857144,0.2916938016648595,0.0,False,"['report_invalid', 'weak_signal', 'insufficient_net_edge']"
2025-09-02 00:00:00-04:00,NVDA,stock flow + macro overlay favors long exposure,flat,,0.0,0.9803396301466822,0.9642857142857144,0.2916938016648595,0.0,False,"['report_invalid', 'weak_signal', 'insufficient_net_edge']"
2025-09-02 00:00:00-04:00,SPY,stock flow + macro overlay favors long exposure,flat,,0.0,0.9803396301466822,0.9642857142857144,0.2916938016648595,0.0,False,"['report_invalid', 'weak_signal', 'insufficient_net_edge']"
2025-09-02 00:00:00-04:00,TSLA,stock flow + macro overlay favors long exposure,flat,,0.0,0.9803396301466822,0.9642857142857144,0.2916938016648595,0.0,False,"['report_invalid', 'weak_signal', 'insufficient_net_edge']"
2025-09-03 00:00:00-04:00,BTC,crypto flow + macro overlay favors short exposure,flat,,0.6072222795713291,0.9825317089640394,1.0,0.44918532623743823,0.0,False,"['weak_signal', 'insufficient_net_edge']"
2025-09-03 00:00:00-04:00,ETH,crypto flow + macro overlay favors short exposure,flat,,-0.5360180571432921,0.9825317089640394,1.0,0.43138427063042895,0.0,False,"['weak_signal', 'insufficient_net_edge']"
2025-09-03 00:00:00-04:00,SOL,crypto flow + macro overlay favors short exposure,flat,,0.31690196483402266,0.9825317089640394,1.0,0.37660524755311153,0.0,False,"['weak_signal', 'insufficient_net_edge']"
2025-09-03 00:00:00-04:00,XRP,crypto flow + macro overlay favors short exposure,flat,,-0.05588674847633218,0.9825317089640394,1.0,0.3113514434636889,0.0,False,"['weak_signal', 'insufficient_net_edge']"
2025-09-03 00:00:00-04:00,AUDUSD,forex flow + macro overlay favors short exposure,flat,,0.0,0.9825317089640394,1.0,0.2973797563446059,0.0,False,"['weak_signal', 'insufficient_net_edge']"
2025-09-03 00:00:00-04:00,COPPER,metal flow + macro overlay favors long exposure,flat,,0.0,0.9825317089640394,1.0,0.2973797563446059,0.0,False,"['weak_signal', 'insufficient_net_edge']"
2025-09-03 00:00:00-04:00,EURUSD,forex flow + macro overlay favors short exposure,flat,,0.0,0.9825317089640394,1.0,0.2973797563446059,0.0,False,"['weak_signal', 'insufficient_net_edge']"
2025-09-03 00:00:00-04:00,GOLD,metal flow + macro overlay favors long exposure,flat,,0.0,0.9825317089640394,1.0,0.2973797563446059,0.0,False,"['weak_signal', 'insufficient_net_edge']"
2025-09-03 00:00:00-04:00,GOOG,stock flow + macro overlay favors short exposure,flat,,0.0,0.9825317089640394,1.0,0.2973797563446059,0.0,False,"['weak_signal', 'insufficient_net_edge']"
2025-09-03 00:00:00-04:00,MCD,stock flow + macro overlay favors short exposure,flat,,0.0,0.9825317089640394,1.0,0.2973797563446059,0.0,False,"['weak_signal', 'insufficient_net_edge']"
2025-09-03 00:00:00-04:00,NVDA,stock flow + macro overlay favors short exposure,flat,,0.0,0.9825317089640394,1.0,0.2973797563446059,0.0,False,"['weak_signal', 'insufficient_net_edge']"
2025-09-03 00:00:00-04:00,SILVER,metal flow + macro overlay favors long exposure,flat,,0.0,0.9825317089640394,1.0,0.2973797563446059,0.0,False,"['weak_signal', 'insufficient_net_edge']"
2025-09-03 00:00:00-04:00,SPY,stock flow + macro overlay favors short exposure,flat,,0.0,0.9825317089640394,1.0,0.2973797563446059,0.0,False,"['weak_signal', 'insufficient_net_edge']"
2025-09-03 00:00:00-04:00,TSLA,stock flow + macro overlay favors short exposure,flat,,0.0,0.9825317089640394,1.0,0.2973797563446059,0.0,False,"['weak_signal', 'insufficient_net_edge']"
2025-09-04 00:00:00-04:00,BTC,crypto flow + macro overlay favors short exposure,flat,,0.7336393997947529,0.9908254399847561,1.0,0.4820336659464016,0.0,False,"['weak_signal', 'insufficient_net_edge']"
2025-09-04 00:00:00-04:00,XRP,crypto flow + macro overlay favors short exposure,flat,,0.6549324858448078,0.9908254399847561,1.0,0.4623569374589154,0.0,False,"['weak_signal', 'insufficient_net_edge']"
2025-09-04 00:00:00-04:00,SOL,crypto flow + macro overlay favors short exposure,flat,,0.5905841417263306,0.9908254399847561,1.0,0.4462698514292961,0.0,False,"['weak_signal', 'insufficient_net_edge']"
2025-09-04 00:00:00-04:00,EURUSD,forex flow + macro overlay favors short exposure,flat,,-0.5809575711720976,0.9908254399847561,1.0,0.4438632087907378,0.0,False,"['weak_signal', 'insufficient_net_edge']"
2025-09-04 00:00:00-04:00,AUDUSD,forex flow + macro overlay favors short exposure,flat,,-0.34593830628824285,0.9908254399847561,1.0,0.38510839256977414,0.0,False,"['weak_signal', 'insufficient_net_edge']"
2025-09-04 00:00:00-04:00,ETH,crypto flow + macro overlay favors short exposure,flat,,0.010406603468856995,0.9908254399847561,1.0,0.3012254668649277,0.0,False,"['weak_signal', 'insufficient_net_edge']"
2025-09-04 00:00:00-04:00,COPPER,metal flow + macro overlay favors long exposure,flat,,0.0,0.9908254399847561,1.0,0.29862381599771337,0.0,False,"['weak_signal', 'insufficient_net_edge']"
2025-09-04 00:00:00-04:00,GOLD,metal flow + macro overlay favors long exposure,flat,,0.0,0.9908254399847561,1.0,0.29862381599771337,0.0,False,"['weak_signal', 'insufficient_net_edge']"
2025-09-04 00:00:00-04:00,GOOG,stock flow + macro overlay favors long exposure,flat,,0.0,0.9908254399847561,1.0,0.29862381599771337,0.0,False,"['weak_signal', 'insufficient_net_edge']"
2025-09-04 00:00:00-04:00,MCD,stock flow + macro overlay favors long exposure,flat,,0.0,0.9908254399847561,1.0,0.29862381599771337,0.0,False,"['weak_signal', 'insufficient_net_edge']"
2025-09-04 00:00:00-04:00,NVDA,stock flow + macro overlay favors long exposure,flat,,0.0,0.9908254399847561,1.0,0.29862381599771337,0.0,False,"['weak_signal', 'insufficient_net_edge']"
2025-09-04 00:00:00-04:00,SILVER,metal flow + macro overlay favors long exposure,flat,,0.0,0.9908254399847561,1.0,0.29862381599771337,0.0,False,"['weak_signal', 'insufficient_net_edge']"
2025-09-04 00:00:00-04:00,SPY,stock flow + macro overlay favors long exposure,flat,,0.0,0.9908254399847561,1.0,0.29862381599771337,0.0,False,"['weak_signal', 'insufficient_net_edge']"
2025-09-04 00:00:00-04:00,TSLA,stock flow + macro overlay favors long exposure,flat,,0.0,0.9908254399847561,1.0,0.29862381599771337,0.0,False,"['weak_signal', 'insufficient_net_edge']"
2025-09-05 00:00:00-04:00,GOLD,metal flow + macro overlay favors long exposure,flat,,0.7260079304458462,0.9904038473160276,1.0,0.4800625597088657,0.0,False,"['weak_signal', 'insufficient_net_edge']"
2025-09-05 00:00:00-04:00,BTC,crypto flow + macro overlay favors short exposure,flat,,0.4370330908872765,0.9904038473160276,1.0,0.40781884981922323,0.0,False,"['weak_signal', 'insufficient_net_edge']"
2025-09-05 00:00:00-04:00,EURUSD,forex flow + macro overlay favors short exposure,flat,,-0.33278826709620035,0.9904038473160276,1.0,0.3817576438714542,0.0,False,"['weak_signal', 'insufficient_net_edge']"
2025-09-05 00:00:00-04:00,AUDUSD,forex flow + macro overlay favors short exposure,flat,,-0.25399882999496354,0.9904038473160276,1.0,0.36206028459614503,0.0,False,"['weak_signal', 'insufficient_net_edge']"
2025-09-05 00:00:00-04:00,SILVER,metal flow + macro overlay favors long exposure,flat,,-0.23022170359150934,0.9904038473160276,1.0,0.35611600299528146,0.0,False,"['weak_signal', 'insufficient_net_edge']"
2025-09-05 00:00:00-04:00,ETH,crypto flow + macro overlay favors short exposure,flat,,-0.20785918908761897,0.9904038473160276,1.0,0.35052537436930886,0.0,False,"['weak_signal', 'insufficient_net_edge']"
2025-09-05 00:00:00-04:00,SOL,crypto flow + macro overlay favors short exposure,flat,,0.15883079893007296,0.9904038473160276,1.0,0.33826827682992233,0.0,False,"['weak_signal', 'insufficient_net_edge']"
2025-09-05 00:00:00-04:00,XRP,crypto flow + macro overlay favors short exposure,flat,,0.10226820608444022,0.9904038473160276,1.0,0.3241276286185142,0.0,False,"['weak_signal', 'insufficient_net_edge']"
2025-09-05 00:00:00-04:00,COPPER,metal flow + macro overlay favors long exposure,flat,,0.06492743937071258,0.9904038473160276,1.0,0.3147924369400823,0.0,False,"['weak_signal', 'insufficient_net_edge']"
2025-09-05 00:00:00-04:00,GOOG,stock flow + macro overlay favors long exposure,flat,,0.0,0.9904038473160276,1.0,0.29856057709740413,0.0,False,"['weak_signal', 'insufficient_net_edge']"
2025-09-05 00:00:00-04:00,MCD,stock flow + macro overlay favors long exposure,flat,,0.0,0.9904038473160276,1.0,0.29856057709740413,0.0,False,"['weak_signal', 'insufficient_net_edge']"
2025-09-05 00:00:00-04:00,NVDA,stock flow + macro overlay favors long exposure,flat,,0.0,0.9904038473160276,1.0,0.29856057709740413,0.0,False,"['weak_signal', 'insufficient_net_edge']"
2025-09-05 00:00:00-04:00,SPY,stock flow + macro overlay favors long exposure,flat,,0.0,0.9904038473160276,1.0,0.29856057709740413,0.0,False,"['weak_signal', 'insufficient_net_edge']"
2025-09-05 00:00:00-04:00,TSLA,stock flow + macro overlay favors long exposure,flat,,0.0,0.9904038473160276,1.0,0.29856057709740413,0.0,False,"['weak_signal', 'insufficient_net_edge']"
2025-09-06 00:00:00-04:00,GOOG,stock flow + macro overlay favors long exposure,flat,,0.7439938818822284,0.998757158807,1.0,0.48581204429160707,0.0,False,"['weak_signal', 'insufficient_net_edge']"
2025-09-06 00:00:00-04:00,TSLA,stock flow + macro overlay favors long exposure,flat,,0.7146577006017989,0.998757158807,1.0,0.4784779989714997,0.0,False,"['weak_signal', 'insufficient_net_edge']"
2025-09-06 00:00:00-04:00,EURUSD,forex flow + macro overlay favors long exposure,flat,,0.6953965272159093,0.998757158807,1.0,0.4736627056250273,0.0,False,"['weak_signal', 'insufficient_net_edge']"
2025-09-06 00:00:00-04:00,GOLD,metal flow + macro overlay favors long exposure,flat,,0.6863514510980282,0.998757158807,1.0,0.471401436595557,0.0,False,"['weak_signal', 'insufficient_net_edge']"
2025-09-06 00:00:00-04:00,COPPER,metal flow + macro overlay favors long exposure,flat,,-0.6776790949391501,0.998757158807,1.0,0.46923334755583757,0.0,False,"['weak_signal', 'insufficient_net_edge']"
2025-09-06 00:00:00-04:00,AUDUSD,forex flow + macro overlay favors long exposure,flat,,0.6342357207781477,0.998757158807,1.0,0.45837250401558693,0.0,False,"['weak_signal', 'insufficient_net_edge']"
2025-09-06 00:00:00-04:00,SPY,stock flow + macro overlay favors long exposure,flat,,0.6030296257184641,0.998757158807,1.0,0.450570980250666,0.0,False,"['weak_signal', 'insufficient_net_edge']"
2025-09-06 00:00:00-04:00,NVDA,stock flow + macro overlay favors long exposure,flat,,-0.5431038585984693,0.998757158807,1.0,0.4355895384706673,0.0,False,"['weak_signal', 'insufficient_net_edge']"
2025-09-06 00:00:00-04:00,SOL,crypto flow + macro overlay favors long exposure,flat,,-0.42464663967403615,0.998757158807,1.0,0.405975233739559,0.0,False,"['weak_signal', 'insufficient_net_edge']"
2025-09-06 00:00:00-04:00,MCD,stock flow + macro overlay favors long exposure,flat,,-0.3824219371888575,0.998757158807,1.0,0.3954190581182644,0.0,False,"['weak_signal', 'insufficient_net_edge']"
2025-09-06 00:00:00-04:00,XRP,crypto flow + macro overlay favors long exposure,flat,,-0.16724135649773372,0.998757158807,1.0,0.34162391294548344,0.0,False,"['weak_signal', 'insufficient_net_edge']"
2025-09-06 00:00:00-04:00,ETH,crypto flow + macro overlay favors long exposure,flat,,-0.08765352138736016,0.998757158807,1.0,0.32172695416789,0.0,False,"['weak_signal', 'insufficient_net_edge']"
2025-09-06 00:00:00-04:00,SILVER,metal flow + macro overlay favors long exposure,flat,,-0.07578351837062258,0.998757158807,1.0,0.3187594534137056,0.0,False,"['weak_signal', 'insufficient_net_edge']"
2025-09-06 00:00:00-04:00,BTC,crypto flow + macro overlay favors long exposure,flat,,-0.03415450010207173,0.998757158807,1.0,0.30835219884656795,0.0,False,"['weak_signal', 'insufficient_net_edge']"
2025-09-07 00:00:00-04:00,ETH,crypto flow + macro overlay favors long exposure,flat,,-0.4619133097268203,0.9986737527158823,0.9642857142857144,0.4099222474819446,0.0,False,"['report_invalid', 'weak_signal', 'insufficient_net_edge']"
2025-09-07 00:00:00-04:00,SOL,crypto flow + macro overlay favors long exposure,flat,,-0.3775663073619766,0.9986737527158823,0.9642857142857144,0.38883549689073366,0.0,False,"['report_invalid', 'weak_signal', 'insufficient_net_edge']"
2025-09-07 00:00:00-04:00,BTC,crypto flow + macro overlay favors long exposure,flat,,-0.2700504981090861,0.9986737527158823,0.9642857142857144,0.36195654457751103,0.0,False,"['report_invalid', 'weak_signal', 'insufficient_net_edge']"
2025-09-07 00:00:00-04:00,XRP,crypto flow + macro overlay favors long exposure,flat,,-0.21467248200640682,0.9986737527158823,0.9642857142857144,0.3481120405518412,0.0,False,"['report_invalid', 'weak_signal', 'insufficient_net_edge']"
2025-09-07 00:00:00-04:00,AUDUSD,forex flow + macro overlay favors long exposure,flat,,0.0,0.9986737527158823,0.9642857142857144,0.2944439200502395,0.0,False,"['report_invalid', 'weak_signal', 'insufficient_net_edge']"
2025-09-07 00:00:00-04:00,COPPER,metal flow + macro overlay favors long exposure,flat,,0.0,0.9986737527158823,0.9642857142857144,0.2944439200502395,0.0,False,"['report_invalid', 'weak_signal', 'insufficient_net_edge']"
2025-09-07 00:00:00-04:00,EURUSD,forex flow + macro overlay favors long exposure,flat,,0.0,0.9986737527158823,0.9642857142857144,0.2944439200502395,0.0,False,"['report_invalid', 'weak_signal', 'insufficient_net_edge']"
2025-09-07 00:00:00-04:00,GOLD,metal flow + macro overlay favors long exposure,flat,,0.0,0.9986737527158823,0.9642857142857144,0.2944439200502395,0.0,False,"['report_invalid', 'weak_signal', 'insufficient_net_edge']"
2025-09-07 00:00:00-04:00,GOOG,stock flow + macro overlay favors long exposure,flat,,0.0,0.9986737527158823,0.9642857142857144,0.2944439200502395,0.0,False,"['report_invalid', 'weak_signal', 'insufficient_net_edge']"
2025-09-07 00:00:00-04:00,MCD,stock flow + macro overlay favors long exposure,flat,,0.0,0.9986737527158823,0.9642857142857144,0.2944439200502395,0.0,False,"['report_invalid', 'weak_signal', 'insufficient_net_edge']"
2025-09-07 00:00:00-04:00,NVDA,stock flow + macro overlay favors long exposure,flat,,0.0,0.9986737527158823,0.9642857142857144,0.2944439200502395,0.0,False,"['report_invalid', 'weak_signal', 'insufficient_net_edge']"
2025-09-07 00:00:00-04:00,SILVER,metal flow + macro overlay favors long exposure,flat,,0.0,0.9986737527158823,0.9642857142857144,0.2944439200502395,0.0,False,"['report_invalid', 'weak_signal', 'insufficient_net_edge']"
2025-09-07 00:00:00-04:00,SPY,stock flow + macro overlay favors long exposure,flat,,0.0,0.9986737527158823,0.9642857142857144,0.2944439200502395,0.0,False,"['report_invalid', 'weak_signal', 'insufficient_net_edge']"
2025-09-07 00:00:00-04:00,TSLA,stock flow + macro overlay favors long exposure,flat,,0.0,0.9986737527158823,0.9642857142857144,0.2944439200502395,0.0,False,"['report_invalid', 'weak_signal', 'insufficient_net_edge']"
2025-09-08 00:00:00-04:00,AUDUSD,forex flow + macro overlay favors long exposure,flat,,0.6362568791989199,0.9928887371581272,0.9642857142857144,0.4526403875163062,0.0,False,"['report_invalid', 'weak_signal', 'insufficient_net_edge']"
2025-09-08 00:00:00-04:00,XRP,crypto flow + macro overlay favors long exposure,flat,,0.5700298614122217,0.9928887371581272,0.9642857142857144,0.4360836330696317,0.0,False,"['report_invalid', 'weak_signal', 'insufficient_net_edge']"
2025-09-08 00:00:00-04:00,EURUSD,forex flow + macro overlay favors long exposure,flat,,0.5187897037438524,0.9928887371581272,0.9642857142857144,0.42327359365253936,0.0,False,"['report_invalid', 'weak_signal', 'insufficient_net_edge']"
2025-09-08 00:00:00-04:00,COPPER,metal flow + macro overlay favors long exposure,flat,,-0.49376262264015736,0.9928887371581272,0.9642857142857144,0.4170168233766156,0.0,False,"['report_invalid', 'weak_signal', 'insufficient_net_edge']"
2025-09-08 00:00:00-04:00,SILVER,metal flow + macro overlay favors long exposure,flat,,-0.44670598984339194,0.9928887371581272,0.9642857142857144,0.4052526651774242,0.0,False,"['report_invalid', 'weak_signal', 'insufficient_net_edge']"
2025-09-08 00:00:00-04:00,SOL,crypto flow + macro overlay favors long exposure,flat,,0.2817029876064294,0.9928887371581272,0.9642857142857144,0.3640019146181836,0.0,False,"['report_invalid', 'weak_signal', 'insufficient_net_edge']"
2025-09-08 00:00:00-04:00,GOLD,metal flow + macro overlay favors long exposure,flat,,0.21629882520128169,0.9928887371581272,0.9642857142857144,0.34765087401689665,0.0,False,"['report_invalid', 'weak_signal', 'insufficient_net_edge']"
2025-09-08 00:00:00-04:00,BTC,crypto flow + macro overlay favors long exposure,flat,,-0.13746549874462483,0.9928887371581272,0.9642857142857144,0.32794254240273246,0.0,False,"['report_invalid', 'weak_signal', 'insufficient_net_edge']"
2025-09-08 00:00:00-04:00,ETH,crypto flow + macro overlay favors long exposure,flat,,-0.07515665657464174,0.9928887371581272,0.9642857142857144,0.3123653318602367,0.0,False,"['report_invalid', 'weak_signal', 'insufficient_net_edge']"
2025-09-08 00:00:00-04:00,GOOG,stock flow + macro overlay favors long exposure,flat,,0.0,0.9928887371581272,0.9642857142857144,0.29357616771657624,0.0,False,"['report_invalid', 'weak_signal', 'insufficient_net_edge']"
2025-09-08 00:00:00-04:00,MCD,stock flow + macro overlay favors long exposure,flat,,0.0,0.9928887371581272,0.9642857142857144,0.29357616771657624,0.0,False,"['report_invalid', 'weak_signal', 'insufficient_net_edge']"
2025-09-08 00:00:00-04:00,NVDA,stock flow + macro overlay favors long exposure,flat,,0.0,0.9928887371581272,0.9642857142857144,0.29357616771657624,0.0,False,"['report_invalid', 'weak_signal', 'insufficient_net_edge']"
2025-09-08 00:00:00-04:00,SPY,stock flow + macro overlay favors long exposure,flat,,0.0,0.9928887371581272,0.9642857142857144,0.29357616771657624,0.0,False,"['report_invalid', 'weak_signal', 'insufficient_net_edge']"
2025-09-08 00:00:00-04:00,TSLA,stock flow + macro overlay favors long exposure,flat,,0.0,0.9928887371581272,0.9642857142857144,0.29357616771657624,0.0,False,"['report_invalid', 'weak_signal', 'insufficient_net_edge']"
2025-09-09 00:00:00-04:00,GOLD,metal flow + macro overlay favors long exposure,flat,,0.7338828748955355,0.9796890903528733,1.0,0.4804240822768149,0.0,False,"['weak_signal', 'insufficient_net_edge']"
2025-09-09 00:00:00-04:00,AUDUSD,forex flow + macro overlay favors long exposure,flat,,0.7145544132799392,0.9796890903528733,1.0,0.47559196687291583,0.0,False,"['weak_signal', 'insufficient_net_edge']"
2025-09-09 00:00:00-04:00,XRP,crypto flow + macro overlay favors long exposure,flat,,0.6910450116150951,0.9796890903528733,1.0,0.46971461645670476,0.0,False,"['weak_signal', 'insufficient_net_edge']"
2025-09-09 00:00:00-04:00,MCD,stock flow + macro overlay favors long exposure,flat,,-0.6490378931240512,0.9796890903528733,1.0,0.45921283683394376,0.0,False,"['weak_signal', 'insufficient_net_edge']"
2025-09-09 00:00:00-04:00,SOL,crypto flow + macro overlay favors long exposure,flat,,0.6028098405949248,0.9796890903528733,1.0,0.44765582370166224,0.0,False,"['weak_signal', 'insufficient_net_edge']"
2025-09-09 00:00:00-04:00,EURUSD,forex flow + macro overlay favors long exposure,flat,,0.558164367448013,0.9796890903528733,1.0,0.43649445541493426,0.0,False,"['weak_signal', 'insufficient_net_edge']"
2025-09-09 00:00:00-04:00,SILVER,metal flow + macro overlay favors long exposure,flat,,0.4932324348666459,0.9796890903528733,1.0,0.42026147226959243,0.0,False,"['weak_signal', 'insufficient_net_edge']"
2025-09-09 00:00:00-04:00,SPY,stock flow + macro overlay favors long exposure,flat,,0.4802824634005243,0.9796890903528733,1.0,0.417023979403062,0.0,False,"['weak_signal', 'insufficient_net_edge']"
2025-09-09 00:00:00-04:00,NVDA,stock flow + macro overlay favors long exposure,flat,,0.3962442275387299,0.9796890903528733,1.0,0.3960144204376135,0.0,False,"['weak_signal', 'insufficient_net_edge']"
2025-09-09 00:00:00-04:00,COPPER,metal flow + macro overlay favors long exposure,flat,,0.3468573562815374,0.9796890903528733,1.0,0.3836677026233153,0.0,False,"['weak_signal', 'insufficient_net_edge']"
2025-09-09 00:00:00-04:00,BTC,crypto flow + macro overlay favors long exposure,flat,,0.2802512725502341,0.9796890903528733,1.0,0.3670161816904895,0.0,False,"['weak_signal', 'insufficient_net_edge']"
2025-09-09 00:00:00-04:00,TSLA,stock flow + macro overlay favors long exposure,flat,,-0.2789481538886049,0.9796890903528733,1.0,0.3666904020250822,0.0,False,"['weak_signal', 'insufficient_net_edge']"
2025-09-09 00:00:00-04:00,GOOG,stock flow + macro overlay favors long exposure,flat,,-0.09861787826391819,0.9796890903528733,1.0,0.3216078331189105,0.0,False,"['weak_signal', 'insufficient_net_edge']"
2025-09-09 00:00:00-04:00,ETH,crypto flow + macro overlay favors long exposure,flat,,-0.07064665121546168,0.9796890903528733,1.0,0.3146150263567964,0.0,False,"['weak_signal', 'insufficient_net_edge']"
2025-09-10 00:00:00-04:00,XRP,crypto flow + macro overlay favors long exposure,flat,,0.7094321565830927,0.9788751216697317,1.0,0.4741893073962329,0.0,False,"['weak_signal', 'insufficient_net_edge']"
2025-09-10 00:00:00-04:00,SOL,crypto flow + macro overlay favors long exposure,flat,,0.7026443860472406,0.9788751216697317,1.0,0.47249236476226986,0.0,False,"['weak_signal', 'insufficient_net_edge']"
2025-09-10 00:00:00-04:00,BTC,crypto flow + macro overlay favors long exposure,flat,,0.3699366209807603,0.9788751216697317,1.0,0.38931542349564985,0.0,False,"['weak_signal', 'insufficient_net_edge']"
2025-09-10 00:00:00-04:00,ETH,crypto flow + macro overlay favors long exposure,flat,,0.10527012555500205,0.9788751216697317,1.0,0.3231487996392103,0.0,False,"['weak_signal', 'insufficient_net_edge']"
2025-09-10 00:00:00-04:00,AUDUSD,forex flow + macro overlay favors long exposure,flat,,0.0,0.9788751216697317,1.0,0.29683126825045975,0.0,False,"['weak_signal', 'insufficient_net_edge']"
2025-09-10 00:00:00-04:00,COPPER,metal flow + macro overlay favors long exposure,flat,,0.0,0.9788751216697317,1.0,0.29683126825045975,0.0,False,"['weak_signal', 'insufficient_net_edge']"
2025-09-10 00:00:00-04:00,EURUSD,forex flow + macro overlay favors long exposure,flat,,0.0,0.9788751216697317,1.0,0.29683126825045975,0.0,False,"['weak_signal', 'insufficient_net_edge']"
2025-09-10 00:00:00-04:00,GOLD,metal flow + macro overlay favors long exposure,flat,,0.0,0.9788751216697317,1.0,0.29683126825045975,0.0,False,"['weak_signal', 'insufficient_net_edge']"
2025-09-10 00:00:00-04:00,GOOG,stock flow + macro overlay favors long exposure,flat,,0.0,0.9788751216697317,1.0,0.29683126825045975,0.0,False,"['weak_signal', 'insufficient_net_edge']"
2025-09-10 00:00:00-04:00,MCD,stock flow + macro overlay favors long exposure,flat,,0.0,0.9788751216697317,1.0,0.29683126825045975,0.0,False,"['weak_signal', 'insufficient_net_edge']"
2025-09-10 00:00:00-04:00,NVDA,stock flow + macro overlay favors long exposure,flat,,0.0,0.9788751216697317,1.0,0.29683126825045975,0.0,False,"['weak_signal', 'insufficient_net_edge']"
2025-09-10 00:00:00-04:00,SILVER,metal flow + macro overlay favors long exposure,flat,,0.0,0.9788751216697317,1.0,0.29683126825045975,0.0,False,"['weak_signal', 'insufficient_net_edge']"
2025-09-10 00:00:00-04:00,SPY,stock flow + macro overlay favors long exposure,flat,,0.0,0.9788751216697317,1.0,0.29683126825045975,0.0,False,"['weak_signal', 'insufficient_net_edge']"
2025-09-10 00:00:00-04:00,TSLA,stock flow + macro overlay favors long exposure,flat,,0.0,0.9788751216697317,1.0,0.29683126825045975,0.0,False,"['weak_signal', 'insufficient_net_edge']"
2025-09-11 00:00:00-04:00,AUDUSD,forex flow + macro overlay favors long exposure,flat,,0.7204762151311048,0.9741148645796331,1.0,0.47623628346972113,0.0,False,"['weak_signal', 'insufficient_net_edge']"
2025-09-11 00:00:00-04:00,BTC,crypto flow + macro overlay favors long exposure,flat,,0.7204152803174714,0.9741148645796331,1.0,0.47622104976631285,0.0,False,"['weak_signal', 'insufficient_net_edge']"
2025-09-11 00:00:00-04:00,SOL,crypto flow + macro overlay favors long exposure,flat,,0.7081051525834652,0.9741148645796331,1.0,0.4731435178328113,0.0,False,"['weak_signal', 'insufficient_net_edge']"
2025-09-11 00:00:00-04:00,GOLD,metal flow + macro overlay favors long exposure,flat,,0.7042426476721727,0.9741148645796331,1.0,0.47217789160498813,0.0,False,"['weak_signal', 'insufficient_net_edge']"
2025-09-11 00:00:00-04:00,XRP,crypto flow + macro overlay favors long exposure,flat,,0.6954472979066111,0.9741148645796331,1.0,0.46997905416359775,0.0,False,"['weak_signal', 'insufficient_net_edge']"
2025-09-11 00:00:00-04:00,COPPER,metal flow + macro overlay favors long exposure,flat,,0.5586211808889614,0.9741148645796331,1.0,0.4357725249091853,0.0,False,"['weak_signal', 'insufficient_net_edge']"
2025-09-11 00:00:00-04:00,ETH,crypto flow + macro overlay favors long exposure,flat,,0.43511027265898283,0.9741148645796331,1.0,0.4048947978516907,0.0,False,"['weak_signal', 'insufficient_net_edge']"
2025-09-11 00:00:00-04:00,SILVER,metal flow + macro overlay favors long exposure,flat,,0.4324160892859692,0.9741148645796331,1.0,0.4042212520084373,0.0,False,"['weak_signal', 'insufficient_net_edge']"
2025-09-11 00:00:00-04:00,EURUSD,forex flow + macro overlay favors long exposure,flat,,-0.17944887778886615,0.9741148645796331,1.0,0.34097944913416145,0.0,False,"['weak_signal', 'insufficient_net_edge']"
2025-09-11 00:00:00-04:00,GOOG,stock flow + macro overlay favors long exposure,flat,,0.0,0.9741148645796331,1.0,0.296117229686945,0.0,False,"['weak_signal', 'insufficient_net_edge']"
2025-09-11 00:00:00-04:00,MCD,stock flow + macro overlay favors long exposure,flat,,0.0,0.9741148645796331,1.0,0.296117229686945,0.0,False,"['weak_signal', 'insufficient_net_edge']"
2025-09-11 00:00:00-04:00,NVDA,stock flow + macro overlay favors long exposure,flat,,0.0,0.9741148645796331,1.0,0.296117229686945,0.0,False,"['weak_signal', 'insufficient_net_edge']"
2025-09-11 00:00:00-04:00,SPY,stock flow + macro overlay favors long exposure,flat,,0.0,0.9741148645796331,1.0,0.296117229686945,0.0,False,"['weak_signal', 'insufficient_net_edge']"
2025-09-11 00:00:00-04:00,TSLA,stock flow + macro overlay favors long exposure,flat,,0.0,0.9741148645796331,1.0,0.296117229686945,0.0,False,"['weak_signal', 'insufficient_net_edge']"
2025-09-12 00:00:00-04:00,TSLA,stock flow + macro overlay favors long exposure,flat,,0.7443087045318161,0.9779038908889778,1.0,0.4827627597663007,0.0,False,"['weak_signal', 'insufficient_net_edge']"
2025-09-12 00:00:00-04:00,SPY,stock flow + macro overlay favors long exposure,flat,,0.7415240469093882,0.9779038908889778,1.0,0.48206659536069374,0.0,False,"['weak_signal', 'insufficient_net_edge']"
2025-09-12 00:00:00-04:00,AUDUSD,forex flow + macro overlay favors long exposure,flat,,0.740728192294766,0.9779038908889778,1.0,0.48186763170703817,0.0,False,"['weak_signal', 'insufficient_net_edge']"
2025-09-12 00:00:00-04:00,SOL,crypto flow + macro overlay favors long exposure,flat,,0.7348310316279909,0.9779038908889778,1.0,0.4803933415403444,0.0,False,"['weak_signal', 'insufficient_net_edge']"
2025-09-12 00:00:00-04:00,NVDA,stock flow + macro overlay favors long exposure,flat,,0.7311214874394396,0.9779038908889778,1.0,0.4794659554932066,0.0,False,"['weak_signal', 'insufficient_net_edge']"
2025-09-12 00:00:00-04:00,BTC,crypto flow + macro overlay favors long exposure,flat,,0.730882904946863,0.9779038908889778,1.0,0.4794063098700624,0.0,False,"['weak_signal', 'insufficient_net_edge']"
2025-09-12 00:00:00-04:00,GOOG,stock flow + macro overlay favors long exposure,flat,,0.724647741607906,0.9779038908889778,1.0,0.4778475190353232,0.0,False,"['weak_signal', 'insufficient_net_edge']"
2025-09-12 00:00:00-04:00,ETH,crypto flow + macro overlay favors long exposure,flat,,0.722090657580516,0.9779038908889778,1.0,0.4772082480284757,0.0,False,"['weak_signal', 'insufficient_net_edge']"
2025-09-12 00:00:00-04:00,COPPER,metal flow + macro overlay favors long exposure,flat,,0.7195145714418657,0.9779038908889778,1.0,0.47656422649381314,0.0,False,"['weak_signal', 'insufficient_net_edge']"
2025-09-12 00:00:00-04:00,MCD,stock flow + macro overlay favors long exposure,flat,,-0.7019446815526313,0.9779038908889778,1.0,0.47217175402150446,0.0,False,"['weak_signal', 'insufficient_net_edge']"
2025-09-12 00:00:00-04:00,XRP,crypto flow + macro overlay favors long exposure,flat,,0.6411106052711384,0.9779038908889778,1.0,0.4569632349511312,0.0,False,"['weak_signal', 'insufficient_net_edge']"
2025-09-12 00:00:00-04:00,SILVER,metal flow + macro overlay favors long exposure,flat,,0.6170519727486427,0.9779038908889778,1.0,0.4509485768205074,0.0,False,"['weak_signal', 'insufficient_net_edge']"
2025-09-12 00:00:00-04:00,EURUSD,forex flow + macro overlay favors long exposure,flat,,-0.6086275993013345,0.9779038908889778,1.0,0.4488424834586803,0.0,False,"['weak_signal', 'insufficient_net_edge']"
2025-09-12 00:00:00-04:00,GOLD,metal flow + macro overlay favors long exposure,flat,,0.0030046793765846694,0.9779038908889778,1.0,0.2974367534774928,0.0,False,"['weak_signal', 'insufficient_net_edge']"
2025-09-13 00:00:00-04:00,TSLA,stock flow + macro overlay favors long exposure,flat,,0.7498560174451081,0.9808449532009056,1.0,0.48459074734141283,0.0,False,"['weak_signal', 'insufficient_net_edge']"
2025-09-13 00:00:00-04:00,ETH,crypto flow + macro overlay favors long exposure,flat,,0.7492906242336541,0.9808449532009056,1.0,0.48444939903854933,0.0,False,"['weak_signal', 'insufficient_net_edge']"
2025-09-13 00:00:00-04:00,BTC,crypto flow + macro overlay favors long exposure,flat,,0.7439278055748089,0.9808449532009056,1.0,0.4831086943738381,0.0,False,"['weak_signal', 'insufficient_net_edge']"
2025-09-13 00:00:00-04:00,SOL,crypto flow + macro overlay favors long exposure,flat,,0.7433465254877902,0.9808449532009056,1.0,0.48296337435208336,0.0,False,"['weak_signal', 'insufficient_net_edge']"
2025-09-13 00:00:00-04:00,MCD,stock flow + macro overlay favors long exposure,flat,,-0.7431520797224336,0.9808449532009056,1.0,0.4829147629107442,0.0,False,"['weak_signal', 'insufficient_net_edge']"
2025-09-13 00:00:00-04:00,XRP,crypto flow + macro overlay favors long exposure,flat,,0.7325923859819348,0.9808449532009056,1.0,0.48027483947561955,0.0,False,"['weak_signal', 'insufficient_net_edge']"
2025-09-13 00:00:00-04:00,SILVER,metal flow + macro overlay favors long exposure,flat,,0.7238726547936314,0.9808449532009056,1.0,0.4780949066785437,0.0,False,"['weak_signal', 'insufficient_net_edge']"
2025-09-13 00:00:00-04:00,SPY,stock flow + macro overlay favors long exposure,flat,,0.7190831851392311,0.9808449532009056,1.0,0.4768975392649436,0.0,False,"['weak_signal', 'insufficient_net_edge']"
2025-09-13 00:00:00-04:00,AUDUSD,forex flow + macro overlay favors long exposure,flat,,0.71296363857272,0.9808449532009056,1.0,0.4753676526233158,0.0,False,"['weak_signal', 'insufficient_net_edge']"
2025-09-13 00:00:00-04:00,COPPER,metal flow + macro overlay favors long exposure,flat,,0.6052482116934781,0.9808449532009056,1.0,0.4484387959035053,0.0,False,"['weak_signal', 'insufficient_net_edge']"
2025-09-13 00:00:00-04:00,NVDA,stock flow + macro overlay favors long exposure,flat,,0.5039576040558567,0.9808449532009056,1.0,0.4231161439941,0.0,False,"['weak_signal', 'insufficient_net_edge']"
2025-09-13 00:00:00-04:00,EURUSD,forex flow + macro overlay favors long exposure,flat,,0.21983671790634485,0.9808449532009056,1.0,0.35208592245672204,0.0,False,"['weak_signal', 'insufficient_net_edge']"
2025-09-13 00:00:00-04:00,GOOG,stock flow + macro overlay favors long exposure,flat,,0.17729754920237734,0.9808449532009056,1.0,0.34145113028073015,0.0,False,"['weak_signal', 'insufficient_net_edge']"
2025-09-13 00:00:00-04:00,GOLD,metal flow + macro overlay favors long exposure,flat,,0.02060606371413725,0.9808449532009056,1.0,0.3022782589086701,0.0,False,"['weak_signal', 'insufficient_net_edge']"
2025-09-14 00:00:00-04:00,SOL,crypto flow + macro overlay favors long exposure,flat,,0.7408726688733456,0.9862738793050143,0.9642857142857144,0.47780210625694575,0.0,False,"['report_invalid', 'weak_signal', 'insufficient_net_edge']"
2025-09-14 00:00:00-04:00,ETH,crypto flow + macro overlay favors long exposure,flat,,0.7329118481852115,0.9862738793050143,0.9642857142857144,0.4758119010849122,0.0,False,"['report_invalid', 'weak_signal', 'insufficient_net_edge']"
2025-09-14 00:00:00-04:00,XRP,crypto flow + macro overlay favors long exposure,flat,,0.6471639151413469,0.9862738793050143,0.9642857142857144,0.454374917823946,0.0,False,"['report_invalid', 'weak_signal', 'insufficient_net_edge']"
2025-09-14 00:00:00-04:00,BTC,crypto flow + macro overlay favors long exposure,flat,,0.5272800403535963,0.9862738793050143,0.9642857142857144,0.4244039491270084,0.0,False,"['report_invalid', 'weak_signal', 'insufficient_net_edge']"
2025-09-14 00:00:00-04:00,AUDUSD,forex flow + macro overlay favors long exposure,flat,,0.0,0.9862738793050143,0.9642857142857144,0.2925839390386093,0.0,False,"['report_invalid', 'weak_signal', 'insufficient_net_edge']"
2025-09-14 00:00:00-04:00,COPPER,metal flow + macro overlay favors long exposure,flat,,0.0,0.9862738793050143,0.9642857142857144,0.2925839390386093,0.0,False,"['report_invalid', 'weak_signal', 'insufficient_net_edge']"
2025-09-14 00:00:00-04:00,EURUSD,forex flow + macro overlay favors long exposure,flat,,0.0,0.9862738793050143,0.9642857142857144,0.2925839390386093,0.0,False,"['report_invalid', 'weak_signal', 'insufficient_net_edge']"
2025-09-14 00:00:00-04:00,GOLD,metal flow + macro overlay favors long exposure,flat,,0.0,0.9862738793050143,0.9642857142857144,0.2925839390386093,0.0,False,"['report_invalid', 'weak_signal', 'insufficient_net_edge']"
2025-09-14 00:00:00-04:00,GOOG,stock flow + macro overlay favors long exposure,flat,,0.0,0.9862738793050143,0.9642857142857144,0.2925839390386093,0.0,False,"['report_invalid', 'weak_signal', 'insufficient_net_edge']"
2025-09-14 00:00:00-04:00,MCD,stock flow + macro overlay favors long exposure,flat,,0.0,0.9862738793050143,0.9642857142857144,0.2925839390386093,0.0,False,"['report_invalid', 'weak_signal', 'insufficient_net_edge']"
2025-09-14 00:00:00-04:00,NVDA,stock flow + macro overlay favors long exposure,flat,,0.0,0.9862738793050143,0.9642857142857144,0.2925839390386093,0.0,False,"['report_invalid', 'weak_signal', 'insufficient_net_edge']"
2025-09-14 00:00:00-04:00,SILVER,metal flow + macro overlay favors long exposure,flat,,0.0,0.9862738793050143,0.9642857142857144,0.2925839390386093,0.0,False,"['report_invalid', 'weak_signal', 'insufficient_net_edge']"
2025-09-14 00:00:00-04:00,SPY,stock flow + macro overlay favors long exposure,flat,,0.0,0.9862738793050143,0.9642857142857144,0.2925839390386093,0.0,False,"['report_invalid', 'weak_signal', 'insufficient_net_edge']"
2025-09-14 00:00:00-04:00,TSLA,stock flow + macro overlay favors long exposure,flat,,0.0,0.9862738793050143,0.9642857142857144,0.2925839390386093,0.0,False,"['report_invalid', 'weak_signal', 'insufficient_net_edge']"
2025-09-15 00:00:00-04:00,ETH,crypto flow + macro overlay favors long exposure,flat,,0.6608868416755087,0.97613284858361,0.9642857142857144,0.4562844948492758,0.0,False,"['report_invalid', 'weak_signal', 'insufficient_net_edge']"
2025-09-15 00:00:00-04:00,SOL,crypto flow + macro overlay favors long exposure,flat,,0.5927634115560598,0.97613284858361,0.9642857142857144,0.4392536373194136,0.0,False,"['report_invalid', 'weak_signal', 'insufficient_net_edge']"
2025-09-15 00:00:00-04:00,GOLD,metal flow + macro overlay favors long exposure,flat,,-0.28642905783694794,0.97613284858361,0.9642857142857144,0.3626700488896356,0.0,False,"['report_invalid', 'weak_signal', 'insufficient_net_edge']"
2025-09-15 00:00:00-04:00,AUDUSD,forex flow + macro overlay favors long exposure,flat,,0.20794224098321734,0.97613284858361,0.9642857142857144,0.343048344676203,0.0,False,"['report_invalid', 'weak_signal', 'insufficient_net_edge']"
2025-09-15 00:00:00-04:00,XRP,crypto flow + macro overlay favors long exposure,flat,,0.20709550643408076,0.97613284858361,0.9642857142857144,0.34283666103891886,0.0,False,"['report_invalid', 'weak_signal', 'insufficient_net_edge']"
2025-09-15 00:00:00-04:00,COPPER,metal flow + macro overlay favors long exposure,flat,,-0.18248086032388644,0.97613284858361,0.9642857142857144,0.33668299951137026,0.0,False,"['report_invalid', 'weak_signal', 'insufficient_net_edge']"
2025-09-15 00:00:00-04:00,EURUSD,forex flow + macro overlay favors long exposure,flat,,0.16747295255622002,0.97613284858361,0.9642857142857144,0.3329310225694536,0.0,False,"['report_invalid', 'weak_signal', 'insufficient_net_edge']"
2025-09-15 00:00:00-04:00,SILVER,metal flow + macro overlay favors long exposure,flat,,0.16663470019794546,0.97613284858361,0.9642857142857144,0.332721459479885,0.0,False,"['report_invalid', 'weak_signal', 'insufficient_net_edge']"
2025-09-15 00:00:00-04:00,BTC,crypto flow + macro overlay favors long exposure,flat,,0.15150321387077287,0.97613284858361,0.9642857142857144,0.3289385878980918,0.0,False,"['report_invalid', 'weak_signal', 'insufficient_net_edge']"
2025-09-15 00:00:00-04:00,GOOG,stock flow + macro overlay favors long exposure,flat,,0.0,0.97613284858361,0.9642857142857144,0.2910627844303987,0.0,False,"['report_invalid', 'weak_signal', 'insufficient_net_edge']"
2025-09-15 00:00:00-04:00,MCD,stock flow + macro overlay favors long exposure,flat,,0.0,0.97613284858361,0.9642857142857144,0.2910627844303987,0.0,False,"['report_invalid', 'weak_signal', 'insufficient_net_edge']"
2025-09-15 00:00:00-04:00,NVDA,stock flow + macro overlay favors long exposure,flat,,0.0,0.97613284858361,0.9642857142857144,0.2910627844303987,0.0,False,"['report_invalid', 'weak_signal', 'insufficient_net_edge']"
2025-09-15 00:00:00-04:00,SPY,stock flow + macro overlay favors long exposure,flat,,0.0,0.97613284858361,0.9642857142857144,0.2910627844303987,0.0,False,"['report_invalid', 'weak_signal', 'insufficient_net_edge']"
2025-09-15 00:00:00-04:00,TSLA,stock flow + macro overlay favors long exposure,flat,,0.0,0.97613284858361,0.9642857142857144,0.2910627844303987,0.0,False,"['report_invalid', 'weak_signal', 'insufficient_net_edge']"
2025-09-16 00:00:00-04:00,GOOG,stock flow + macro overlay favors long exposure,flat,,0.7498956732561454,0.9725235283120028,1.0,0.48335244756083673,0.0,False,"['weak_signal', 'insufficient_net_edge']"
2025-09-16 00:00:00-04:00,ETH,crypto flow + macro overlay favors long exposure,flat,,-0.7370068379859838,0.9725235283120028,1.0,0.4801302387432964,0.0,False,"['weak_signal', 'insufficient_net_edge']"
2025-09-16 00:00:00-04:00,XRP,crypto flow + macro overlay favors long exposure,flat,,-0.7292943908099457,0.9725235283120028,1.0,0.4782021269492869,0.0,False,"['weak_signal', 'insufficient_net_edge']"
2025-09-16 00:00:00-04:00,GOLD,metal flow + macro overlay favors long exposure,flat,,0.6815279786844473,0.9725235283120028,1.0,0.4662605239179123,0.0,False,"['weak_signal', 'insufficient_net_edge']"
2025-09-16 00:00:00-04:00,MCD,stock flow + macro overlay favors long exposure,flat,,-0.6635064604553127,0.9725235283120028,1.0,0.4617551443606286,0.0,False,"['weak_signal', 'insufficient_net_edge']"
2025-09-16 00:00:00-04:00,EURUSD,forex flow + macro overlay favors long exposure,flat,,0.6540386225562967,0.9725235283120028,1.0,0.45938818488587463,0.0,False,"['weak_signal', 'insufficient_net_edge']"
2025-09-16 00:00:00-04:00,TSLA,stock flow + macro overlay favors long exposure,flat,,0.627933961685688,0.9725235283120028,1.0,0.4528620196682225,0.0,False,"['weak_signal', 'insufficient_net_edge']"
2025-09-16 00:00:00-04:00,SOL,crypto flow + macro overlay favors long exposure,flat,,-0.6209309629795711,0.9725235283120028,1.0,0.45111126999169315,0.0,False,"['weak_signal', 'insufficient_net_edge']"
2025-09-16 00:00:00-04:00,SPY,stock flow + macro overlay favors long exposure,flat,,0.5794206700088376,0.9725235283120028,1.0,0.44073369674900986,0.0,False,"['weak_signal', 'insufficient_net_edge']"
2025-09-16 00:00:00-04:00,COPPER,metal flow + macro overlay favors long exposure,flat,,0.4735327854261832,0.9725235283120028,1.0,0.4142617256033462,0.0,False,"['weak_signal', 'insufficient_net_edge']"
2025-09-16 00:00:00-04:00,SILVER,metal flow + macro overlay favors long exposure,flat,,0.4695837094273265,0.9725235283120028,1.0,0.41327445660363205,0.0,False,"['weak_signal', 'insufficient_net_edge']"
2025-09-16 00:00:00-04:00,AUDUSD,forex flow + macro overlay favors long exposure,flat,,0.3940291556942146,0.9725235283120028,1.0,0.39438581817035406,0.0,False,"['weak_signal', 'insufficient_net_edge']"
2025-09-16 00:00:00-04:00,BTC,crypto flow + macro overlay favors long exposure,flat,,-0.28301791329552467,0.9725235283120028,1.0,0.3666330075706816,0.0,False,"['weak_signal', 'insufficient_net_edge']"
2025-09-16 00:00:00-04:00,NVDA,stock flow + macro overlay favors long exposure,flat,,-0.03654051316163265,0.9725235283120028,1.0,0.30501365753720855,0.0,False,"['weak_signal', 'insufficient_net_edge']"
2025-09-17 00:00:00-04:00,SOL,crypto flow + macro overlay favors long exposure,flat,,-0.7112039005298296,0.9789071461161467,1.0,0.4746370470498794,0.0,False,"['weak_signal', 'insufficient_net_edge']"
2025-09-17 00:00:00-04:00,ETH,crypto flow + macro overlay favors long exposure,flat,,-0.7035636704322242,0.9789071461161467,1.0,0.4727269895254781,0.0,False,"['weak_signal', 'insufficient_net_edge']"
2025-09-17 00:00:00-04:00,XRP,crypto flow + macro overlay favors long exposure,flat,,-0.6484622435856804,0.9789071461161467,1.0,0.4589516328138421,0.0,False,"['weak_signal', 'insufficient_net_edge']"
2025-09-17 00:00:00-04:00,BTC,crypto flow + macro overlay favors long exposure,flat,,0.37864889166706195,0.9789071461161467,1.0,0.3914982948341875,0.0,False,"['weak_signal', 'insufficient_net_edge']"
2025-09-17 00:00:00-04:00,AUDUSD,forex flow + macro overlay favors long exposure,flat,,0.0,0.9789071461161467,1.0,0.296836071917422,0.0,False,"['weak_signal', 'insufficient_net_edge']"
2025-09-17 00:00:00-04:00,COPPER,metal flow + macro overlay favors long exposure,flat,,0.0,0.9789071461161467,1.0,0.296836071917422,0.0,False,"['weak_signal', 'insufficient_net_edge']"
2025-09-17 00:00:00-04:00,EURUSD,forex flow + macro overlay favors long exposure,flat,,0.0,0.9789071461161467,1.0,0.296836071917422,0.0,False,"['weak_signal', 'insufficient_net_edge']"
2025-09-17 00:00:00-04:00,GOLD,metal flow + macro overlay favors long exposure,flat,,0.0,0.9789071461161467,1.0,0.296836071917422,0.0,False,"['weak_signal', 'insufficient_net_edge']"
2025-09-17 00:00:00-04:00,GOOG,stock flow + macro overlay favors long exposure,flat,,0.0,0.9789071461161467,1.0,0.296836071917422,0.0,False,"['weak_signal', 'insufficient_net_edge']"
2025-09-17 00:00:00-04:00,MCD,stock flow + macro overlay favors long exposure,flat,,0.0,0.9789071461161467,1.0,0.296836071917422,0.0,False,"['weak_signal', 'insufficient_net_edge']"
2025-09-17 00:00:00-04:00,NVDA,stock flow + macro overlay favors long exposure,flat,,0.0,0.9789071461161467,1.0,0.296836071917422,0.0,False,"['weak_signal', 'insufficient_net_edge']"
2025-09-17 00:00:00-04:00,SILVER,metal flow + macro overlay favors long exposure,flat,,0.0,0.9789071461161467,1.0,0.296836071917422,0.0,False,"['weak_signal', 'insufficient_net_edge']"
2025-09-17 00:00:00-04:00,SPY,stock flow + macro overlay favors long exposure,flat,,0.0,0.9789071461161467,1.0,0.296836071917422,0.0,False,"['weak_signal', 'insufficient_net_edge']"
2025-09-17 00:00:00-04:00,TSLA,stock flow + macro overlay favors long exposure,flat,,0.0,0.9789071461161467,1.0,0.296836071917422,0.0,False,"['weak_signal', 'insufficient_net_edge']"
2025-09-18 00:00:00-04:00,SILVER,metal flow + macro overlay favors long exposure,flat,,-0.6965034616450421,0.9841463563989237,1.0,0.47174781887109907,0.0,False,"['weak_signal', 'insufficient_net_edge']"
2025-09-18 00:00:00-04:00,BTC,crypto flow + macro overlay favors long exposure,flat,,0.6943215587736422,0.9841463563989237,1.0,0.47120234315324916,0.0,False,"['weak_signal', 'insufficient_net_edge']"
2025-09-18 00:00:00-04:00,COPPER,metal flow + macro overlay favors long exposure,flat,,-0.6730141009140993,0.9841463563989237,1.0,0.46587547868836343,0.0,False,"['weak_signal', 'insufficient_net_edge']"
2025-09-18 00:00:00-04:00,EURUSD,forex flow + macro overlay favors long exposure,flat,,0.6611488437855915,0.9841463563989237,1.0,0.4629091644062364,0.0,False,"['weak_signal', 'insufficient_net_edge']"
2025-09-18 00:00:00-04:00,AUDUSD,forex flow + macro overlay favors long exposure,flat,,-0.6578210089630863,0.9841463563989237,1.0,0.46207720570061017,0.0,False,"['weak_signal', 'insufficient_net_edge']"
2025-09-18 00:00:00-04:00,XRP,crypto flow + macro overlay favors long exposure,flat,,0.515089680822822,0.9841463563989237,1.0,0.4263943736655441,0.0,False,"['weak_signal', 'insufficient_net_edge']"
2025-09-18 00:00:00-04:00,SOL,crypto flow + macro overlay favors long exposure,flat,,0.3591365886312212,0.9841463563989237,1.0,0.38740610061764386,0.0,False,"['weak_signal', 'insufficient_net_edge']"
2025-09-18 00:00:00-04:00,ETH,crypto flow + macro overlay favors long exposure,flat,,-0.20090187693561679,0.9841463563989237,1.0,0.34784742269374275,0.0,False,"['weak_signal', 'insufficient_net_edge']"
2025-09-18 00:00:00-04:00,GOLD,metal flow + macro overlay favors long exposure,flat,,0.13474320562390013,0.9841463563989237,1.0,0.33130775486581354,0.0,False,"['weak_signal', 'insufficient_net_edge']"
2025-09-18 00:00:00-04:00,GOOG,stock flow + macro overlay favors long exposure,flat,,0.0,0.9841463563989237,1.0,0.29762195345983855,0.0,False,"['weak_signal', 'insufficient_net_edge']"
2025-09-18 00:00:00-04:00,MCD,stock flow + macro overlay favors long exposure,flat,,0.0,0.9841463563989237,1.0,0.29762195345983855,0.0,False,"['weak_signal', 'insufficient_net_edge']"
2025-09-18 00:00:00-04:00,NVDA,stock flow + macro overlay favors long exposure,flat,,0.0,0.9841463563989237,1.0,0.29762195345983855,0.0,False,"['weak_signal', 'insufficient_net_edge']"
2025-09-18 00:00:00-04:00,SPY,stock flow + macro overlay favors long exposure,flat,,0.0,0.9841463563989237,1.0,0.29762195345983855,0.0,False,"['weak_signal', 'insufficient_net_edge']"
2025-09-18 00:00:00-04:00,TSLA,stock flow + macro overlay favors long exposure,flat,,0.0,0.9841463563989237,1.0,0.29762195345983855,0.0,False,"['weak_signal', 'insufficient_net_edge']"
2025-09-19 00:00:00-04:00,AUDUSD,forex flow + macro overlay favors long exposure,flat,,-0.7339706275261514,0.9850187606576172,1.0,0.48124547098018045,0.0,False,"['weak_signal', 'insufficient_net_edge']"
2025-09-19 00:00:00-04:00,COPPER,metal flow + macro overlay favors long exposure,flat,,-0.7037182382167342,0.9850187606576172,1.0,0.47368237365282617,0.0,False,"['weak_signal', 'insufficient_net_edge']"
2025-09-19 00:00:00-04:00,SOL,crypto flow + macro overlay favors long exposure,flat,,0.6807129010972754,0.9850187606576172,1.0,0.46793103937296143,0.0,False,"['weak_signal', 'insufficient_net_edge']"
2025-09-19 00:00:00-04:00,BTC,crypto flow + macro overlay favors long exposure,flat,,0.6416051235510931,0.9850187606576172,1.0,0.4581540949864159,0.0,False,"['weak_signal', 'insufficient_net_edge']"
2025-09-19 00:00:00-04:00,XRP,crypto flow + macro overlay favors long exposure,flat,,0.5882919940703591,0.9850187606576172,1.0,0.44482581261623233,0.0,False,"['weak_signal', 'insufficient_net_edge']"
2025-09-19 00:00:00-04:00,GOLD,metal flow + macro overlay favors long exposure,flat,,-0.5795777513547492,0.9850187606576172,1.0,0.4426472519373299,0.0,False,"['weak_signal', 'insufficient_net_edge']"
2025-09-19 00:00:00-04:00,SPY,stock flow + macro overlay favors long exposure,flat,,0.5673449197056664,0.9850187606576172,1.0,0.43958904402505916,0.0,False,"['weak_signal', 'insufficient_net_edge']"
2025-09-19 00:00:00-04:00,SILVER,metal flow + macro overlay favors long exposure,flat,,-0.47314667464012095,0.9850187606576172,1.0,0.41603948275867286,0.0,False,"['weak_signal', 'insufficient_net_edge']"
2025-09-19 00:00:00-04:00,TSLA,stock flow + macro overlay favors long exposure,flat,,0.4232262193988474,0.9850187606576172,1.0,0.4035593689483544,0.0,False,"['weak_signal', 'insufficient_net_edge']"
2025-09-19 00:00:00-04:00,MCD,stock flow + macro overlay favors long exposure,flat,,-0.3065491705328207,0.9850187606576172,1.0,0.37439010673184775,0.0,False,"['weak_signal', 'insufficient_net_edge']"
2025-09-19 00:00:00-04:00,NVDA,stock flow + macro overlay favors long exposure,flat,,-0.18421053024660666,0.9850187606576172,1.0,0.3438054466602942,0.0,False,"['weak_signal', 'insufficient_net_edge']"
2025-09-19 00:00:00-04:00,ETH,crypto flow + macro overlay favors long exposure,flat,,0.14586841970489411,0.9850187606576172,1.0,0.33421991902486614,0.0,False,"['weak_signal', 'insufficient_net_edge']"
2025-09-19 00:00:00-04:00,EURUSD,forex flow + macro overlay favors long exposure,flat,,-0.06813485013513734,0.9850187606576172,1.0,0.3147865266324269,0.0,False,"['weak_signal', 'insufficient_net_edge']"
2025-09-19 00:00:00-04:00,GOOG,stock flow + macro overlay favors long exposure,flat,,0.014324091122584849,0.9850187606576172,1.0,0.3013338368792888,0.0,False,"['weak_signal', 'insufficient_net_edge']"
2025-09-20 00:00:00-04:00,AUDUSD,forex flow + macro overlay favors short exposure,flat,,-0.7478858575894065,0.9968364875407899,1.0,0.4864969375284701,0.0,False,"['weak_signal', 'insufficient_net_edge']"
2025-09-20 00:00:00-04:00,EURUSD,forex flow + macro overlay favors short exposure,flat,,-0.7397310114434508,0.9968364875407899,1.0,0.4844582259919812,0.0,False,"['weak_signal', 'insufficient_net_edge']"
2025-09-20 00:00:00-04:00,GOOG,stock flow + macro overlay favors long exposure,flat,,0.7068055946382932,0.9968364875407899,1.0,0.4762268717906918,0.0,False,"['weak_signal', 'insufficient_net_edge']"
2025-09-20 00:00:00-04:00,SPY,stock flow + macro overlay favors long exposure,flat,,0.6252784344740866,0.9968364875407899,1.0,0.4558450817496401,0.0,False,"['weak_signal', 'insufficient_net_edge']"
2025-09-20 00:00:00-04:00,SILVER,metal flow + macro overlay favors long exposure,flat,,0.5659764449143089,0.9968364875407899,1.0,0.4410195843596957,0.0,False,"['weak_signal', 'insufficient_net_edge']"
2025-09-20 00:00:00-04:00,COPPER,metal flow + macro overlay favors long exposure,flat,,-0.5526355871802396,0.9968364875407899,1.0,0.43768436992617843,0.0,False,"['weak_signal', 'insufficient_net_edge']"
2025-09-20 00:00:00-04:00,BTC,crypto flow + macro overlay favors long exposure,flat,,-0.5189612956043336,0.9968364875407899,1.0,0.4292657970322019,0.0,False,"['weak_signal', 'insufficient_net_edge']"
2025-09-20 00:00:00-04:00,SOL,crypto flow + macro overlay favors long exposure,flat,,0.36895747990261407,0.9968364875407899,1.0,0.39176484310677195,0.0,False,"['weak_signal', 'insufficient_net_edge']"
2025-09-20 00:00:00-04:00,XRP,crypto flow + macro overlay favors long exposure,flat,,-0.31279083724055845,0.9968364875407899,1.0,0.3777231824412581,0.0,False,"['weak_signal', 'insufficient_net_edge']"
2025-09-20 00:00:00-04:00,GOLD,metal flow + macro overlay favors long exposure,flat,,-0.29032101572610686,0.9968364875407899,1.0,0.3721057270626452,0.0,False,"['weak_signal', 'insufficient_net_edge']"
2025-09-20 00:00:00-04:00,ETH,crypto flow + macro overlay favors long exposure,flat,,-0.2886619803189519,0.9968364875407899,1.0,0.37169096821085645,0.0,False,"['weak_signal', 'insufficient_net_edge']"
2025-09-20 00:00:00-04:00,NVDA,stock flow + macro overlay favors long exposure,flat,,0.18692525661481935,0.9968364875407899,1.0,0.34625678728482334,0.0,False,"['weak_signal', 'insufficient_net_edge']"
2025-09-20 00:00:00-04:00,TSLA,stock flow + macro overlay favors long exposure,flat,,0.1745465743663407,0.9968364875407899,1.0,0.34316211672270364,0.0,False,"['weak_signal', 'insufficient_net_edge']"
2025-09-20 00:00:00-04:00,MCD,stock flow + macro overlay favors long exposure,flat,,-0.15882478356519847,0.9968364875407899,1.0,0.3392316690224181,0.0,False,"['weak_signal', 'insufficient_net_edge']"
2025-09-21 00:00:00-04:00,XRP,crypto flow + macro overlay favors long exposure,flat,,-0.728473265057428,0.9914187152789766,0.9642857142857144,0.47547398069906066,0.0,False,"['report_invalid', 'weak_signal', 'insufficient_net_edge']"
2025-09-21 00:00:00-04:00,BTC,crypto flow + macro overlay favors long exposure,flat,,-0.7134539167289213,0.9914187152789766,0.9642857142857144,0.471719143616934,0.0,False,"['report_invalid', 'weak_signal', 'insufficient_net_edge']"
2025-09-21 00:00:00-04:00,ETH,crypto flow + macro overlay favors long exposure,flat,,-0.6856762111088432,0.9914187152789766,0.9642857142857144,0.46477471721191443,0.0,False,"['report_invalid', 'weak_signal', 'insufficient_net_edge']"
2025-09-21 00:00:00-04:00,SOL,crypto flow + macro overlay favors long exposure,flat,,-0.5040520919365579,0.9914187152789766,0.9642857142857144,0.41936868741884314,0.0,False,"['report_invalid', 'weak_signal', 'insufficient_net_edge']"
2025-09-21 00:00:00-04:00,AUDUSD,forex flow + macro overlay favors long exposure,flat,,0.0,0.9914187152789766,0.9642857142857144,0.2933556644347036,0.0,False,"['report_invalid', 'weak_signal', 'insufficient_net_edge']"
2025-09-21 00:00:00-04:00,COPPER,metal flow + macro overlay favors long exposure,flat,,0.0,0.9914187152789766,0.9642857142857144,0.2933556644347036,0.0,False,"['report_invalid', 'weak_signal', 'insufficient_net_edge']"
2025-09-21 00:00:00-04:00,EURUSD,forex flow + macro overlay favors long exposure,flat,,0.0,0.9914187152789766,0.9642857142857144,0.2933556644347036,0.0,False,"['report_invalid', 'weak_signal', 'insufficient_net_edge']"
2025-09-21 00:00:00-04:00,GOLD,metal flow + macro overlay favors long exposure,flat,,0.0,0.9914187152789766,0.9642857142857144,0.2933556644347036,0.0,False,"['report_invalid', 'weak_signal', 'insufficient_net_edge']"
2025-09-21 00:00:00-04:00,GOOG,stock flow + macro overlay favors long exposure,flat,,0.0,0.9914187152789766,0.9642857142857144,0.2933556644347036,0.0,False,"['report_invalid', 'weak_signal', 'insufficient_net_edge']"
2025-09-21 00:00:00-04:00,MCD,stock flow + macro overlay favors long exposure,flat,,0.0,0.9914187152789766,0.9642857142857144,0.2933556644347036,0.0,False,"['report_invalid', 'weak_signal', 'insufficient_net_edge']"
2025-09-21 00:00:00-04:00,NVDA,stock flow + macro overlay favors long exposure,flat,,0.0,0.9914187152789766,0.9642857142857144,0.2933556644347036,0.0,False,"['report_invalid', 'weak_signal', 'insufficient_net_edge']"
2025-09-21 00:00:00-04:00,SILVER,metal flow + macro overlay favors long exposure,flat,,0.0,0.9914187152789766,0.9642857142857144,0.2933556644347036,0.0,False,"['report_invalid', 'weak_signal', 'insufficient_net_edge']"
2025-09-21 00:00:00-04:00,SPY,stock flow + macro overlay favors long exposure,flat,,0.0,0.9914187152789766,0.9642857142857144,0.2933556644347036,0.0,False,"['report_invalid', 'weak_signal', 'insufficient_net_edge']"
2025-09-21 00:00:00-04:00,TSLA,stock flow + macro overlay favors long exposure,flat,,0.0,0.9914187152789766,0.9642857142857144,0.2933556644347036,0.0,False,"['report_invalid', 'weak_signal', 'insufficient_net_edge']"
2025-09-22 00:00:00-04:00,XRP,crypto flow + macro overlay favors long exposure,flat,,-0.7398420101099976,0.9941850182636441,0.9642857142857144,0.4787311124099032,0.0,False,"['report_invalid', 'weak_signal', 'insufficient_net_edge']"
2025-09-22 00:00:00-04:00,ETH,crypto flow + macro overlay favors long exposure,flat,,-0.7386591553217008,0.9941850182636441,0.9642857142857144,0.47843539871282903,0.0,False,"['report_invalid', 'weak_signal', 'insufficient_net_edge']"
2025-09-22 00:00:00-04:00,BTC,crypto flow + macro overlay favors long exposure,flat,,-0.7319248463980245,0.9941850182636441,0.9642857142857144,0.47675182148190987,0.0,False,"['report_invalid', 'weak_signal', 'insufficient_net_edge']"
2025-09-22 00:00:00-04:00,SILVER,metal flow + macro overlay favors long exposure,flat,,0.7267949810130747,0.9941850182636441,0.9642857142857144,0.47546935513567246,0.0,False,"['report_invalid', 'weak_signal', 'insufficient_net_edge']"
2025-09-22 00:00:00-04:00,SOL,crypto flow + macro overlay favors long exposure,flat,,-0.7003218330521478,0.9941850182636441,0.9642857142857144,0.46885106814544075,0.0,False,"['report_invalid', 'weak_signal', 'insufficient_net_edge']"
2025-09-22 00:00:00-04:00,GOLD,metal flow + macro overlay favors long exposure,flat,,0.6482149899024545,0.9941850182636441,0.9642857142857144,0.4558243573580174,0.0,False,"['report_invalid', 'weak_signal', 'insufficient_net_edge']"
2025-09-22 00:00:00-04:00,EURUSD,forex flow + macro overlay favors short exposure,flat,,-0.5455398223051542,0.9941850182636441,0.9642857142857144,0.4301555654586924,0.0,False,"['report_invalid', 'weak_signal', 'insufficient_net_edge']"
2025-09-22 00:00:00-04:00,COPPER,metal flow + macro overlay favors long exposure,flat,,0.3132724985022398,0.9941850182636441,0.9642857142857144,0.37208873450796376,0.0,False,"['report_invalid', 'weak_signal', 'insufficient_net_edge']"
2025-09-22 00:00:00-04:00,AUDUSD,forex flow + macro overlay favors short exposure,flat,,-0.270533994785506,0.9941850182636441,0.9642857142857144,0.36140410857878025,0.0,False,"['report_invalid', 'weak_signal', 'insufficient_net_edge']"
2025-09-22 00:00:00-04:00,GOOG,stock flow + macro overlay favors long exposure,flat,,0.0,0.9941850182636441,0.9642857142857144,0.2937706098824038,0.0,False,"['report_invalid', 'weak_signal', 'insufficient_net_edge']"
2025-09-22 00:00:00-04:00,MCD,stock flow + macro overlay favors long exposure,flat,,0.0,0.9941850182636441,0.9642857142857144,0.2937706098824038,0.0,False,"['report_invalid', 'weak_signal', 'insufficient_net_edge']"
2025-09-22 00:00:00-04:00,NVDA,stock flow + macro overlay favors long exposure,flat,,0.0,0.9941850182636441,0.9642857142857144,0.2937706098824038,0.0,False,"['report_invalid', 'weak_signal', 'insufficient_net_edge']"
2025-09-22 00:00:00-04:00,SPY,stock flow + macro overlay favors long exposure,flat,,0.0,0.9941850182636441,0.9642857142857144,0.2937706098824038,0.0,False,"['report_invalid', 'weak_signal', 'insufficient_net_edge']"
2025-09-22 00:00:00-04:00,TSLA,stock flow + macro overlay favors long exposure,flat,,0.0,0.9941850182636441,0.9642857142857144,0.2937706098824038,0.0,False,"['report_invalid', 'weak_signal', 'insufficient_net_edge']"
2025-09-23 00:00:00-04:00,SOL,crypto flow + macro overlay favors short exposure,flat,,-0.7449556486707966,0.9738097206064255,1.0,0.48231037025866297,0.0,False,"['weak_signal', 'insufficient_net_edge']"
2025-09-23 00:00:00-04:00,ETH,crypto flow + macro overlay favors short exposure,flat,,-0.7446208752545501,0.9738097206064255,1.0,0.4822266769046013,0.0,False,"['weak_signal', 'insufficient_net_edge']"
2025-09-23 00:00:00-04:00,BTC,crypto flow + macro overlay favors short exposure,flat,,-0.7442868392066747,0.9738097206064255,1.0,0.48214316789263245,0.0,False,"['weak_signal', 'insufficient_net_edge']"
2025-09-23 00:00:00-04:00,GOLD,metal flow + macro overlay favors long exposure,flat,,0.7406969917119138,0.9738097206064255,1.0,0.48124570601894223,0.0,False,"['weak_signal', 'insufficient_net_edge']"
2025-09-23 00:00:00-04:00,XRP,crypto flow + macro overlay favors short exposure,flat,,-0.7386205442411703,0.9738097206064255,1.0,0.4807265941512564,0.0,False,"['weak_signal', 'insufficient_net_edge']"
2025-09-23 00:00:00-04:00,SILVER,metal flow + macro overlay favors long exposure,flat,,0.7298963018439915,0.9738097206064255,1.0,0.4785455335519617,0.0,False,"['weak_signal', 'insufficient_net_edge']"
2025-09-23 00:00:00-04:00,NVDA,stock flow + macro overlay favors long exposure,flat,,0.716134666505712,0.9738097206064255,1.0,0.47510512471739186,0.0,False,"['weak_signal', 'insufficient_net_edge']"
2025-09-23 00:00:00-04:00,EURUSD,forex flow + macro overlay favors long exposure,flat,,0.6379711410919722,0.9738097206064255,1.0,0.45556424336395684,0.0,False,"['weak_signal', 'insufficient_net_edge']"
2025-09-23 00:00:00-04:00,SPY,stock flow + macro overlay favors long exposure,flat,,0.6307484465246015,0.9738097206064255,1.0,0.45375856972211415,0.0,False,"['weak_signal', 'insufficient_net_edge']"
2025-09-23 00:00:00-04:00,TSLA,stock flow + macro overlay favors long exposure,flat,,0.564339071472961,0.9738097206064255,1.0,0.4371562259592041,0.0,False,"['weak_signal', 'insufficient_net_edge']"
2025-09-23 00:00:00-04:00,GOOG,stock flow + macro overlay favors long exposure,flat,,-0.5407616804807638,0.9738097206064255,1.0,0.4312618782111548,0.0,False,"['weak_signal', 'insufficient_net_edge']"
2025-09-23 00:00:00-04:00,AUDUSD,forex flow + macro overlay favors long exposure,flat,,-0.305791722292913,0.9738097206064255,1.0,0.3725193886641921,0.0,False,"['weak_signal', 'insufficient_net_edge']"
2025-09-23 00:00:00-04:00,COPPER,metal flow + macro overlay favors long exposure,flat,,0.0098743967653866,0.9738097206064255,1.0,0.2985400572823105,0.0,False,"['weak_signal', 'insufficient_net_edge']"
2025-09-23 00:00:00-04:00,MCD,stock flow + macro overlay favors long exposure,flat,,0.006179140597081748,0.9738097206064255,1.0,0.2976162432402343,0.0,False,"['weak_signal', 'insufficient_net_edge']"
2025-09-24 00:00:00-04:00,SOL,crypto flow + macro overlay favors short exposure,flat,,-0.749772497171509,0.9734591547507061,1.0,0.48346199750548313,0.0,False,"['weak_signal', 'insufficient_net_edge']"
2025-09-24 00:00:00-04:00,BTC,crypto flow + macro overlay favors short exposure,flat,,-0.7491507248880701,0.9734591547507061,1.0,0.48330655443462345,0.0,False,"['weak_signal', 'insufficient_net_edge']"
2025-09-24 00:00:00-04:00,ETH,crypto flow + macro overlay favors short exposure,flat,,-0.7489607792153847,0.9734591547507061,1.0,0.48325906801645213,0.0,False,"['weak_signal', 'insufficient_net_edge']"
2025-09-24 00:00:00-04:00,XRP,crypto flow + macro overlay favors short exposure,flat,,-0.7487034234721593,0.9734591547507061,1.0,0.48319472908064576,0.0,False,"['weak_signal', 'insufficient_net_edge']"
2025-09-24 00:00:00-04:00,AUDUSD,forex flow + macro overlay favors long exposure,flat,,0.0,0.9734591547507061,1.0,0.2960188732126059,0.0,False,"['weak_signal', 'insufficient_net_edge']"
2025-09-24 00:00:00-04:00,COPPER,metal flow + macro overlay favors long exposure,flat,,0.0,0.9734591547507061,1.0,0.2960188732126059,0.0,False,"['weak_signal', 'insufficient_net_edge']"
2025-09-24 00:00:00-04:00,EURUSD,forex flow + macro overlay favors long exposure,flat,,0.0,0.9734591547507061,1.0,0.2960188732126059,0.0,False,"['weak_signal', 'insufficient_net_edge']"
2025-09-24 00:00:00-04:00,GOLD,metal flow + macro overlay favors long exposure,flat,,0.0,0.9734591547507061,1.0,0.2960188732126059,0.0,False,"['weak_signal', 'insufficient_net_edge']"
2025-09-24 00:00:00-04:00,GOOG,stock flow + macro overlay favors long exposure,flat,,0.0,0.9734591547507061,1.0,0.2960188732126059,0.0,False,"['weak_signal', 'insufficient_net_edge']"
2025-09-24 00:00:00-04:00,MCD,stock flow + macro overlay favors long exposure,flat,,0.0,0.9734591547507061,1.0,0.2960188732126059,0.0,False,"['weak_signal', 'insufficient_net_edge']"
2025-09-24 00:00:00-04:00,NVDA,stock flow + macro overlay favors long exposure,flat,,0.0,0.9734591547507061,1.0,0.2960188732126059,0.0,False,"['weak_signal', 'insufficient_net_edge']"
2025-09-24 00:00:00-04:00,SILVER,metal flow + macro overlay favors long exposure,flat,,0.0,0.9734591547507061,1.0,0.2960188732126059,0.0,False,"['weak_signal', 'insufficient_net_edge']"
2025-09-24 00:00:00-04:00,SPY,stock flow + macro overlay favors long exposure,flat,,0.0,0.9734591547507061,1.0,0.2960188732126059,0.0,False,"['weak_signal', 'insufficient_net_edge']"
2025-09-24 00:00:00-04:00,TSLA,stock flow + macro overlay favors long exposure,flat,,0.0,0.9734591547507061,1.0,0.2960188732126059,0.0,False,"['weak_signal', 'insufficient_net_edge']"
2025-09-25 00:00:00-04:00,SOL,crypto flow + macro overlay favors short exposure,flat,,-0.7487180215811486,0.9756839370712899,1.0,0.4835320959559807,0.0,False,"['weak_signal', 'insufficient_net_edge']"
2025-09-25 00:00:00-04:00,COPPER,metal flow + macro overlay favors long exposure,flat,,0.7483464557124062,0.9756839370712899,1.0,0.48343920448879507,0.0,False,"['weak_signal', 'insufficient_net_edge']"
2025-09-25 00:00:00-04:00,ETH,crypto flow + macro overlay favors short exposure,flat,,-0.7428094491513453,0.9756839370712899,1.0,0.48205495284852984,0.0,False,"['weak_signal', 'insufficient_net_edge']"
2025-09-25 00:00:00-04:00,BTC,crypto flow + macro overlay favors short exposure,flat,,-0.7213960547435465,0.9756839370712899,1.0,0.47670160424658015,0.0,False,"['weak_signal', 'insufficient_net_edge']"
2025-09-25 00:00:00-04:00,GOLD,metal flow + macro overlay favors long exposure,flat,,0.6528470221059628,0.9756839370712899,1.0,0.4595643460871842,0.0,False,"['weak_signal', 'insufficient_net_edge']"
2025-09-25 00:00:00-04:00,XRP,crypto flow + macro overlay favors short exposure,flat,,-0.4604368511816961,0.9756839370712899,1.0,0.4114618033561175,0.0,False,"['weak_signal', 'insufficient_net_edge']"
2025-09-25 00:00:00-04:00,SILVER,metal flow + macro overlay favors long exposure,flat,,0.423430370447562,0.9756839370712899,1.0,0.40221018317258395,0.0,False,"['weak_signal', 'insufficient_net_edge']"
2025-09-25 00:00:00-04:00,EURUSD,forex flow + macro overlay favors long exposure,flat,,0.3040110633196923,0.9756839370712899,1.0,0.37235535639061657,0.0,False,"['weak_signal', 'insufficient_net_edge']"
2025-09-25 00:00:00-04:00,AUDUSD,forex flow + macro overlay favors long exposure,flat,,0.08227024032724062,0.9756839370712899,1.0,0.3169201506425036,0.0,False,"['weak_signal', 'insufficient_net_edge']"
2025-09-25 00:00:00-04:00,GOOG,stock flow + macro overlay favors long exposure,flat,,0.0,0.9756839370712899,1.0,0.29635259056069346,0.0,False,"['weak_signal', 'insufficient_net_edge']"
2025-09-25 00:00:00-04:00,MCD,stock flow + macro overlay favors long exposure,flat,,0.0,0.9756839370712899,1.0,0.29635259056069346,0.0,False,"['weak_signal', 'insufficient_net_edge']"
2025-09-25 00:00:00-04:00,NVDA,stock flow + macro overlay favors long exposure,flat,,0.0,0.9756839370712899,1.0,0.29635259056069346,0.0,False,"['weak_signal', 'insufficient_net_edge']"
2025-09-25 00:00:00-04:00,SPY,stock flow + macro overlay favors long exposure,flat,,0.0,0.9756839370712899,1.0,0.29635259056069346,0.0,False,"['weak_signal', 'insufficient_net_edge']"
2025-09-25 00:00:00-04:00,TSLA,stock flow + macro overlay favors long exposure,flat,,0.0,0.9756839370712899,1.0,0.29635259056069346,0.0,False,"['weak_signal', 'insufficient_net_edge']"
2025-09-26 00:00:00-04:00,SPY,stock flow + macro overlay favors long exposure,flat,,-0.7485881943833121,0.9767744457471053,1.0,0.4836632154578938,0.0,False,"['weak_signal', 'insufficient_net_edge']"
2025-09-26 00:00:00-04:00,SOL,crypto flow + macro overlay favors short exposure,flat,,-0.7444323414173636,0.9767744457471053,1.0,0.4826242522164067,0.0,False,"['weak_signal', 'insufficient_net_edge']"
2025-09-26 00:00:00-04:00,ETH,crypto flow + macro overlay favors short exposure,flat,,-0.7387731385643898,0.9767744457471053,1.0,0.4812094515031632,0.0,False,"['weak_signal', 'insufficient_net_edge']"
2025-09-26 00:00:00-04:00,EURUSD,forex flow + macro overlay favors short exposure,flat,,-0.7368023043863676,0.9767744457471053,1.0,0.48071674295865774,0.0,False,"['weak_signal', 'insufficient_net_edge']"
2025-09-26 00:00:00-04:00,BTC,crypto flow + macro overlay favors short exposure,flat,,-0.7345427704012607,0.9767744457471053,1.0,0.4801518594623809,0.0,False,"['weak_signal', 'insufficient_net_edge']"
2025-09-26 00:00:00-04:00,COPPER,metal flow + macro overlay favors long exposure,flat,,0.7286040247864753,0.9767744457471053,1.0,0.47866717305868467,0.0,False,"['weak_signal', 'insufficient_net_edge']"
2025-09-26 00:00:00-04:00,GOOG,stock flow + macro overlay favors long exposure,flat,,-0.7153557152116553,0.9767744457471053,1.0,0.4753550956649796,0.0,False,"['weak_signal', 'insufficient_net_edge']"
2025-09-26 00:00:00-04:00,XRP,crypto flow + macro overlay favors short exposure,flat,,-0.7066259612305833,0.9767744457471053,1.0,0.4731726571697116,0.0,False,"['weak_signal', 'insufficient_net_edge']"
2025-09-26 00:00:00-04:00,NVDA,stock flow + macro overlay favors long exposure,flat,,-0.686016741582513,0.9767744457471053,1.0,0.468020352257694,0.0,False,"['weak_signal', 'insufficient_net_edge']"
2025-09-26 00:00:00-04:00,AUDUSD,forex flow + macro overlay favors short exposure,flat,,-0.6595102136185458,0.9767744457471053,1.0,0.4613937202667022,0.0,False,"['weak_signal', 'insufficient_net_edge']"
2025-09-26 00:00:00-04:00,SILVER,metal flow + macro overlay favors long exposure,flat,,0.6462293926577489,0.9767744457471053,1.0,0.45807351502650306,0.0,False,"['weak_signal', 'insufficient_net_edge']"
2025-09-26 00:00:00-04:00,TSLA,stock flow + macro overlay favors long exposure,flat,,-0.5139680278179197,0.9767744457471053,1.0,0.42500817381654576,0.0,False,"['weak_signal', 'insufficient_net_edge']"
2025-09-26 00:00:00-04:00,MCD,stock flow + macro overlay favors long exposure,flat,,-0.05006264773371441,0.9767744457471053,1.0,0.3090318287954944,0.0,False,"['weak_signal', 'insufficient_net_edge']"
2025-09-26 00:00:00-04:00,GOLD,metal flow + macro overlay favors long exposure,flat,,-0.04163961367123771,0.9767744457471053,1.0,0.3069260702798752,0.0,False,"['weak_signal', 'insufficient_net_edge']"
2025-09-27 00:00:00-04:00,SILVER,metal flow + macro overlay favors long exposure,flat,,0.7474110903057438,0.9847248920681423,1.0,0.4845615063866573,0.0,False,"['weak_signal', 'insufficient_net_edge']"
2025-09-27 00:00:00-04:00,AUDUSD,forex flow + macro overlay favors short exposure,flat,,-0.7392897108349658,0.9847248920681423,1.0,0.4825311615189628,0.0,False,"['weak_signal', 'insufficient_net_edge']"
2025-09-27 00:00:00-04:00,GOOG,stock flow + macro overlay favors long exposure,flat,,-0.7249996617135263,0.9847248920681423,1.0,0.4789586492386029,0.0,False,"['weak_signal', 'insufficient_net_edge']"
2025-09-27 00:00:00-04:00,EURUSD,forex flow + macro overlay favors short exposure,flat,,-0.7221112038781625,0.9847248920681423,1.0,0.478236534779762,0.0,False,"['weak_signal', 'insufficient_net_edge']"
2025-09-27 00:00:00-04:00,COPPER,metal flow + macro overlay favors long exposure,flat,,0.6967280785683208,0.9847248920681423,1.0,0.4718907534523016,0.0,False,"['weak_signal', 'insufficient_net_edge']"
2025-09-27 00:00:00-04:00,BTC,crypto flow + macro overlay favors short exposure,flat,,-0.6820375238686482,0.9847248920681423,1.0,0.4682181147773834,0.0,False,"['weak_signal', 'insufficient_net_edge']"
2025-09-27 00:00:00-04:00,ETH,crypto flow + macro overlay favors short exposure,flat,,-0.6157365701831398,0.9847248920681423,1.0,0.4516428763560063,0.0,False,"['weak_signal', 'insufficient_net_edge']"
2025-09-27 00:00:00-04:00,MCD,stock flow + macro overlay favors long exposure,flat,,0.5843955500433001,0.9847248920681423,1.0,0.44380762132104634,0.0,False,"['weak_signal', 'insufficient_net_edge']"
2025-09-27 00:00:00-04:00,TSLA,stock flow + macro overlay favors long exposure,flat,,0.5432565419772728,0.9847248920681423,1.0,0.43352286930453954,0.0,False,"['weak_signal', 'insufficient_net_edge']"
2025-09-27 00:00:00-04:00,SPY,stock flow + macro overlay favors long exposure,flat,,-0.3661549324710829,0.9847248920681423,1.0,0.38924746692799206,0.0,False,"['weak_signal', 'insufficient_net_edge']"
2025-09-27 00:00:00-04:00,SOL,crypto flow + macro overlay favors short exposure,flat,,-0.28816433140396863,0.9847248920681423,1.0,0.36974981666121354,0.0,False,"['weak_signal', 'insufficient_net_edge']"
2025-09-27 00:00:00-04:00,XRP,crypto flow + macro overlay favors short exposure,flat,,-0.23937386246208525,0.9847248920681423,1.0,0.3575521994257427,0.0,False,"['weak_signal', 'insufficient_net_edge']"
2025-09-27 00:00:00-04:00,GOLD,metal flow + macro overlay favors long exposure,flat,,0.20335371930842938,0.9847248920681423,1.0,0.3485471636373287,0.0,False,"['weak_signal', 'insufficient_net_edge']"
2025-09-27 00:00:00-04:00,NVDA,stock flow + macro overlay favors long exposure,flat,,-0.0636856216763658,0.9847248920681423,1.0,0.3136301392293128,0.0,False,"['weak_signal', 'insufficient_net_edge']"
2025-09-28 00:00:00-04:00,BTC,crypto flow + macro overlay favors short exposure,flat,,-0.7369625355511851,0.9916460246644911,0.9642857142857144,0.4776303947303271,0.0,False,"['report_invalid', 'weak_signal', 'insufficient_net_edge']"
2025-09-28 00:00:00-04:00,XRP,crypto flow + macro overlay favors short exposure,flat,,-0.6781414673655297,0.9916460246644911,0.9642857142857144,0.46292512768391325,0.0,False,"['report_invalid', 'weak_signal', 'insufficient_net_edge']"
2025-09-28 00:00:00-04:00,SOL,crypto flow + macro overlay favors short exposure,flat,,-0.45757823962349065,0.9916460246644911,0.9642857142857144,0.40778432074840354,0.0,False,"['report_invalid', 'weak_signal', 'insufficient_net_edge']"
2025-09-28 00:00:00-04:00,ETH,crypto flow + macro overlay favors short exposure,flat,,-0.4303647009431091,0.9916460246644911,0.9642857142857144,0.4009809360783081,0.0,False,"['report_invalid', 'weak_signal', 'insufficient_net_edge']"
2025-09-28 00:00:00-04:00,AUDUSD,forex flow + macro overlay favors long exposure,flat,,0.0,0.9916460246644911,0.9642857142857144,0.2933897608425308,0.0,False,"['report_invalid', 'weak_signal', 'insufficient_net_edge']"
2025-09-28 00:00:00-04:00,COPPER,metal flow + macro overlay favors long exposure,flat,,0.0,0.9916460246644911,0.9642857142857144,0.2933897608425308,0.0,False,"['report_invalid', 'weak_signal', 'insufficient_net_edge']"
2025-09-28 00:00:00-04:00,EURUSD,forex flow + macro overlay favors long exposure,flat,,0.0,0.9916460246644911,0.9642857142857144,0.2933897608425308,0.0,False,"['report_invalid', 'weak_signal', 'insufficient_net_edge']"
2025-09-28 00:00:00-04:00,GOLD,metal flow + macro overlay favors long exposure,flat,,0.0,0.9916460246644911,0.9642857142857144,0.2933897608425308,0.0,False,"['report_invalid', 'weak_signal', 'insufficient_net_edge']"
2025-09-28 00:00:00-04:00,GOOG,stock flow + macro overlay favors long exposure,flat,,0.0,0.9916460246644911,0.9642857142857144,0.2933897608425308,0.0,False,"['report_invalid', 'weak_signal', 'insufficient_net_edge']"
2025-09-28 00:00:00-04:00,MCD,stock flow + macro overlay favors long exposure,flat,,0.0,0.9916460246644911,0.9642857142857144,0.2933897608425308,0.0,False,"['report_invalid', 'weak_signal', 'insufficient_net_edge']"
2025-09-28 00:00:00-04:00,NVDA,stock flow + macro overlay favors long exposure,flat,,0.0,0.9916460246644911,0.9642857142857144,0.2933897608425308,0.0,False,"['report_invalid', 'weak_signal', 'insufficient_net_edge']"
2025-09-28 00:00:00-04:00,SILVER,metal flow + macro overlay favors long exposure,flat,,0.0,0.9916460246644911,0.9642857142857144,0.2933897608425308,0.0,False,"['report_invalid', 'weak_signal', 'insufficient_net_edge']"
2025-09-28 00:00:00-04:00,SPY,stock flow + macro overlay favors long exposure,flat,,0.0,0.9916460246644911,0.9642857142857144,0.2933897608425308,0.0,False,"['report_invalid', 'weak_signal', 'insufficient_net_edge']"
2025-09-28 00:00:00-04:00,TSLA,stock flow + macro overlay favors long exposure,flat,,0.0,0.9916460246644911,0.9642857142857144,0.2933897608425308,0.0,False,"['report_invalid', 'weak_signal', 'insufficient_net_edge']"
2025-09-29 00:00:00-04:00,SILVER,metal flow + macro overlay favors long exposure,flat,,0.7456162398551309,0.9894465813387974,0.9642857142857144,0.47946390430745955,0.0,False,"['report_invalid', 'weak_signal', 'insufficient_net_edge']"
2025-09-29 00:00:00-04:00,GOLD,metal flow + macro overlay favors long exposure,flat,,0.7320872694970368,0.9894465813387974,0.9642857142857144,0.476081661717936,0.0,False,"['report_invalid', 'weak_signal', 'insufficient_net_edge']"
2025-09-29 00:00:00-04:00,SOL,crypto flow + macro overlay favors short exposure,flat,,0.7230020871068987,0.9894465813387974,0.9642857142857144,0.4738103661204015,0.0,False,"['report_invalid', 'weak_signal', 'insufficient_net_edge']"
2025-09-29 00:00:00-04:00,XRP,crypto flow + macro overlay favors short exposure,flat,,0.7095016236065188,0.9894465813387974,0.9642857142857144,0.4704352502453065,0.0,False,"['report_invalid', 'weak_signal', 'insufficient_net_edge']"
2025-09-29 00:00:00-04:00,BTC,crypto flow + macro overlay favors short exposure,flat,,0.7012416578084626,0.9894465813387974,0.9642857142857144,0.4683702587957924,0.0,False,"['report_invalid', 'weak_signal', 'insufficient_net_edge']"
2025-09-29 00:00:00-04:00,ETH,crypto flow + macro overlay favors short exposure,flat,,0.6970280685002659,0.9894465813387974,0.9642857142857144,0.4673168614687433,0.0,False,"['report_invalid', 'weak_signal', 'insufficient_net_edge']"
2025-09-29 00:00:00-04:00,AUDUSD,forex flow + macro overlay favors short exposure,flat,,0.5961822750969674,0.9894465813387974,0.9642857142857144,0.4421054131179186,0.0,False,"['report_invalid', 'weak_signal', 'insufficient_net_edge']"
2025-09-29 00:00:00-04:00,EURUSD,forex flow + macro overlay favors short exposure,flat,,0.5726154964129473,0.9894465813387974,0.9642857142857144,0.4362137184469136,0.0,False,"['report_invalid', 'weak_signal', 'insufficient_net_edge']"
2025-09-29 00:00:00-04:00,COPPER,metal flow + macro overlay favors long exposure,flat,,0.15816588928753736,0.9894465813387974,0.9642857142857144,0.33260131666556114,0.0,False,"['report_invalid', 'weak_signal', 'insufficient_net_edge']"
2025-09-29 00:00:00-04:00,GOOG,stock flow + macro overlay favors long exposure,flat,,0.0,0.9894465813387974,0.9642857142857144,0.29305984434367677,0.0,False,"['report_invalid', 'weak_signal', 'insufficient_net_edge']"
2025-09-29 00:00:00-04:00,MCD,stock flow + macro overlay favors long exposure,flat,,0.0,0.9894465813387974,0.9642857142857144,0.29305984434367677,0.0,False,"['report_invalid', 'weak_signal', 'insufficient_net_edge']"
2025-09-29 00:00:00-04:00,NVDA,stock flow + macro overlay favors long exposure,flat,,0.0,0.9894465813387974,0.9642857142857144,0.29305984434367677,0.0,False,"['report_invalid', 'weak_signal', 'insufficient_net_edge']"
2025-09-29 00:00:00-04:00,SPY,stock flow + macro overlay favors long exposure,flat,,0.0,0.9894465813387974,0.9642857142857144,0.29305984434367677,0.0,False,"['report_invalid', 'weak_signal', 'insufficient_net_edge']"
2025-09-29 00:00:00-04:00,TSLA,stock flow + macro overlay favors long exposure,flat,,0.0,0.9894465813387974,0.9642857142857144,0.29305984434367677,0.0,False,"['report_invalid', 'weak_signal', 'insufficient_net_edge']"
2025-09-30 00:00:00-04:00,BTC,crypto flow + macro overlay favors long exposure,flat,,0.747834048770108,0.9832410865509486,1.0,0.4844446751751693,0.0,False,"['weak_signal', 'insufficient_net_edge']"
2025-09-30 00:00:00-04:00,GOLD,metal flow + macro overlay favors long exposure,flat,,0.7461716459968606,0.9832410865509486,1.0,0.4840290744818574,0.0,False,"['weak_signal', 'insufficient_net_edge']"
2025-09-30 00:00:00-04:00,AUDUSD,forex flow + macro overlay favors short exposure,flat,,0.7236389329929342,0.9832410865509486,1.0,0.47839589623087586,0.0,False,"['weak_signal', 'insufficient_net_edge']"
2025-09-30 00:00:00-04:00,ETH,crypto flow + macro overlay favors long exposure,flat,,0.7129262624997499,0.9832410865509486,1.0,0.47571772860757977,0.0,False,"['weak_signal', 'insufficient_net_edge']"
2025-09-30 00:00:00-04:00,GOOG,stock flow + macro overlay favors long exposure,flat,,-0.7108184330192597,0.9832410865509486,1.0,0.47519077123745723,0.0,False,"['weak_signal', 'insufficient_net_edge']"
2025-09-30 00:00:00-04:00,COPPER,metal flow + macro overlay favors long exposure,flat,,0.703537182653246,0.9832410865509486,1.0,0.47337045864595384,0.0,False,"['weak_signal', 'insufficient_net_edge']"
2025-09-30 00:00:00-04:00,XRP,crypto flow + macro overlay favors long exposure,flat,,0.6921754738021881,0.9832410865509486,1.0,0.4705300314331893,0.0,False,"['weak_signal', 'insufficient_net_edge']"
2025-09-30 00:00:00-04:00,NVDA,stock flow + macro overlay favors long exposure,flat,,0.6333688886997647,0.9832410865509486,1.0,0.4558283851575835,0.0,False,"['weak_signal', 'insufficient_net_edge']"
2025-09-30 00:00:00-04:00,SOL,crypto flow + macro overlay favors long exposure,flat,,0.5701280669354524,0.9832410865509486,1.0,0.44001817971650536,0.0,False,"['weak_signal', 'insufficient_net_edge']"
2025-09-30 00:00:00-04:00,SILVER,metal flow + macro overlay favors long exposure,flat,,0.5440216670736855,0.9832410865509486,1.0,0.43349157975106367,0.0,False,"['weak_signal', 'insufficient_net_edge']"
2025-09-30 00:00:00-04:00,MCD,stock flow + macro overlay favors long exposure,flat,,-0.5005032979837033,0.9832410865509486,1.0,0.4226119874785681,0.0,False,"['weak_signal', 'insufficient_net_edge']"
2025-09-30 00:00:00-04:00,EURUSD,forex flow + macro overlay favors short exposure,flat,,0.3553965837049871,0.9832410865509486,1.0,0.386335308908889,0.0,False,"['weak_signal', 'insufficient_net_edge']"
2025-09-30 00:00:00-04:00,SPY,stock flow + macro overlay favors long exposure,flat,,0.3069569921410644,0.9832410865509486,1.0,0.3742254110179084,0.0,False,"['weak_signal', 'insufficient_net_edge']"
2025-09-30 00:00:00-04:00,TSLA,stock flow + macro overlay favors long exposure,flat,,0.07772618319939012,0.9832410865509486,1.0,0.3169177087824898,0.0,False,"['weak_signal', 'insufficient_net_edge']"
2025-10-01 00:00:00-04:00,BTC,crypto flow + macro overlay favors long exposure,flat,,0.7490662789211904,0.9797194920080601,1.0,0.48422449353150665,0.0,False,"['weak_signal', 'insufficient_net_edge']"
2025-10-01 00:00:00-04:00,ETH,crypto flow + macro overlay favors long exposure,flat,,0.6754187383547334,0.9797194920080601,1.0,0.46581260838989236,0.0,False,"['weak_signal', 'insufficient_net_edge']"
2025-10-01 00:00:00-04:00,SOL,crypto flow + macro overlay favors long exposure,flat,,0.5273523300892786,0.9797194920080601,1.0,0.42879600632352866,0.0,False,"['weak_signal', 'insufficient_net_edge']"
2025-10-01 00:00:00-04:00,XRP,crypto flow + macro overlay favors long exposure,flat,,0.48964272080147825,0.9797194920080601,1.0,0.4193686040015786,0.0,False,"['weak_signal', 'insufficient_net_edge']"
2025-10-01 00:00:00-04:00,AUDUSD,forex flow + macro overlay favors long exposure,flat,,0.0,0.9797194920080601,1.0,0.296957923801209,0.0,False,"['weak_signal', 'insufficient_net_edge']"
2025-10-01 00:00:00-04:00,COPPER,metal flow + macro overlay favors long exposure,flat,,0.0,0.9797194920080601,1.0,0.296957923801209,0.0,False,"['weak_signal', 'insufficient_net_edge']"
2025-10-01 00:00:00-04:00,EURUSD,forex flow + macro overlay favors long exposure,flat,,0.0,0.9797194920080601,1.0,0.296957923801209,0.0,False,"['weak_signal', 'insufficient_net_edge']"
2025-10-01 00:00:00-04:00,GOLD,metal flow + macro overlay favors long exposure,flat,,0.0,0.9797194920080601,1.0,0.296957923801209,0.0,False,"['weak_signal', 'insufficient_net_edge']"
2025-10-01 00:00:00-04:00,GOOG,stock flow + macro overlay favors long exposure,flat,,0.0,0.9797194920080601,1.0,0.296957923801209,0.0,False,"['weak_signal', 'insufficient_net_edge']"
2025-10-01 00:00:00-04:00,MCD,stock flow + macro overlay favors long exposure,flat,,0.0,0.9797194920080601,1.0,0.296957923801209,0.0,False,"['weak_signal', 'insufficient_net_edge']"
2025-10-01 00:00:00-04:00,NVDA,stock flow + macro overlay favors long exposure,flat,,0.0,0.9797194920080601,1.0,0.296957923801209,0.0,False,"['weak_signal', 'insufficient_net_edge']"
2025-10-01 00:00:00-04:00,SILVER,metal flow + macro overlay favors long exposure,flat,,0.0,0.9797194920080601,1.0,0.296957923801209,0.0,False,"['weak_signal', 'insufficient_net_edge']"
2025-10-01 00:00:00-04:00,SPY,stock flow + macro overlay favors long exposure,flat,,0.0,0.9797194920080601,1.0,0.296957923801209,0.0,False,"['weak_signal', 'insufficient_net_edge']"
2025-10-01 00:00:00-04:00,TSLA,stock flow + macro overlay favors long exposure,flat,,0.0,0.9797194920080601,1.0,0.296957923801209,0.0,False,"['weak_signal', 'insufficient_net_edge']"
2025-10-02 00:00:00-04:00,BTC,crypto flow + macro overlay favors long exposure,flat,,0.7496721227118408,0.9750339430168433,1.0,0.48367312213048674,0.0,False,"['weak_signal', 'insufficient_net_edge']"
2025-10-02 00:00:00-04:00,ETH,crypto flow + macro overlay favors long exposure,flat,,0.7370220239107068,0.9750339430168433,1.0,0.4805105974302032,0.0,False,"['weak_signal', 'insufficient_net_edge']"
2025-10-02 00:00:00-04:00,GOLD,metal flow + macro overlay favors long exposure,flat,,0.720405428581812,0.9750339430168433,1.0,0.47635644859797954,0.0,False,"['weak_signal', 'insufficient_net_edge']"
2025-10-02 00:00:00-04:00,AUDUSD,forex flow + macro overlay favors long exposure,flat,,0.704559131064121,0.9750339430168433,1.0,0.47239487421855675,0.0,False,"['weak_signal', 'insufficient_net_edge']"
2025-10-02 00:00:00-04:00,SOL,crypto flow + macro overlay favors long exposure,flat,,0.7031694391174974,0.9750339430168433,1.0,0.47204745123190084,0.0,False,"['weak_signal', 'insufficient_net_edge']"
2025-10-02 00:00:00-04:00,XRP,crypto flow + macro overlay favors long exposure,flat,,0.6995419383805961,0.9750339430168433,1.0,0.47114057604767556,0.0,False,"['weak_signal', 'insufficient_net_edge']"
2025-10-02 00:00:00-04:00,COPPER,metal flow + macro overlay favors long exposure,flat,,0.6350364984224037,0.9750339430168433,1.0,0.4550142160581274,0.0,False,"['weak_signal', 'insufficient_net_edge']"
2025-10-02 00:00:00-04:00,SILVER,metal flow + macro overlay favors long exposure,flat,,0.21186959808308614,0.9750339430168433,1.0,0.34922249097329805,0.0,False,"['weak_signal', 'insufficient_net_edge']"
2025-10-02 00:00:00-04:00,EURUSD,forex flow + macro overlay favors long exposure,flat,,0.1116305256815902,0.9750339430168433,1.0,0.324162722872924,0.0,False,"['weak_signal', 'insufficient_net_edge']"
2025-10-02 00:00:00-04:00,GOOG,stock flow + macro overlay favors long exposure,flat,,0.0,0.9750339430168433,1.0,0.2962550914525265,0.0,False,"['weak_signal', 'insufficient_net_edge']"
2025-10-02 00:00:00-04:00,MCD,stock flow + macro overlay favors long exposure,flat,,0.0,0.9750339430168433,1.0,0.2962550914525265,0.0,False,"['weak_signal', 'insufficient_net_edge']"
2025-10-02 00:00:00-04:00,NVDA,stock flow + macro overlay favors long exposure,flat,,0.0,0.9750339430168433,1.0,0.2962550914525265,0.0,False,"['weak_signal', 'insufficient_net_edge']"
2025-10-02 00:00:00-04:00,SPY,stock flow + macro overlay favors long exposure,flat,,0.0,0.9750339430168433,1.0,0.2962550914525265,0.0,False,"['weak_signal', 'insufficient_net_edge']"
2025-10-02 00:00:00-04:00,TSLA,stock flow + macro overlay favors long exposure,flat,,0.0,0.9750339430168433,1.0,0.2962550914525265,0.0,False,"['weak_signal', 'insufficient_net_edge']"
2025-10-03 00:00:00-04:00,BTC,crypto flow + macro overlay favors long exposure,flat,,0.7484299245026406,0.9792304229042773,1.0,0.48399204456130174,0.0,False,"['weak_signal', 'insufficient_net_edge']"
2025-10-03 00:00:00-04:00,ETH,crypto flow + macro overlay favors long exposure,flat,,0.7462314505545931,0.9792304229042773,1.0,0.4834424260742899,0.0,False,"['weak_signal', 'insufficient_net_edge']"
2025-10-03 00:00:00-04:00,SOL,crypto flow + macro overlay favors long exposure,flat,,0.7423966125314104,0.9792304229042773,1.0,0.4824837165684942,0.0,False,"['weak_signal', 'insufficient_net_edge']"
2025-10-03 00:00:00-04:00,NVDA,stock flow + macro overlay favors long exposure,flat,,0.7398469204667433,0.9792304229042773,1.0,0.48184629355232744,0.0,False,"['weak_signal', 'insufficient_net_edge']"
2025-10-03 00:00:00-04:00,SPY,stock flow + macro overlay favors long exposure,flat,,0.7370310733772149,0.9792304229042773,1.0,0.48114233177994536,0.0,False,"['weak_signal', 'insufficient_net_edge']"
2025-10-03 00:00:00-04:00,XRP,crypto flow + macro overlay favors long exposure,flat,,0.7294450421033346,0.9792304229042773,1.0,0.4792458239614753,0.0,False,"['weak_signal', 'insufficient_net_edge']"
2025-10-03 00:00:00-04:00,MCD,stock flow + macro overlay favors long exposure,flat,,-0.6585283950727623,0.9792304229042773,1.0,0.46151666220383214,0.0,False,"['weak_signal', 'insufficient_net_edge']"
2025-10-03 00:00:00-04:00,GOOG,stock flow + macro overlay favors long exposure,flat,,0.6557616184919397,0.9792304229042773,1.0,0.4608249680586265,0.0,False,"['weak_signal', 'insufficient_net_edge']"
2025-10-03 00:00:00-04:00,GOLD,metal flow + macro overlay favors long exposure,flat,,-0.5503729270402278,0.9792304229042773,1.0,0.4344777951956985,0.0,False,"['weak_signal', 'insufficient_net_edge']"
2025-10-03 00:00:00-04:00,SILVER,metal flow + macro overlay favors long exposure,flat,,-0.45846990649075203,0.9792304229042773,1.0,0.4115020400583296,0.0,False,"['weak_signal', 'insufficient_net_edge']"
2025-10-03 00:00:00-04:00,COPPER,metal flow + macro overlay favors long exposure,flat,,0.40887373980248165,0.9792304229042773,1.0,0.399102998386262,0.0,False,"['weak_signal', 'insufficient_net_edge']"
2025-10-03 00:00:00-04:00,AUDUSD,forex flow + macro overlay favors short exposure,flat,,-0.38004164469847357,0.9792304229042773,1.0,0.39189497461026,0.0,False,"['weak_signal', 'insufficient_net_edge']"
2025-10-03 00:00:00-04:00,EURUSD,forex flow + macro overlay favors short exposure,flat,,-0.15448224511760444,0.9792304229042773,1.0,0.3355051247150427,0.0,False,"['weak_signal', 'insufficient_net_edge']"
2025-10-03 00:00:00-04:00,TSLA,stock flow + macro overlay favors long exposure,flat,,-0.11197058753815617,0.9792304229042773,1.0,0.32487721032018063,0.0,False,"['weak_signal', 'insufficient_net_edge']"
2025-10-04 00:00:00-04:00,BTC,crypto flow + macro overlay favors long exposure,flat,,0.7498440568188387,0.9856863835736224,1.0,0.4853139717407531,0.0,False,"['weak_signal', 'insufficient_net_edge']"
2025-10-04 00:00:00-04:00,ETH,crypto flow + macro overlay favors long exposure,flat,,0.74865871106326,0.9856863835736224,1.0,0.4850176353018584,0.0,False,"['weak_signal', 'insufficient_net_edge']"
2025-10-04 00:00:00-04:00,XRP,crypto flow + macro overlay favors long exposure,flat,,0.7466092625488636,0.9856863835736224,1.0,0.4845052731732593,0.0,False,"['weak_signal', 'insufficient_net_edge']"
2025-10-04 00:00:00-04:00,SOL,crypto flow + macro overlay favors long exposure,flat,,0.7442320911586254,0.9856863835736224,1.0,0.4839109803256997,0.0,False,"['weak_signal', 'insufficient_net_edge']"
2025-10-04 00:00:00-04:00,COPPER,metal flow + macro overlay favors long exposure,flat,,0.7438813427731612,0.9856863835736224,1.0,0.4838232932293337,0.0,False,"['weak_signal', 'insufficient_net_edge']"
2025-10-04 00:00:00-04:00,SPY,stock flow + macro overlay favors long exposure,flat,,0.7216353002032145,0.9856863835736224,1.0,0.47826178258684704,0.0,False,"['weak_signal', 'insufficient_net_edge']"
2025-10-04 00:00:00-04:00,GOOG,stock flow + macro overlay favors long exposure,flat,,0.7003401452022155,0.9856863835736224,1.0,0.4729379938365973,0.0,False,"['weak_signal', 'insufficient_net_edge']"
2025-10-04 00:00:00-04:00,MCD,stock flow + macro overlay favors long exposure,flat,,-0.6275811371733784,0.9856863835736224,1.0,0.454748241829388,0.0,False,"['weak_signal', 'insufficient_net_edge']"
2025-10-04 00:00:00-04:00,SILVER,metal flow + macro overlay favors long exposure,flat,,0.5414409147132427,0.9856863835736224,1.0,0.433213186214354,0.0,False,"['weak_signal', 'insufficient_net_edge']"
2025-10-04 00:00:00-04:00,TSLA,stock flow + macro overlay favors long exposure,flat,,-0.4954052790889462,0.9856863835736224,1.0,0.42170427730827986,0.0,False,"['weak_signal', 'insufficient_net_edge']"
2025-10-04 00:00:00-04:00,NVDA,stock flow + macro overlay favors long exposure,flat,,0.41010305787879814,0.9856863835736224,1.0,0.40037872200574287,0.0,False,"['weak_signal', 'insufficient_net_edge']"
2025-10-04 00:00:00-04:00,GOLD,metal flow + macro overlay favors long exposure,flat,,0.37552571632553466,0.9856863835736224,1.0,0.391734386617427,0.0,False,"['weak_signal', 'insufficient_net_edge']"
2025-10-04 00:00:00-04:00,EURUSD,forex flow + macro overlay favors long exposure,flat,,-0.28473902531619394,0.9856863835736224,1.0,0.3690377138650919,0.0,False,"['weak_signal', 'insufficient_net_edge']"
2025-10-04 00:00:00-04:00,AUDUSD,forex flow + macro overlay favors long exposure,flat,,0.024417941199254445,0.9856863835736224,1.0,0.30395744283585696,0.0,False,"['weak_signal', 'insufficient_net_edge']"
2025-10-05 00:00:00-04:00,BTC,crypto flow + macro overlay favors long exposure,flat,,0.7446906647171934,0.9895957893170522,0.9642857142857144,0.47925489171971336,0.0,False,"['report_invalid', 'weak_signal', 'insufficient_net_edge']"
2025-10-05 00:00:00-04:00,ETH,crypto flow + macro overlay favors long exposure,flat,,0.6849120174186674,0.9895957893170522,0.9642857142857144,0.46431022989508186,0.0,False,"['report_invalid', 'weak_signal', 'insufficient_net_edge']"
2025-10-05 00:00:00-04:00,SOL,crypto flow + macro overlay favors long exposure,flat,,0.5396641949498387,0.9895957893170522,0.9642857142857144,0.4279982742778746,0.0,False,"['report_invalid', 'weak_signal', 'insufficient_net_edge']"
2025-10-05 00:00:00-04:00,XRP,crypto flow + macro overlay favors long exposure,flat,,0.4047547197281105,0.9895957893170522,0.9642857142857144,0.3942709054724426,0.0,False,"['report_invalid', 'weak_signal', 'insufficient_net_edge']"
2025-10-05 00:00:00-04:00,AUDUSD,forex flow + macro overlay favors long exposure,flat,,0.0,0.9895957893170522,0.9642857142857144,0.29308222554041496,0.0,False,"['report_invalid', 'weak_signal', 'insufficient_net_edge']"
2025-10-05 00:00:00-04:00,COPPER,metal flow + macro overlay favors long exposure,flat,,0.0,0.9895957893170522,0.9642857142857144,0.29308222554041496,0.0,False,"['report_invalid', 'weak_signal', 'insufficient_net_edge']"
2025-10-05 00:00:00-04:00,EURUSD,forex flow + macro overlay favors long exposure,flat,,0.0,0.9895957893170522,0.9642857142857144,0.29308222554041496,0.0,False,"['report_invalid', 'weak_signal', 'insufficient_net_edge']"
2025-10-05 00:00:00-04:00,GOLD,metal flow + macro overlay favors long exposure,flat,,0.0,0.9895957893170522,0.9642857142857144,0.29308222554041496,0.0,False,"['report_invalid', 'weak_signal', 'insufficient_net_edge']"
2025-10-05 00:00:00-04:00,GOOG,stock flow + macro overlay favors long exposure,flat,,0.0,0.9895957893170522,0.9642857142857144,0.29308222554041496,0.0,False,"['report_invalid', 'weak_signal', 'insufficient_net_edge']"
2025-10-05 00:00:00-04:00,MCD,stock flow + macro overlay favors long exposure,flat,,0.0,0.9895957893170522,0.9642857142857144,0.29308222554041496,0.0,False,"['report_invalid', 'weak_signal', 'insufficient_net_edge']"
2025-10-05 00:00:00-04:00,NVDA,stock flow + macro overlay favors long exposure,flat,,0.0,0.9895957893170522,0.9642857142857144,0.29308222554041496,0.0,False,"['report_invalid', 'weak_signal', 'insufficient_net_edge']"
2025-10-05 00:00:00-04:00,SILVER,metal flow + macro overlay favors long exposure,flat,,0.0,0.9895957893170522,0.9642857142857144,0.29308222554041496,0.0,False,"['report_invalid', 'weak_signal', 'insufficient_net_edge']"
2025-10-05 00:00:00-04:00,SPY,stock flow + macro overlay favors long exposure,flat,,0.0,0.9895957893170522,0.9642857142857144,0.29308222554041496,0.0,False,"['report_invalid', 'weak_signal', 'insufficient_net_edge']"
2025-10-05 00:00:00-04:00,TSLA,stock flow + macro overlay favors long exposure,flat,,0.0,0.9895957893170522,0.9642857142857144,0.29308222554041496,0.0,False,"['report_invalid', 'weak_signal', 'insufficient_net_edge']"
2025-10-06 00:00:00-04:00,GOLD,metal flow + macro overlay favors long exposure,flat,,0.7477810491379241,0.9775617610948221,0.9642857142857144,0.47822238359156155,0.0,False,"['report_invalid', 'weak_signal', 'insufficient_net_edge']"
2025-10-06 00:00:00-04:00,SILVER,metal flow + macro overlay favors long exposure,flat,,0.7345553979239483,0.9775617610948221,0.9642857142857144,0.4749159707880676,0.0,False,"['report_invalid', 'weak_signal', 'insufficient_net_edge']"
2025-10-06 00:00:00-04:00,BTC,crypto flow + macro overlay favors long exposure,flat,,0.7168228608816123,0.9775617610948221,0.9642857142857144,0.47048283652748357,0.0,False,"['report_invalid', 'weak_signal', 'insufficient_net_edge']"
2025-10-06 00:00:00-04:00,COPPER,metal flow + macro overlay favors long exposure,flat,,0.6841845736308799,0.9775617610948221,0.9642857142857144,0.46232326471480045,0.0,False,"['report_invalid', 'weak_signal', 'insufficient_net_edge']"
2025-10-06 00:00:00-04:00,XRP,crypto flow + macro overlay favors long exposure,flat,,-0.43963249822653816,0.9775617610948221,0.9642857142857144,0.40118524586371507,0.0,False,"['report_invalid', 'weak_signal', 'insufficient_net_edge']"
2025-10-06 00:00:00-04:00,AUDUSD,forex flow + macro overlay favors short exposure,flat,,0.30988137524346193,0.9775617610948221,0.9642857142857144,0.368747465117946,0.0,False,"['report_invalid', 'weak_signal', 'insufficient_net_edge']"
2025-10-06 00:00:00-04:00,ETH,crypto flow + macro overlay favors long exposure,flat,,0.20902309075482406,0.9775617610948221,0.9642857142857144,0.34353289399578646,0.0,False,"['report_invalid', 'weak_signal', 'insufficient_net_edge']"
2025-10-06 00:00:00-04:00,SOL,crypto flow + macro overlay favors long exposure,flat,,-0.05405318740811489,0.9775617610948221,0.9642857142857144,0.30479041815910923,0.0,False,"['report_invalid', 'weak_signal', 'insufficient_net_edge']"
2025-10-06 00:00:00-04:00,EURUSD,forex flow + macro overlay favors short exposure,flat,,0.02306145482652754,0.9775617610948221,0.9642857142857144,0.29704248501371233,0.0,False,"['report_invalid', 'weak_signal', 'insufficient_net_edge']"
2025-10-06 00:00:00-04:00,GOOG,stock flow + macro overlay favors long exposure,flat,,0.0,0.9775617610948221,0.9642857142857144,0.2912771213070805,0.0,False,"['report_invalid', 'weak_signal', 'insufficient_net_edge']"
2025-10-06 00:00:00-04:00,MCD,stock flow + macro overlay favors long exposure,flat,,0.0,0.9775617610948221,0.9642857142857144,0.2912771213070805,0.0,False,"['report_invalid', 'weak_signal', 'insufficient_net_edge']"
2025-10-06 00:00:00-04:00,NVDA,stock flow + macro overlay favors long exposure,flat,,0.0,0.9775617610948221,0.9642857142857144,0.2912771213070805,0.0,False,"['report_invalid', 'weak_signal', 'insufficient_net_edge']"
2025-10-06 00:00:00-04:00,SPY,stock flow + macro overlay favors long exposure,flat,,0.0,0.9775617610948221,0.9642857142857144,0.2912771213070805,0.0,False,"['report_invalid', 'weak_signal', 'insufficient_net_edge']"
2025-10-06 00:00:00-04:00,TSLA,stock flow + macro overlay favors long exposure,flat,,0.0,0.9775617610948221,0.9642857142857144,0.2912771213070805,0.0,False,"['report_invalid', 'weak_signal', 'insufficient_net_edge']"
2025-10-07 00:00:00-04:00,GOLD,metal flow + macro overlay favors long exposure,flat,,0.7409292883486438,0.980627961682105,1.0,0.48232651633947665,0.0,False,"['weak_signal', 'insufficient_net_edge']"
2025-10-07 00:00:00-04:00,GOOG,stock flow + macro overlay favors long exposure,flat,,0.738321836162409,0.980627961682105,1.0,0.48167465329291803,0.0,False,"['weak_signal', 'insufficient_net_edge']"
2025-10-07 00:00:00-04:00,MCD,stock flow + macro overlay favors long exposure,flat,,-0.7310349602742086,0.980627961682105,1.0,0.47985293432086784,0.0,False,"['weak_signal', 'insufficient_net_edge']"
2025-10-07 00:00:00-04:00,ETH,crypto flow + macro overlay favors long exposure,flat,,0.7118293210298401,0.980627961682105,1.0,0.4750515245097757,0.0,False,"['weak_signal', 'insufficient_net_edge']"
2025-10-07 00:00:00-04:00,TSLA,stock flow + macro overlay favors long exposure,flat,,0.6899358335903052,0.980627961682105,1.0,0.469578152649892,0.0,False,"['weak_signal', 'insufficient_net_edge']"
2025-10-07 00:00:00-04:00,EURUSD,forex flow + macro overlay favors short exposure,flat,,-0.6017729422072002,0.980627961682105,1.0,0.4475374298041158,0.0,False,"['weak_signal', 'insufficient_net_edge']"
2025-10-07 00:00:00-04:00,BTC,crypto flow + macro overlay favors long exposure,flat,,0.5818609315168568,0.980627961682105,1.0,0.44255942713152996,0.0,False,"['weak_signal', 'insufficient_net_edge']"
2025-10-07 00:00:00-04:00,SILVER,metal flow + macro overlay favors long exposure,flat,,0.430836311615326,0.980627961682105,1.0,0.4048032721561472,0.0,False,"['weak_signal', 'insufficient_net_edge']"
2025-10-07 00:00:00-04:00,NVDA,stock flow + macro overlay favors long exposure,flat,,-0.4171181872349099,0.980627961682105,1.0,0.4013737410610432,0.0,False,"['weak_signal', 'insufficient_net_edge']"
2025-10-07 00:00:00-04:00,XRP,crypto flow + macro overlay favors long exposure,flat,,-0.4027870760355863,0.980627961682105,1.0,0.3977909632612123,0.0,False,"['weak_signal', 'insufficient_net_edge']"
2025-10-07 00:00:00-04:00,SOL,crypto flow + macro overlay favors long exposure,flat,,0.37447914864798093,0.980627961682105,1.0,0.39071398141431096,0.0,False,"['weak_signal', 'insufficient_net_edge']"
2025-10-07 00:00:00-04:00,COPPER,metal flow + macro overlay favors long exposure,flat,,-0.3218684265881083,0.980627961682105,1.0,0.3775613008993428,0.0,False,"['weak_signal', 'insufficient_net_edge']"
2025-10-07 00:00:00-04:00,SPY,stock flow + macro overlay favors long exposure,flat,,0.3046291340973624,0.980627961682105,1.0,0.37325147777665635,0.0,False,"['weak_signal', 'insufficient_net_edge']"
2025-10-07 00:00:00-04:00,AUDUSD,forex flow + macro overlay favors short exposure,flat,,0.20835025210163038,0.980627961682105,1.0,0.3491817572777233,0.0,False,"['weak_signal', 'insufficient_net_edge']"
2025-10-08 00:00:00-04:00,XRP,crypto flow + macro overlay favors short exposure,flat,,-0.7362088067026102,0.9794809327831658,1.0,0.48097434159312746,0.0,False,"['weak_signal', 'insufficient_net_edge']"
2025-10-08 00:00:00-04:00,SOL,crypto flow + macro overlay favors short exposure,flat,,-0.6701948895869553,0.9794809327831658,1.0,0.46447086231421375,0.0,False,"['weak_signal', 'insufficient_net_edge']"
2025-10-08 00:00:00-04:00,BTC,crypto flow + macro overlay favors short exposure,flat,,-0.6461191620106297,0.9794809327831658,1.0,0.4584519304201323,0.0,False,"['weak_signal', 'insufficient_net_edge']"
2025-10-08 00:00:00-04:00,ETH,crypto flow + macro overlay favors short exposure,flat,,-0.5021352110479533,0.9794809327831658,1.0,0.4224559426794632,0.0,False,"['weak_signal', 'insufficient_net_edge']"
2025-10-08 00:00:00-04:00,AUDUSD,forex flow + macro overlay favors short exposure,flat,,0.0,0.9794809327831658,1.0,0.29692213991747485,0.0,False,"['weak_signal', 'insufficient_net_edge']"
2025-10-08 00:00:00-04:00,COPPER,metal flow + macro overlay favors long exposure,flat,,0.0,0.9794809327831658,1.0,0.29692213991747485,0.0,False,"['weak_signal', 'insufficient_net_edge']"
2025-10-08 00:00:00-04:00,EURUSD,forex flow + macro overlay favors short exposure,flat,,0.0,0.9794809327831658,1.0,0.29692213991747485,0.0,False,"['weak_signal', 'insufficient_net_edge']"
2025-10-08 00:00:00-04:00,GOLD,metal flow + macro overlay favors long exposure,flat,,0.0,0.9794809327831658,1.0,0.29692213991747485,0.0,False,"['weak_signal', 'insufficient_net_edge']"
2025-10-08 00:00:00-04:00,GOOG,stock flow + macro overlay favors short exposure,flat,,0.0,0.9794809327831658,1.0,0.29692213991747485,0.0,False,"['weak_signal', 'insufficient_net_edge']"
2025-10-08 00:00:00-04:00,MCD,stock flow + macro overlay favors short exposure,flat,,0.0,0.9794809327831658,1.0,0.29692213991747485,0.0,False,"['weak_signal', 'insufficient_net_edge']"
2025-10-08 00:00:00-04:00,NVDA,stock flow + macro overlay favors short exposure,flat,,0.0,0.9794809327831658,1.0,0.29692213991747485,0.0,False,"['weak_signal', 'insufficient_net_edge']"
2025-10-08 00:00:00-04:00,SILVER,metal flow + macro overlay favors long exposure,flat,,0.0,0.9794809327831658,1.0,0.29692213991747485,0.0,False,"['weak_signal', 'insufficient_net_edge']"
2025-10-08 00:00:00-04:00,SPY,stock flow + macro overlay favors short exposure,flat,,0.0,0.9794809327831658,1.0,0.29692213991747485,0.0,False,"['weak_signal', 'insufficient_net_edge']"
2025-10-08 00:00:00-04:00,TSLA,stock flow + macro overlay favors short exposure,flat,,0.0,0.9794809327831658,1.0,0.29692213991747485,0.0,False,"['weak_signal', 'insufficient_net_edge']"
2025-10-09 00:00:00-04:00,GOLD,metal flow + macro overlay favors long exposure,flat,,0.7471687032724371,0.9829374388808549,1.0,0.48423279165023747,0.0,False,"['weak_signal', 'insufficient_net_edge']"
2025-10-09 00:00:00-04:00,XRP,crypto flow + macro overlay favors short exposure,flat,,-0.7173496124358834,0.9829374388808549,1.0,0.47677801894109906,0.0,False,"['weak_signal', 'insufficient_net_edge']"
2025-10-09 00:00:00-04:00,EURUSD,forex flow + macro overlay favors short exposure,flat,,-0.7066063602778898,0.9829374388808549,1.0,0.4740922059016007,0.0,False,"['weak_signal', 'insufficient_net_edge']"
2025-10-09 00:00:00-04:00,BTC,crypto flow + macro overlay favors short exposure,flat,,-0.5450640704288556,0.9829374388808549,1.0,0.4337066334393421,0.0,False,"['weak_signal', 'insufficient_net_edge']"
2025-10-09 00:00:00-04:00,ETH,crypto flow + macro overlay favors short exposure,flat,,-0.44927962772734287,0.9829374388808549,1.0,0.4097605227639639,0.0,False,"['weak_signal', 'insufficient_net_edge']"
2025-10-09 00:00:00-04:00,SOL,crypto flow + macro overlay favors short exposure,flat,,-0.4002470886253805,0.9829374388808549,1.0,0.39750238798847337,0.0,False,"['weak_signal', 'insufficient_net_edge']"
2025-10-09 00:00:00-04:00,COPPER,metal flow + macro overlay favors long exposure,flat,,0.33211835026674863,0.9829374388808549,1.0,0.3804702033988154,0.0,False,"['weak_signal', 'insufficient_net_edge']"
2025-10-09 00:00:00-04:00,AUDUSD,forex flow + macro overlay favors short exposure,flat,,0.09668531466308769,0.9829374388808549,1.0,0.32161194449790015,0.0,False,"['weak_signal', 'insufficient_net_edge']"
2025-10-09 00:00:00-04:00,SILVER,metal flow + macro overlay favors long exposure,flat,,-0.006285065436782072,0.9829374388808549,1.0,0.29901188219132374,0.0,False,"['weak_signal', 'insufficient_net_edge']"
2025-10-09 00:00:00-04:00,GOOG,stock flow + macro overlay favors long exposure,flat,,0.0,0.9829374388808549,1.0,0.2974406158321282,0.0,False,"['weak_signal', 'insufficient_net_edge']"
2025-10-09 00:00:00-04:00,MCD,stock flow + macro overlay favors long exposure,flat,,0.0,0.9829374388808549,1.0,0.2974406158321282,0.0,False,"['weak_signal', 'insufficient_net_edge']"
2025-10-09 00:00:00-04:00,NVDA,stock flow + macro overlay favors long exposure,flat,,0.0,0.9829374388808549,1.0,0.2974406158321282,0.0,False,"['weak_signal', 'insufficient_net_edge']"
2025-10-09 00:00:00-04:00,SPY,stock flow + macro overlay favors long exposure,flat,,0.0,0.9829374388808549,1.0,0.2974406158321282,0.0,False,"['weak_signal', 'insufficient_net_edge']"
2025-10-09 00:00:00-04:00,TSLA,stock flow + macro overlay favors long exposure,flat,,0.0,0.9829374388808549,1.0,0.2974406158321282,0.0,False,"['weak_signal', 'insufficient_net_edge']"
2025-10-10 00:00:00-04:00,SOL,crypto flow + macro overlay favors short exposure,short,-2.4861143043361436,-0.6499781086023362,0.9853151849452052,1.0,1.5790432418436293,2071.7619202801197,True,[]
2025-10-10 00:00:00-04:00,BTC,crypto flow + macro overlay favors short exposure,short,-2.4636575307259094,-0.6861880539202111,0.9853151849452052,1.0,1.5779901800484928,2053.047942271591,True,[]
2025-10-10 00:00:00-04:00,XRP,crypto flow + macro overlay favors short exposure,short,-2.4328186618413046,-0.7383981758606732,0.9853151849452052,1.0,1.5771652195355363,2027.348884867754,True,[]
2025-10-10 00:00:00-04:00,ETH,crypto flow + macro overlay favors short exposure,short,-1.5545693139277499,-0.7432607613974621,0.9853151849452052,1.0,1.1831686593586337,1295.474428273125,True,[]
2025-10-10 00:00:00-04:00,GOOG,stock flow + macro overlay favors long exposure,flat,,-0.749521967783773,0.9853151849452052,1.0,0.4851777696877241,0.0,False,"['weak_signal', 'insufficient_net_edge']"
2025-10-10 00:00:00-04:00,EURUSD,forex flow + macro overlay favors short exposure,flat,,-0.7441058001242464,0.9853151849452052,1.0,0.48382372777284244,0.0,False,"['weak_signal', 'insufficient_net_edge']"
2025-10-10 00:00:00-04:00,NVDA,stock flow + macro overlay favors long exposure,flat,,0.7412175872048338,0.9853151849452052,1.0,0.48310167454298925,0.0,False,"['weak_signal', 'insufficient_net_edge']"
2025-10-10 00:00:00-04:00,SILVER,metal flow + macro overlay favors long exposure,flat,,-0.6969526083227302,0.9853151849452052,1.0,0.4720354298224634,0.0,False,"['weak_signal', 'insufficient_net_edge']"
2025-10-10 00:00:00-04:00,AUDUSD,forex flow + macro overlay favors short exposure,flat,,-0.6692804142810005,0.9853151849452052,1.0,0.46511738131203095,0.0,False,"['weak_signal', 'insufficient_net_edge']"
2025-10-10 00:00:00-04:00,MCD,stock flow + macro overlay favors long exposure,flat,,-0.635707700079149,0.9853151849452052,1.0,0.456724202761568,0.0,False,"['weak_signal', 'insufficient_net_edge']"
2025-10-10 00:00:00-04:00,TSLA,stock flow + macro overlay favors long exposure,flat,,-0.6233785634530097,0.9853151849452052,1.0,0.4536419186050332,0.0,False,"['weak_signal', 'insufficient_net_edge']"
2025-10-10 00:00:00-04:00,COPPER,metal flow + macro overlay favors long exposure,flat,,0.33609108527001536,0.9853151849452052,1.0,0.38182004905928457,0.0,False,"['weak_signal', 'insufficient_net_edge']"
2025-10-10 00:00:00-04:00,SPY,stock flow + macro overlay favors long exposure,flat,,0.2948091542735818,0.9853151849452052,1.0,0.3714995663101762,0.0,False,"['weak_signal', 'insufficient_net_edge']"
2025-10-10 00:00:00-04:00,GOLD,metal flow + macro overlay favors long exposure,flat,,-0.08654902027127903,0.9853151849452052,1.0,0.31943453280960055,0.0,False,"['weak_signal', 'insufficient_net_edge']"
2025-10-11 00:00:00-04:00,SOL,crypto flow + macro overlay favors short exposure,long,2.1745081414229626,-0.745708706906216,0.9749591708780712,1.0,1.4611997159985977,1812.090117852469,True,[]
2025-10-11 00:00:00-04:00,XRP,crypto flow + macro overlay favors short exposure,short,-2.172020925413308,-0.7494480633559137,0.9749591708780712,1.0,1.4610153079066777,1810.0174378444235,True,[]
2025-10-11 00:00:00-04:00,ETH,crypto flow + macro overlay favors short exposure,long,2.1719458153533684,-0.7491672432227525,0.9749591708780712,1.0,1.4609113033464143,1809.954846127807,True,[]
2025-10-11 00:00:00-04:00,BTC,crypto flow + macro overlay favors short exposure,long,2.172740270958025,-0.747437146981931,0.9749591708780712,1.0,1.4608362843083045,1810.616892465021,True,[]
2025-10-11 00:00:00-04:00,GOOG,stock flow + macro overlay favors long exposure,flat,,-0.7496966377476039,0.9749591708780712,1.0,0.48366803506861167,0.0,False,"['weak_signal', 'insufficient_net_edge']"
2025-10-11 00:00:00-04:00,SPY,stock flow + macro overlay favors long exposure,flat,,-0.7414476603000351,0.9749591708780712,1.0,0.4816057907067195,0.0,False,"['weak_signal', 'insufficient_net_edge']"
2025-10-11 00:00:00-04:00,AUDUSD,forex flow + macro overlay favors short exposure,flat,,-0.7372716227959122,0.9749591708780712,1.0,0.4805617813306887,0.0,False,"['weak_signal', 'insufficient_net_edge']"
2025-10-11 00:00:00-04:00,COPPER,metal flow + macro overlay favors short exposure,flat,,-0.7144114735020195,0.9749591708780712,1.0,0.4748467440072156,0.0,False,"['weak_signal', 'insufficient_net_edge']"
2025-10-11 00:00:00-04:00,TSLA,stock flow + macro overlay favors long exposure,flat,,-0.7086068308064112,0.9749591708780712,1.0,0.47339558333331344,0.0,False,"['weak_signal', 'insufficient_net_edge']"
2025-10-11 00:00:00-04:00,SILVER,metal flow + macro overlay favors short exposure,flat,,-0.681558524709545,0.9749591708780712,1.0,0.466633506809097,0.0,False,"['weak_signal', 'insufficient_net_edge']"
2025-10-11 00:00:00-04:00,GOLD,metal flow + macro overlay favors short exposure,flat,,-0.6360121097615572,0.9749591708780712,1.0,0.45524690307210003,0.0,False,"['weak_signal', 'insufficient_net_edge']"
2025-10-11 00:00:00-04:00,NVDA,stock flow + macro overlay favors long exposure,flat,,-0.31701068806085025,0.9749591708780712,1.0,0.3754965476469232,0.0,False,"['weak_signal', 'insufficient_net_edge']"
2025-10-11 00:00:00-04:00,MCD,stock flow + macro overlay favors long exposure,flat,,-0.14879963127785817,0.9749591708780712,1.0,0.3334437834511752,0.0,False,"['weak_signal', 'insufficient_net_edge']"
2025-10-11 00:00:00-04:00,EURUSD,forex flow + macro overlay favors short exposure,flat,,0.13013356036332624,0.9749591708780712,1.0,0.32877726572254223,0.0,False,"['weak_signal', 'insufficient_net_edge']"
2025-10-12 00:00:00-04:00,XRP,crypto flow + macro overlay favors short exposure,short,-2.1197158271804417,-0.749800448697925,0.9775937268663226,0.9642857142857144,1.4326041505784854,1766.4298559837016,False,['report_invalid']
2025-10-12 00:00:00-04:00,ETH,crypto flow + macro overlay favors short exposure,long,2.1197378376362512,-0.7493570940550054,0.9775937268663226,0.9642857142857144,1.43250321662287,1766.4481980302096,False,['report_invalid']
2025-10-12 00:00:00-04:00,BTC,crypto flow + macro overlay favors short exposure,long,2.119503525105418,-0.7493487117530555,0.9775937268663226,0.9642857142857144,1.4323956804085076,1766.2529375878487,False,['report_invalid']
2025-10-12 00:00:00-04:00,SOL,crypto flow + macro overlay favors short exposure,short,-0.11673606163126117,-0.7495522650370804,0.9775937268663226,0.9642857142857144,0.5312012101661432,97.28005135938432,False,"['report_invalid', 'weak_signal']"
2025-10-12 00:00:00-04:00,AUDUSD,forex flow + macro overlay favors long exposure,flat,,0.0,0.9775937268663226,0.9642857142857144,0.2912819161728055,0.0,False,"['report_invalid', 'weak_signal', 'insufficient_net_edge']"
2025-10-12 00:00:00-04:00,COPPER,metal flow + macro overlay favors long exposure,flat,,0.0,0.9775937268663226,0.9642857142857144,0.2912819161728055,0.0,False,"['report_invalid', 'weak_signal', 'insufficient_net_edge']"
2025-10-12 00:00:00-04:00,EURUSD,forex flow + macro overlay favors long exposure,flat,,0.0,0.9775937268663226,0.9642857142857144,0.2912819161728055,0.0,False,"['report_invalid', 'weak_signal', 'insufficient_net_edge']"
2025-10-12 00:00:00-04:00,GOLD,metal flow + macro overlay favors long exposure,flat,,0.0,0.9775937268663226,0.9642857142857144,0.2912819161728055,0.0,False,"['report_invalid', 'weak_signal', 'insufficient_net_edge']"
2025-10-12 00:00:00-04:00,GOOG,stock flow + macro overlay favors long exposure,flat,,0.0,0.9775937268663226,0.9642857142857144,0.2912819161728055,0.0,False,"['report_invalid', 'weak_signal', 'insufficient_net_edge']"
2025-10-12 00:00:00-04:00,MCD,stock flow + macro overlay favors long exposure,flat,,0.0,0.9775937268663226,0.9642857142857144,0.2912819161728055,0.0,False,"['report_invalid', 'weak_signal', 'insufficient_net_edge']"
2025-10-12 00:00:00-04:00,NVDA,stock flow + macro overlay favors long exposure,flat,,0.0,0.9775937268663226,0.9642857142857144,0.2912819161728055,0.0,False,"['report_invalid', 'weak_signal', 'insufficient_net_edge']"
2025-10-12 00:00:00-04:00,SILVER,metal flow + macro overlay favors long exposure,flat,,0.0,0.9775937268663226,0.9642857142857144,0.2912819161728055,0.0,False,"['report_invalid', 'weak_signal', 'insufficient_net_edge']"
2025-10-12 00:00:00-04:00,SPY,stock flow + macro overlay favors long exposure,flat,,0.0,0.9775937268663226,0.9642857142857144,0.2912819161728055,0.0,False,"['report_invalid', 'weak_signal', 'insufficient_net_edge']"
2025-10-12 00:00:00-04:00,TSLA,stock flow + macro overlay favors long exposure,flat,,0.0,0.9775937268663226,0.9642857142857144,0.2912819161728055,0.0,False,"['report_invalid', 'weak_signal', 'insufficient_net_edge']"
2025-10-13 00:00:00-04:00,XRP,crypto flow + macro overlay favors short exposure,short,-2.295230398542361,-0.7278139716550723,0.9793252822633509,0.9642857142857144,1.5063488217401904,1912.691998785301,False,['report_invalid']
2025-10-13 00:00:00-04:00,BTC,crypto flow + macro overlay favors short exposure,short,-2.295873827998147,-0.7259100842336771,0.9793252822633509,0.9642857142857144,1.5061623931399453,1913.2281899984562,False,['report_invalid']
2025-10-13 00:00:00-04:00,SOL,crypto flow + macro overlay favors short exposure,short,-2.2808803354861404,-0.7297436689342673,0.9793252822633509,0.9642857142857144,1.5003737176846896,1900.7336129051173,False,['report_invalid']
2025-10-13 00:00:00-04:00,ETH,crypto flow + macro overlay favors short exposure,long,2.195117095571452,-0.5938693464498281,0.9793252822633509,0.9642857142857144,1.4278116791019702,1829.2642463095433,False,['report_invalid']
2025-10-13 00:00:00-04:00,SILVER,metal flow + macro overlay favors long exposure,flat,,0.74664468166321,0.9793252822633509,0.9642857142857144,0.47820281989816227,0.0,False,"['report_invalid', 'weak_signal', 'insufficient_net_edge']"
2025-10-13 00:00:00-04:00,GOLD,metal flow + macro overlay favors long exposure,flat,,0.7394687365638535,0.9793252822633509,0.9642857142857144,0.4764088336233232,0.0,False,"['report_invalid', 'weak_signal', 'insufficient_net_edge']"
2025-10-13 00:00:00-04:00,AUDUSD,forex flow + macro overlay favors short exposure,flat,,-0.5951929809976959,0.9793252822633509,0.9642857142857144,0.4403398947317838,0.0,False,"['report_invalid', 'weak_signal', 'insufficient_net_edge']"
2025-10-13 00:00:00-04:00,EURUSD,forex flow + macro overlay favors short exposure,flat,,0.591131351235613,0.9793252822633509,0.9642857142857144,0.43932448729126305,0.0,False,"['report_invalid', 'weak_signal', 'insufficient_net_edge']"
2025-10-13 00:00:00-04:00,COPPER,metal flow + macro overlay favors long exposure,flat,,-0.503443698027805,0.9793252822633509,0.9642857142857144,0.417402573989311,0.0,False,"['report_invalid', 'weak_signal', 'insufficient_net_edge']"
2025-10-13 00:00:00-04:00,GOOG,stock flow + macro overlay favors long exposure,flat,,0.0,0.9793252822633509,0.9642857142857144,0.2915416494823598,0.0,False,"['report_invalid', 'weak_signal', 'insufficient_net_edge']"
2025-10-13 00:00:00-04:00,MCD,stock flow + macro overlay favors long exposure,flat,,0.0,0.9793252822633509,0.9642857142857144,0.2915416494823598,0.0,False,"['report_invalid', 'weak_signal', 'insufficient_net_edge']"
2025-10-13 00:00:00-04:00,NVDA,stock flow + macro overlay favors long exposure,flat,,0.0,0.9793252822633509,0.9642857142857144,0.2915416494823598,0.0,False,"['report_invalid', 'weak_signal', 'insufficient_net_edge']"
2025-10-13 00:00:00-04:00,SPY,stock flow + macro overlay favors long exposure,flat,,0.0,0.9793252822633509,0.9642857142857144,0.2915416494823598,0.0,False,"['report_invalid', 'weak_signal', 'insufficient_net_edge']"
2025-10-13 00:00:00-04:00,TSLA,stock flow + macro overlay favors long exposure,flat,,0.0,0.9793252822633509,0.9642857142857144,0.2915416494823598,0.0,False,"['report_invalid', 'weak_signal', 'insufficient_net_edge']"
2025-10-14 00:00:00-04:00,SILVER,metal flow + macro overlay favors long exposure,long,3.0,0.7499382272004346,0.9734768031068334,1.0,1.8335060772661338,7500.0,True,[]
2025-10-14 00:00:00-04:00,GOLD,metal flow + macro overlay favors long exposure,long,3.0,0.7494423088214381,0.9734768031068334,1.0,1.8333820976713846,7500.0,True,[]
2025-10-14 00:00:00-04:00,ETH,crypto flow + macro overlay favors short exposure,long,3.0,0.7283300772153066,0.9734768031068334,1.0,1.8281040397698516,2500.0,True,[]
2025-10-14 00:00:00-04:00,COPPER,metal flow + macro overlay favors long exposure,long,3.0,0.7165261843383968,0.9734768031068334,1.0,1.8251530665506244,7500.0,True,[]
2025-10-14 00:00:00-04:00,SOL,crypto flow + macro overlay favors short exposure,long,3.0,0.7149159512244321,0.9734768031068334,1.0,1.8247505082721331,2500.0,True,[]
2025-10-14 00:00:00-04:00,XRP,crypto flow + macro overlay favors short exposure,short,-3.0,0.6545481360375947,0.9734768031068334,1.0,1.8096585544754236,2500.0,True,[]
2025-10-14 00:00:00-04:00,AUDUSD,forex flow + macro overlay favors short exposure,short,-3.0,0.14700955896423862,0.9734768031068334,1.0,1.6827739102070849,15000.0,True,[]
2025-10-14 00:00:00-04:00,EURUSD,forex flow + macro overlay favors short exposure,short,-2.6460530632013004,-0.5045575171307795,0.9734768031068334,1.0,1.6128847781893048,13230.265316006502,True,[]
2025-10-14 00:00:00-04:00,BTC,crypto flow + macro overlay favors short exposure,short,-1.465099451345678,0.26091997417297363,0.9734768031068334,1.0,1.0205462671148235,1220.9162094547319,True,[]
2025-10-14 00:00:00-04:00,GOOG,stock flow + macro overlay favors long exposure,flat,,0.747976734662139,0.9734768031068334,1.0,0.4830157041315598,0.0,False,"['weak_signal', 'insufficient_net_edge']"
2025-10-14 00:00:00-04:00,MCD,stock flow + macro overlay favors long exposure,flat,,0.738610712726613,0.9734768031068334,1.0,0.48067419864767824,0.0,False,"['weak_signal', 'insufficient_net_edge']"
2025-10-14 00:00:00-04:00,TSLA,stock flow + macro overlay favors long exposure,flat,,0.704702519663155,0.9734768031068334,1.0,0.47219715038181376,0.0,False,"['weak_signal', 'insufficient_net_edge']"
2025-10-14 00:00:00-04:00,SPY,stock flow + macro overlay favors long exposure,flat,,0.6909385826128299,0.9734768031068334,1.0,0.46875616611923254,0.0,False,"['weak_signal', 'insufficient_net_edge']"
2025-10-14 00:00:00-04:00,NVDA,stock flow + macro overlay favors long exposure,flat,,0.6633811378028528,0.9734768031068334,1.0,0.46186680491673826,0.0,False,"['weak_signal', 'insufficient_net_edge']"
2025-10-15 00:00:00-04:00,SOL,crypto flow + macro overlay favors short exposure,long,3.0,0.7354677997188777,0.973721052283774,1.0,1.8299251077722856,2500.0,True,[]
2025-10-15 00:00:00-04:00,ETH,crypto flow + macro overlay favors short exposure,long,3.0,0.7045828016909751,0.973721052283774,1.0,1.82220385826531,2500.0,True,[]
2025-10-15 00:00:00-04:00,XRP,crypto flow + macro overlay favors short exposure,short,-3.0,0.6371864175152574,0.973721052283774,1.0,1.8053547622213806,2500.0,True,[]
2025-10-15 00:00:00-04:00,BTC,crypto flow + macro overlay favors short exposure,short,-2.922191301124533,0.24949647004288833,0.973721052283774,1.0,1.673418360859328,2435.159417603778,True,[]
2025-10-15 00:00:00-04:00,GOLD,metal flow + macro overlay favors long exposure,long,3.0,0.0,0.973721052283774,1.0,1.6460581578425661,7500.0,True,[]
2025-10-15 00:00:00-04:00,SILVER,metal flow + macro overlay favors long exposure,long,3.0,0.0,0.973721052283774,1.0,1.6460581578425661,7500.0,True,[]
2025-10-15 00:00:00-04:00,AUDUSD,forex flow + macro overlay favors short exposure,short,-2.9822925919931627,0.0,0.973721052283774,1.0,1.6380898242394892,14911.462959965813,True,[]
2025-10-15 00:00:00-04:00,EURUSD,forex flow + macro overlay favors short exposure,short,-2.9815617855736543,0.0,0.973721052283774,1.0,1.6377609613507105,14907.808927868271,True,[]
2025-10-15 00:00:00-04:00,NVDA,stock flow + macro overlay favors short exposure,long,2.9812756785516923,0.0,0.973721052283774,1.0,1.6376322131908276,7453.18919637923,True,[]
2025-10-15 00:00:00-04:00,TSLA,stock flow + macro overlay favors short exposure,long,2.981032076411856,0.0,0.973721052283774,1.0,1.6375225922279013,7452.5801910296395,True,[]
2025-10-15 00:00:00-04:00,GOOG,stock flow + macro overlay favors short exposure,long,2.9807884742720194,0.0,0.973721052283774,1.0,1.6374129712649748,7451.971185680049,True,[]
2025-10-15 00:00:00-04:00,SPY,stock flow + macro overlay favors short exposure,short,-2.980544872132183,0.0,0.973721052283774,1.0,1.6373033503020484,7451.362180330457,True,[]
2025-10-15 00:00:00-04:00,MCD,stock flow + macro overlay favors short exposure,short,-2.979814065712674,0.0,0.973721052283774,1.0,1.6369744874132695,7449.535164281685,True,[]
2025-10-15 00:00:00-04:00,COPPER,metal flow + macro overlay favors long exposure,long,1.9974410279959343,0.0,0.973721052283774,1.0,1.1949066204407364,4993.6025699898355,True,[]
2025-10-16 00:00:00-04:00,XRP,crypto flow + macro overlay favors long exposure,short,-2.658917547771062,-0.6214150196560423,0.9786461594919549,1.0,1.6486635753347816,2215.764623142552,True,[]
2025-10-16 00:00:00-04:00,BTC,crypto flow + macro overlay favors long exposure,long,2.6457580662730953,-0.6425354816865324,0.9786461594919549,1.0,1.648021924168319,2204.798388560913,True,[]
2025-10-16 00:00:00-04:00,ETH,crypto flow + macro overlay favors long exposure,long,1.782085284020061,-0.45451634679743713,0.9786461594919549,1.0,1.2123643884321798,1485.0710700167176,True,[]
2025-10-16 00:00:00-04:00,SOL,crypto flow + macro overlay favors long exposure,long,0.6270073498823036,-0.07915463499572968,0.9786461594919549,1.0,0.5987388901197622,522.5061249019196,False,['weak_signal']
2025-10-16 00:00:00-04:00,GOLD,metal flow + macro overlay favors long exposure,flat,,0.7493687307554069,0.9786461594919549,1.0,0.4841391066126449,0.0,False,"['weak_signal', 'insufficient_net_edge']"
2025-10-16 00:00:00-04:00,SILVER,metal flow + macro overlay favors long exposure,flat,,0.7401953549600618,0.9786461594919549,1.0,0.48184576266380874,0.0,False,"['weak_signal', 'insufficient_net_edge']"
2025-10-16 00:00:00-04:00,EURUSD,forex flow + macro overlay favors long exposure,flat,,0.5393699104176097,0.9786461594919549,1.0,0.4316394015281957,0.0,False,"['weak_signal', 'insufficient_net_edge']"
2025-10-16 00:00:00-04:00,AUDUSD,forex flow + macro overlay favors long exposure,flat,,-0.5074080344248785,0.9786461594919549,1.0,0.4236489325300129,0.0,False,"['weak_signal', 'insufficient_net_edge']"
2025-10-16 00:00:00-04:00,COPPER,metal flow + macro overlay favors long exposure,flat,,-0.20178014950369777,0.9786461594919549,1.0,0.3472419612997176,0.0,False,"['weak_signal', 'insufficient_net_edge']"
2025-10-16 00:00:00-04:00,GOOG,stock flow + macro overlay favors long exposure,flat,,0.0,0.9786461594919549,1.0,0.2967969239237932,0.0,False,"['weak_signal', 'insufficient_net_edge']"
2025-10-16 00:00:00-04:00,MCD,stock flow + macro overlay favors long exposure,flat,,0.0,0.9786461594919549,1.0,0.2967969239237932,0.0,False,"['weak_signal', 'insufficient_net_edge']"
2025-10-16 00:00:00-04:00,NVDA,stock flow + macro overlay favors long exposure,flat,,0.0,0.9786461594919549,1.0,0.2967969239237932,0.0,False,"['weak_signal', 'insufficient_net_edge']"
2025-10-16 00:00:00-04:00,SPY,stock flow + macro overlay favors long exposure,flat,,0.0,0.9786461594919549,1.0,0.2967969239237932,0.0,False,"['weak_signal', 'insufficient_net_edge']"
2025-10-16 00:00:00-04:00,TSLA,stock flow + macro overlay favors long exposure,flat,,0.0,0.9786461594919549,1.0,0.2967969239237932,0.0,False,"['weak_signal', 'insufficient_net_edge']"
2025-10-17 00:00:00-04:00,ETH,crypto flow + macro overlay favors short exposure,short,-2.5814676645838217,-0.6316517325359317,0.989714407726211,1.0,1.6180305433556343,2151.2230538198514,True,[]
2025-10-17 00:00:00-04:00,SOL,crypto flow + macro overlay favors short exposure,short,-2.546553121819057,-0.6906546442766606,0.989714407726211,1.0,1.6170697270466723,2122.127601515881,True,[]
2025-10-17 00:00:00-04:00,XRP,crypto flow + macro overlay favors short exposure,short,-2.533880508212018,-0.7113696633886646,0.989714407726211,1.0,1.6165458057015059,2111.567090176682,True,[]
2025-10-17 00:00:00-04:00,BTC,crypto flow + macro overlay favors short exposure,short,-0.2531808404809035,-0.6807900728263988,0.989714407726211,1.0,0.5825860575819379,210.98403373408627,False,['weak_signal']
2025-10-17 00:00:00-04:00,GOLD,metal flow + macro overlay favors long exposure,flat,,0.7491805647874227,0.989714407726211,1.0,0.48575230235578737,0.0,False,"['weak_signal', 'insufficient_net_edge']"
2025-10-17 00:00:00-04:00,EURUSD,forex flow + macro overlay favors short exposure,flat,,0.7443104448547697,0.989714407726211,1.0,0.4845347723726241,0.0,False,"['weak_signal', 'insufficient_net_edge']"
2025-10-17 00:00:00-04:00,MCD,stock flow + macro overlay favors short exposure,flat,,0.7372786231800634,0.989714407726211,1.0,0.4827768169539475,0.0,False,"['weak_signal', 'insufficient_net_edge']"
2025-10-17 00:00:00-04:00,GOOG,stock flow + macro overlay favors short exposure,flat,,0.7159154035799786,0.989714407726211,1.0,0.4774360120539263,0.0,False,"['weak_signal', 'insufficient_net_edge']"
2025-10-17 00:00:00-04:00,NVDA,stock flow + macro overlay favors short exposure,flat,,-0.7042286499562749,0.989714407726211,1.0,0.4745143236480004,0.0,False,"['weak_signal', 'insufficient_net_edge']"
2025-10-17 00:00:00-04:00,COPPER,metal flow + macro overlay favors long exposure,flat,,-0.6885209557317266,0.989714407726211,1.0,0.4705874000918633,0.0,False,"['weak_signal', 'insufficient_net_edge']"
2025-10-17 00:00:00-04:00,SILVER,metal flow + macro overlay favors long exposure,flat,,0.5808614144213873,0.989714407726211,1.0,0.4436725147642785,0.0,False,"['weak_signal', 'insufficient_net_edge']"
2025-10-17 00:00:00-04:00,TSLA,stock flow + macro overlay favors short exposure,flat,,-0.5048618250941804,0.989714407726211,1.0,0.42467261743247675,0.0,False,"['weak_signal', 'insufficient_net_edge']"
2025-10-17 00:00:00-04:00,SPY,stock flow + macro overlay favors short exposure,flat,,-0.37809463909554747,0.989714407726211,1.0,0.3929808209328185,0.0,False,"['weak_signal', 'insufficient_net_edge']"
2025-10-17 00:00:00-04:00,AUDUSD,forex flow + macro overlay favors short exposure,flat,,-0.12249484229969086,0.989714407726211,1.0,0.32908087173385436,0.0,False,"['weak_signal', 'insufficient_net_edge']"
2025-10-18 00:00:00-04:00,ETH,crypto flow + macro overlay favors short exposure,long,2.3877026281824456,-0.634867443623429,0.9846978016917394,1.0,1.5308877138417185,1989.752190152038,True,[]
2025-10-18 00:00:00-04:00,XRP,crypto flow + macro overlay favors short exposure,short,-2.374352000494647,-0.6575244933361545,0.9846978016917394,1.0,1.5305441938103908,1978.6266670788727,True,[]
2025-10-18 00:00:00-04:00,SOL,crypto flow + macro overlay favors short exposure,long,2.361054399939873,-0.6800931644938384,0.9846978016917394,1.0,1.5302024413501634,1967.5453332832276,True,[]
2025-10-18 00:00:00-04:00,BTC,crypto flow + macro overlay favors short exposure,long,2.3439358221057978,-0.7074061168514492,0.9846978016917394,1.0,1.5293273194142323,1953.2798517548317,True,[]
2025-10-18 00:00:00-04:00,GOOG,stock flow + macro overlay favors long exposure,flat,,0.7401997282559023,0.9846978016917394,1.0,0.4827546023177365,0.0,False,"['weak_signal', 'insufficient_net_edge']"
2025-10-18 00:00:00-04:00,MCD,stock flow + macro overlay favors long exposure,flat,,0.7059137229286004,0.9846978016917394,1.0,0.474183100985911,0.0,False,"['weak_signal', 'insufficient_net_edge']"
2025-10-18 00:00:00-04:00,TSLA,stock flow + macro overlay favors long exposure,flat,,0.4991913056069648,0.9846978016917394,1.0,0.4225024966555021,0.0,False,"['weak_signal', 'insufficient_net_edge']"
2025-10-18 00:00:00-04:00,EURUSD,forex flow + macro overlay favors short exposure,flat,,0.4733970628242967,0.9846978016917394,1.0,0.4160539359598351,0.0,False,"['weak_signal', 'insufficient_net_edge']"
2025-10-18 00:00:00-04:00,SILVER,metal flow + macro overlay favors long exposure,flat,,-0.46533786227993057,0.9846978016917394,1.0,0.4140391358237435,0.0,False,"['weak_signal', 'insufficient_net_edge']"
2025-10-18 00:00:00-04:00,COPPER,metal flow + macro overlay favors long exposure,flat,,-0.44419269906130976,0.9846978016917394,1.0,0.4087528450190884,0.0,False,"['weak_signal', 'insufficient_net_edge']"
2025-10-18 00:00:00-04:00,NVDA,stock flow + macro overlay favors long exposure,flat,,0.3520819085533731,0.9846978016917394,1.0,0.3857251473921042,0.0,False,"['weak_signal', 'insufficient_net_edge']"
2025-10-18 00:00:00-04:00,AUDUSD,forex flow + macro overlay favors short exposure,flat,,-0.32034170698498715,0.9846978016917394,1.0,0.37779009700000765,0.0,False,"['weak_signal', 'insufficient_net_edge']"
2025-10-18 00:00:00-04:00,SPY,stock flow + macro overlay favors long exposure,flat,,0.2825706245871542,0.9846978016917394,1.0,0.36834732640054946,0.0,False,"['weak_signal', 'insufficient_net_edge']"
2025-10-18 00:00:00-04:00,GOLD,metal flow + macro overlay favors long exposure,flat,,0.144872071988012,0.9846978016917394,1.0,0.3339226882507639,0.0,False,"['weak_signal', 'insufficient_net_edge']"
2025-10-19 00:00:00-04:00,XRP,crypto flow + macro overlay favors short exposure,short,-2.461472625691331,-0.41107313145354685,0.9856345139850553,0.9642857142857144,1.5029189986651008,2051.227188076109,False,['report_invalid']
2025-10-19 00:00:00-04:00,SOL,crypto flow + macro overlay favors short exposure,long,2.4384734937477286,-0.4505079649848415,0.9856345139850553,0.9642857142857144,1.5024280976733035,2032.061244789774,False,['report_invalid']
2025-10-19 00:00:00-04:00,ETH,crypto flow + macro overlay favors short exposure,long,2.438136058511524,-0.4502685752225819,0.9856345139850553,0.9642857142857144,1.5022164043764468,2031.7800487596037,False,['report_invalid']
2025-10-19 00:00:00-04:00,BTC,crypto flow + macro overlay favors short exposure,short,-1.3424186512156484,-0.6884758005754736,0.9856345139850553,0.9642857142857144,1.0686953774315255,1118.6822093463738,False,['report_invalid']
2025-10-19 00:00:00-04:00,AUDUSD,forex flow + macro overlay favors long exposure,flat,,0.0,0.9856345139850553,0.9642857142857144,0.2924880342406154,0.0,False,"['report_invalid', 'weak_signal', 'insufficient_net_edge']"
2025-10-19 00:00:00-04:00,COPPER,metal flow + macro overlay favors long exposure,flat,,0.0,0.9856345139850553,0.9642857142857144,0.2924880342406154,0.0,False,"['report_invalid', 'weak_signal', 'insufficient_net_edge']"
2025-10-19 00:00:00-04:00,EURUSD,forex flow + macro overlay favors long exposure,flat,,0.0,0.9856345139850553,0.9642857142857144,0.2924880342406154,0.0,False,"['report_invalid', 'weak_signal', 'insufficient_net_edge']"
2025-10-19 00:00:00-04:00,GOLD,metal flow + macro overlay favors long exposure,flat,,0.0,0.9856345139850553,0.9642857142857144,0.2924880342406154,0.0,False,"['report_invalid', 'weak_signal', 'insufficient_net_edge']"
2025-10-19 00:00:00-04:00,GOOG,stock flow + macro overlay favors long exposure,flat,,0.0,0.9856345139850553,0.9642857142857144,0.2924880342406154,0.0,False,"['report_invalid', 'weak_signal', 'insufficient_net_edge']"
2025-10-19 00:00:00-04:00,MCD,stock flow + macro overlay favors long exposure,flat,,0.0,0.9856345139850553,0.9642857142857144,0.2924880342406154,0.0,False,"['report_invalid', 'weak_signal', 'insufficient_net_edge']"
2025-10-19 00:00:00-04:00,NVDA,stock flow + macro overlay favors long exposure,flat,,0.0,0.9856345139850553,0.9642857142857144,0.2924880342406154,0.0,False,"['report_invalid', 'weak_signal', 'insufficient_net_edge']"
2025-10-19 00:00:00-04:00,SILVER,metal flow + macro overlay favors long exposure,flat,,0.0,0.9856345139850553,0.9642857142857144,0.2924880342406154,0.0,False,"['report_invalid', 'weak_signal', 'insufficient_net_edge']"
2025-10-19 00:00:00-04:00,SPY,stock flow + macro overlay favors long exposure,flat,,0.0,0.9856345139850553,0.9642857142857144,0.2924880342406154,0.0,False,"['report_invalid', 'weak_signal', 'insufficient_net_edge']"
2025-10-19 00:00:00-04:00,TSLA,stock flow + macro overlay favors long exposure,flat,,0.0,0.9856345139850553,0.9642857142857144,0.2924880342406154,0.0,False,"['report_invalid', 'weak_signal', 'insufficient_net_edge']"
2025-10-20 00:00:00-04:00,XRP,crypto flow + macro overlay favors short exposure,short,-3.0,0.5006517682503793,0.9856513954438204,0.9642857142857144,1.767653508522025,2500.0,False,['report_invalid']
2025-10-20 00:00:00-04:00,SOL,crypto flow + macro overlay favors short exposure,long,3.0,0.33687504744227736,0.9856513954438204,0.9642857142857144,1.7267093283199997,2500.0,False,['report_invalid']
2025-10-20 00:00:00-04:00,BTC,crypto flow + macro overlay favors short exposure,short,-2.975211605294067,0.2887786656290111,0.9856513954438204,0.9642857142857144,1.7035304552490131,2479.3430044117226,False,['report_invalid']
2025-10-20 00:00:00-04:00,ETH,crypto flow + macro overlay favors short exposure,short,-0.6737473867519866,0.4204403999284674,0.9856513954438204,0.9642857142857144,0.7007869904799411,561.4561556266556,False,"['report_invalid', 'weak_signal']"
2025-10-20 00:00:00-04:00,SILVER,metal flow + macro overlay favors long exposure,flat,,-0.6982308660636292,0.9856513954438204,0.9642857142857144,0.4670482829753375,0.0,False,"['report_invalid', 'weak_signal', 'insufficient_net_edge']"
2025-10-20 00:00:00-04:00,GOLD,metal flow + macro overlay favors long exposure,flat,,-0.6597003648900408,0.9856513954438204,0.9642857142857144,0.4574156576819405,0.0,False,"['report_invalid', 'weak_signal', 'insufficient_net_edge']"
2025-10-20 00:00:00-04:00,COPPER,metal flow + macro overlay favors long exposure,flat,,0.6093187960469063,0.9856513954438204,0.9642857142857144,0.44482026547115683,0.0,False,"['report_invalid', 'weak_signal', 'insufficient_net_edge']"
2025-10-20 00:00:00-04:00,EURUSD,forex flow + macro overlay favors short exposure,flat,,-0.5133620827901078,0.9856513954438204,0.9642857142857144,0.42083108715695716,0.0,False,"['report_invalid', 'weak_signal', 'insufficient_net_edge']"
2025-10-20 00:00:00-04:00,AUDUSD,forex flow + macro overlay favors short exposure,flat,,0.49912111226881695,0.9856513954438204,0.9642857142857144,0.41727084452663443,0.0,False,"['report_invalid', 'weak_signal', 'insufficient_net_edge']"
2025-10-20 00:00:00-04:00,GOOG,stock flow + macro overlay favors long exposure,flat,,0.0,0.9856513954438204,0.9642857142857144,0.2924905664594302,0.0,False,"['report_invalid', 'weak_signal', 'insufficient_net_edge']"
2025-10-20 00:00:00-04:00,MCD,stock flow + macro overlay favors long exposure,flat,,0.0,0.9856513954438204,0.9642857142857144,0.2924905664594302,0.0,False,"['report_invalid', 'weak_signal', 'insufficient_net_edge']"
2025-10-20 00:00:00-04:00,NVDA,stock flow + macro overlay favors long exposure,flat,,0.0,0.9856513954438204,0.9642857142857144,0.2924905664594302,0.0,False,"['report_invalid', 'weak_signal', 'insufficient_net_edge']"
2025-10-20 00:00:00-04:00,SPY,stock flow + macro overlay favors long exposure,flat,,0.0,0.9856513954438204,0.9642857142857144,0.2924905664594302,0.0,False,"['report_invalid', 'weak_signal', 'insufficient_net_edge']"
2025-10-20 00:00:00-04:00,TSLA,stock flow + macro overlay favors long exposure,flat,,0.0,0.9856513954438204,0.9642857142857144,0.2924905664594302,0.0,False,"['report_invalid', 'weak_signal', 'insufficient_net_edge']"
2025-10-21 00:00:00-04:00,GOLD,metal flow + macro overlay favors long exposure,long,3.0,0.7153825478361892,0.9808224069891922,1.0,1.825968998007426,7500.0,True,[]
2025-10-21 00:00:00-04:00,XRP,crypto flow + macro overlay favors short exposure,short,-3.0,0.5797551275551913,0.9808224069891922,1.0,1.7920621429371768,2500.0,True,[]
2025-10-21 00:00:00-04:00,BTC,crypto flow + macro overlay favors short exposure,short,-3.0,0.41652634597900584,0.9808224069891922,1.0,1.7512549475431303,2500.0,True,[]
2025-10-21 00:00:00-04:00,SILVER,metal flow + macro overlay favors long exposure,long,3.0,0.348310494543395,0.9808224069891922,1.0,1.7342009846842277,7500.0,True,[]
2025-10-21 00:00:00-04:00,AUDUSD,forex flow + macro overlay favors short exposure,short,-3.0,0.12577897581122666,0.9808224069891922,1.0,1.6785681050011856,15000.0,True,[]
2025-10-21 00:00:00-04:00,EURUSD,forex flow + macro overlay favors short exposure,short,-2.8298766614651663,-0.2589405156628212,0.9808224069891922,1.0,1.6353029876234089,14149.38330732583,True,[]
2025-10-21 00:00:00-04:00,ETH,crypto flow + macro overlay favors short exposure,long,2.186133666019708,0.14202130819949071,0.9808224069891922,1.0,1.3163888378071202,1821.7780550164237,True,[]
2025-10-21 00:00:00-04:00,COPPER,metal flow + macro overlay favors long exposure,long,1.8539014794274662,0.5236870138873764,0.9808224069891922,1.0,1.2623007802625825,4634.753698568666,True,[]
2025-10-21 00:00:00-04:00,SOL,crypto flow + macro overlay favors short exposure,short,-0.9248329842739286,0.010183486910427137,0.9808224069891922,1.0,0.7158440756992535,770.6941535616072,False,['weak_signal']
2025-10-21 00:00:00-04:00,SPY,stock flow + macro overlay favors long exposure,flat,,0.5413056904713975,0.9808224069891922,1.0,0.4324497836662282,0.0,False,"['weak_signal', 'insufficient_net_edge']"
2025-10-21 00:00:00-04:00,GOOG,stock flow + macro overlay favors long exposure,flat,,0.5042354825068753,0.9808224069891922,1.0,0.4231822316750977,0.0,False,"['weak_signal', 'insufficient_net_edge']"
2025-10-21 00:00:00-04:00,TSLA,stock flow + macro overlay favors long exposure,flat,,0.3485472061741223,0.9808224069891922,1.0,0.3842601625919094,0.0,False,"['weak_signal', 'insufficient_net_edge']"
2025-10-21 00:00:00-04:00,NVDA,stock flow + macro overlay favors long exposure,flat,,-0.10398719375799059,0.9808224069891922,1.0,0.3231201594878765,0.0,False,"['weak_signal', 'insufficient_net_edge']"
2025-10-21 00:00:00-04:00,MCD,stock flow + macro overlay favors long exposure,flat,,-0.056416562934435366,0.9808224069891922,1.0,0.31122750178198766,0.0,False,"['weak_signal', 'insufficient_net_edge']"
2025-10-22 00:00:00-04:00,XRP,crypto flow + macro overlay favors short exposure,short,-3.0,0.41276035256943033,0.9832324848832897,1.0,1.7506749608748509,2500.0,True,[]
2025-10-22 00:00:00-04:00,BTC,crypto flow + macro overlay favors short exposure,short,-3.0,0.31689557301964066,0.9832324848832897,1.0,1.7267087659874036,2500.0,True,[]
2025-10-22 00:00:00-04:00,GOOG,stock flow + macro overlay favors long exposure,long,3.0,0.0,0.9832324848832897,1.0,1.6474848727324933,7500.0,True,[]
2025-10-22 00:00:00-04:00,MCD,stock flow + macro overlay favors long exposure,short,-3.0,0.0,0.9832324848832897,1.0,1.6474848727324933,7500.0,True,[]
2025-10-22 00:00:00-04:00,SPY,stock flow + macro overlay favors long exposure,short,-3.0,0.0,0.9832324848832897,1.0,1.6474848727324933,7500.0,True,[]
2025-10-22 00:00:00-04:00,AUDUSD,forex flow + macro overlay favors short exposure,short,-2.978750307076835,0.0,0.9832324848832897,1.0,1.6379225109170692,14893.751535384174,True,[]
2025-10-22 00:00:00-04:00,EURUSD,forex flow + macro overlay favors short exposure,short,-2.9780195006573265,0.0,0.9832324848832897,1.0,1.6375936480282904,14890.097503286632,True,[]
2025-10-22 00:00:00-04:00,COPPER,metal flow + macro overlay favors short exposure,long,2.925036518558283,0.0,0.9832324848832897,1.0,1.6137513060837207,7312.591296395707,True,[]
2025-10-22 00:00:00-04:00,SILVER,metal flow + macro overlay favors short exposure,long,2.924305712138774,0.0,0.9832324848832897,1.0,1.6134224431949415,7310.764280346935,True,[]
2025-10-22 00:00:00-04:00,GOLD,metal flow + macro overlay favors short exposure,long,2.9233313035794293,0.0,0.9832324848832897,1.0,1.6129839593432367,7308.3282589485725,True,[]
2025-10-22 00:00:00-04:00,SOL,crypto flow + macro overlay favors short exposure,short,-2.788003563920407,-0.07854318717714447,0.9832324848832897,1.0,1.5717222732909626,2323.336303267006,True,[]
2025-10-22 00:00:00-04:00,ETH,crypto flow + macro overlay favors short exposure,short,-2.7300278912889726,-0.1743573010967473,0.9832324848832897,1.0,1.5695867490867177,2275.023242740811,True,[]
2025-10-22 00:00:00-04:00,TSLA,stock flow + macro overlay favors long exposure,long,2.568668456927223,0.0,0.9832324848832897,1.0,1.4533856783497439,6421.671142318057,True,[]
2025-10-22 00:00:00-04:00,NVDA,stock flow + macro overlay favors long exposure,short,-0.0601494579231675,0.0,0.9832324848832897,1.0,0.32455212879791884,150.37364480791874,False,['weak_signal']
2025-10-23 00:00:00-04:00,XRP,crypto flow + macro overlay favors short exposure,short,-2.5838456176473343,-0.38556743538644167,0.9867797124103898,1.0,1.5571393436494692,2153.204681372779,True,[]
2025-10-23 00:00:00-04:00,BTC,crypto flow + macro overlay favors short exposure,short,-2.5332345865952757,-0.4691071466737514,0.9867797124103898,1.0,1.5552493074978702,2111.0288221627297,True,[]
2025-10-23 00:00:00-04:00,SOL,crypto flow + macro overlay favors short exposure,short,-2.492822032379626,-0.5376794143990165,0.9867797124103898,1.0,1.5542067250321443,2077.3516936496885,True,[]
2025-10-23 00:00:00-04:00,ETH,crypto flow + macro overlay favors short exposure,short,-2.4323048569086954,-0.6377293663844462,0.9867797124103898,1.0,1.5519864840665831,2026.9207140905796,True,[]
2025-10-23 00:00:00-04:00,SILVER,metal flow + macro overlay favors short exposure,flat,,-0.7124349440258515,0.9867797124103898,1.0,0.4761256928680213,0.0,False,"['weak_signal', 'insufficient_net_edge']"
2025-10-23 00:00:00-04:00,GOLD,metal flow + macro overlay favors short exposure,flat,,-0.7048826899733105,0.9867797124103898,1.0,0.4742376293548861,0.0,False,"['weak_signal', 'insufficient_net_edge']"
2025-10-23 00:00:00-04:00,EURUSD,forex flow + macro overlay favors short exposure,flat,,-0.6929354636290873,0.9867797124103898,1.0,0.47125082276883035,0.0,False,"['weak_signal', 'insufficient_net_edge']"
2025-10-23 00:00:00-04:00,COPPER,metal flow + macro overlay favors short exposure,flat,,-0.3528723543331654,0.9867797124103898,1.0,0.38623504544484977,0.0,False,"['weak_signal', 'insufficient_net_edge']"
2025-10-23 00:00:00-04:00,AUDUSD,forex flow + macro overlay favors short exposure,flat,,-0.33651935608522543,0.9867797124103898,1.0,0.3821467958828648,0.0,False,"['weak_signal', 'insufficient_net_edge']"
2025-10-23 00:00:00-04:00,GOOG,stock flow + macro overlay favors short exposure,flat,,0.0,0.9867797124103898,1.0,0.2980169568615585,0.0,False,"['weak_signal', 'insufficient_net_edge']"
2025-10-23 00:00:00-04:00,MCD,stock flow + macro overlay favors short exposure,flat,,0.0,0.9867797124103898,1.0,0.2980169568615585,0.0,False,"['weak_signal', 'insufficient_net_edge']"
2025-10-23 00:00:00-04:00,NVDA,stock flow + macro overlay favors short exposure,flat,,0.0,0.9867797124103898,1.0,0.2980169568615585,0.0,False,"['weak_signal', 'insufficient_net_edge']"
2025-10-23 00:00:00-04:00,SPY,stock flow + macro overlay favors short exposure,flat,,0.0,0.9867797124103898,1.0,0.2980169568615585,0.0,False,"['weak_signal', 'insufficient_net_edge']"
2025-10-23 00:00:00-04:00,TSLA,stock flow + macro overlay favors short exposure,flat,,0.0,0.9867797124103898,1.0,0.2980169568615585,0.0,False,"['weak_signal', 'insufficient_net_edge']"
2025-10-24 00:00:00-04:00,BTC,crypto flow + macro overlay favors short exposure,short,-3.0,0.4635977851527375,0.9885504031481926,1.0,1.7641820067604133,2500.0,True,[]
2025-10-24 00:00:00-04:00,SOL,crypto flow + macro overlay favors short exposure,short,-3.0,0.44548390561032275,0.9885504031481926,1.0,1.7596535368748096,2500.0,True,[]
2025-10-24 00:00:00-04:00,XRP,crypto flow + macro overlay favors short exposure,short,-2.7009883031705995,-0.2634991977173341,0.9885504031481926,1.0,1.5796020963283322,2250.8235859754996,True,[]
2025-10-24 00:00:00-04:00,ETH,crypto flow + macro overlay favors short exposure,short,-1.7889804096770603,-0.019679894398338445,0.9885504031481926,1.0,1.1082437184264906,1490.8170080642171,True,[]
2025-10-24 00:00:00-04:00,GOLD,metal flow + macro overlay favors long exposure,flat,,-0.7347068708204899,0.9885504031481926,1.0,0.4819592781773514,0.0,False,"['weak_signal', 'insufficient_net_edge']"
2025-10-24 00:00:00-04:00,SILVER,metal flow + macro overlay favors long exposure,flat,,-0.7074366366833983,0.9885504031481926,1.0,0.4751417196430785,0.0,False,"['weak_signal', 'insufficient_net_edge']"
2025-10-24 00:00:00-04:00,COPPER,metal flow + macro overlay favors long exposure,flat,,0.49136228992208175,0.9885504031481926,1.0,0.4211231329527494,0.0,False,"['weak_signal', 'insufficient_net_edge']"
2025-10-24 00:00:00-04:00,EURUSD,forex flow + macro overlay favors short exposure,flat,,-0.4057129302019422,0.9885504031481926,1.0,0.39971079302271445,0.0,False,"['weak_signal', 'insufficient_net_edge']"
2025-10-24 00:00:00-04:00,GOOG,stock flow + macro overlay favors long exposure,flat,,-0.33266733910998675,0.9885504031481926,1.0,0.38144939524972554,0.0,False,"['weak_signal', 'insufficient_net_edge']"
2025-10-24 00:00:00-04:00,MCD,stock flow + macro overlay favors long exposure,flat,,-0.1545548051158995,0.9885504031481926,1.0,0.33692126175120374,0.0,False,"['weak_signal', 'insufficient_net_edge']"
2025-10-24 00:00:00-04:00,NVDA,stock flow + macro overlay favors long exposure,flat,,-0.07918344119402093,0.9885504031481926,1.0,0.3180784207707341,0.0,False,"['weak_signal', 'insufficient_net_edge']"
2025-10-24 00:00:00-04:00,SPY,stock flow + macro overlay favors long exposure,flat,,0.05616995416416122,0.9885504031481926,1.0,0.3123250490132692,0.0,False,"['weak_signal', 'insufficient_net_edge']"
2025-10-24 00:00:00-04:00,AUDUSD,forex flow + macro overlay favors short exposure,flat,,-0.04301665449138273,0.9885504031481926,1.0,0.30903672409507454,0.0,False,"['weak_signal', 'insufficient_net_edge']"
2025-10-24 00:00:00-04:00,TSLA,stock flow + macro overlay favors long exposure,flat,,-0.039423369044301555,0.9885504031481926,1.0,0.3081384027333043,0.0,False,"['weak_signal', 'insufficient_net_edge']"
2025-10-25 00:00:00-04:00,XRP,crypto flow + macro overlay favors short exposure,short,-3.0,0.6137188121291194,0.9887191010307008,1.0,1.8017375681868848,2500.0,True,[]
2025-10-25 00:00:00-04:00,BTC,crypto flow + macro overlay favors short exposure,long,3.0,0.6080403468494441,0.9887191010307008,1.0,1.800317951866966,2500.0,True,[]
2025-10-25 00:00:00-04:00,SOL,crypto flow + macro overlay favors short exposure,short,-3.0,0.49430373346542633,0.9887191010307008,1.0,1.7718837985209617,2500.0,True,[]
2025-10-25 00:00:00-04:00,ETH,crypto flow + macro overlay favors short exposure,long,3.0,0.2698533372186558,0.9887191010307008,1.0,1.715771199459269,2500.0,True,[]
2025-10-25 00:00:00-04:00,COPPER,metal flow + macro overlay favors short exposure,flat,,0.7291761399855126,0.9887191010307008,1.0,0.48060190015098325,0.0,False,"['weak_signal', 'insufficient_net_edge']"
2025-10-25 00:00:00-04:00,NVDA,stock flow + macro overlay favors long exposure,flat,,0.652487413333297,0.9887191010307008,1.0,0.46142971848792935,0.0,False,"['weak_signal', 'insufficient_net_edge']"
2025-10-25 00:00:00-04:00,GOOG,stock flow + macro overlay favors long exposure,flat,,0.6211000221607959,0.9887191010307008,1.0,0.4535828706948041,0.0,False,"['weak_signal', 'insufficient_net_edge']"
2025-10-25 00:00:00-04:00,SPY,stock flow + macro overlay favors long exposure,flat,,0.5252717747769045,0.9887191010307008,1.0,0.4296258088488313,0.0,False,"['weak_signal', 'insufficient_net_edge']"
2025-10-25 00:00:00-04:00,TSLA,stock flow + macro overlay favors long exposure,flat,,-0.3725039141631852,0.9887191010307008,1.0,0.3914338436954014,0.0,False,"['weak_signal', 'insufficient_net_edge']"
2025-10-25 00:00:00-04:00,EURUSD,forex flow + macro overlay favors short exposure,flat,,0.3065398455677728,0.9887191010307008,1.0,0.3749428265465483,0.0,False,"['weak_signal', 'insufficient_net_edge']"
2025-10-25 00:00:00-04:00,AUDUSD,forex flow + macro overlay favors short exposure,flat,,0.27744791371115984,0.9887191010307008,1.0,0.3676698435823951,0.0,False,"['weak_signal', 'insufficient_net_edge']"
2025-10-25 00:00:00-04:00,MCD,stock flow + macro overlay favors long exposure,flat,,-0.20761742629597713,0.9887191010307008,1.0,0.3502122217285994,0.0,False,"['weak_signal', 'insufficient_net_edge']"
2025-10-25 00:00:00-04:00,SILVER,metal flow + macro overlay favors short exposure,flat,,0.04484166981316574,0.9887191010307008,1.0,0.30951828260789654,0.0,False,"['weak_signal', 'insufficient_net_edge']"
2025-10-25 00:00:00-04:00,GOLD,metal flow + macro overlay favors short exposure,flat,,-0.032838267956906544,0.9887191010307008,1.0,0.30651743214383176,0.0,False,"['weak_signal', 'insufficient_net_edge']"
2025-10-26 00:00:00-04:00,XRP,crypto flow + macro overlay favors short exposure,short,-3.0,0.727785309535768,0.9952153855152038,0.9642857142857144,1.8258714923540798,2500.0,False,['report_invalid']
2025-10-26 00:00:00-04:00,BTC,crypto flow + macro overlay favors short exposure,long,3.0,0.615666472400824,0.9952153855152038,0.9642857142857144,1.797841783070344,2500.0,False,['report_invalid']
2025-10-26 00:00:00-04:00,SOL,crypto flow + macro overlay favors short exposure,short,-3.0,0.5847214509324108,0.9952153855152038,0.9642857142857144,1.7901055277032405,2500.0,False,['report_invalid']
2025-10-26 00:00:00-04:00,ETH,crypto flow + macro overlay favors short exposure,long,3.0,0.42043848745004975,0.9952153855152038,0.9642857142857144,1.7490347868326503,2500.0,False,['report_invalid']
2025-10-26 00:00:00-04:00,AUDUSD,forex flow + macro overlay favors long exposure,flat,,0.0,0.9952153855152038,0.9642857142857144,0.29392516497013776,0.0,False,"['report_invalid', 'weak_signal', 'insufficient_net_edge']"
2025-10-26 00:00:00-04:00,COPPER,metal flow + macro overlay favors long exposure,flat,,0.0,0.9952153855152038,0.9642857142857144,0.29392516497013776,0.0,False,"['report_invalid', 'weak_signal', 'insufficient_net_edge']"
2025-10-26 00:00:00-04:00,EURUSD,forex flow + macro overlay favors long exposure,flat,,0.0,0.9952153855152038,0.9642857142857144,0.29392516497013776,0.0,False,"['report_invalid', 'weak_signal', 'insufficient_net_edge']"
2025-10-26 00:00:00-04:00,GOLD,metal flow + macro overlay favors long exposure,flat,,0.0,0.9952153855152038,0.9642857142857144,0.29392516497013776,0.0,False,"['report_invalid', 'weak_signal', 'insufficient_net_edge']"
2025-10-26 00:00:00-04:00,GOOG,stock flow + macro overlay favors long exposure,flat,,0.0,0.9952153855152038,0.9642857142857144,0.29392516497013776,0.0,False,"['report_invalid', 'weak_signal', 'insufficient_net_edge']"
2025-10-26 00:00:00-04:00,MCD,stock flow + macro overlay favors long exposure,flat,,0.0,0.9952153855152038,0.9642857142857144,0.29392516497013776,0.0,False,"['report_invalid', 'weak_signal', 'insufficient_net_edge']"
2025-10-26 00:00:00-04:00,NVDA,stock flow + macro overlay favors long exposure,flat,,0.0,0.9952153855152038,0.9642857142857144,0.29392516497013776,0.0,False,"['report_invalid', 'weak_signal', 'insufficient_net_edge']"
2025-10-26 00:00:00-04:00,SILVER,metal flow + macro overlay favors long exposure,flat,,0.0,0.9952153855152038,0.9642857142857144,0.29392516497013776,0.0,False,"['report_invalid', 'weak_signal', 'insufficient_net_edge']"
2025-10-26 00:00:00-04:00,SPY,stock flow + macro overlay favors long exposure,flat,,0.0,0.9952153855152038,0.9642857142857144,0.29392516497013776,0.0,False,"['report_invalid', 'weak_signal', 'insufficient_net_edge']"
2025-10-26 00:00:00-04:00,TSLA,stock flow + macro overlay favors long exposure,flat,,0.0,0.9952153855152038,0.9642857142857144,0.29392516497013776,0.0,False,"['report_invalid', 'weak_signal', 'insufficient_net_edge']"
2025-10-27 00:00:00-04:00,XRP,crypto flow + macro overlay favors long exposure,short,-3.0,0.7294102309765864,0.99373846579487,0.9642857142857144,1.8260561847562344,2500.0,False,['report_invalid']
2025-10-27 00:00:00-04:00,ETH,crypto flow + macro overlay favors long exposure,short,-3.0,0.7115739444757144,0.99373846579487,0.9642857142857144,1.8215971131310162,2500.0,False,['report_invalid']
2025-10-27 00:00:00-04:00,BTC,crypto flow + macro overlay favors long exposure,short,-3.0,0.7029505925179601,0.99373846579487,0.9642857142857144,1.8194412751415778,2500.0,False,['report_invalid']
2025-10-27 00:00:00-04:00,SOL,crypto flow + macro overlay favors long exposure,short,-3.0,0.6320159008638864,0.99373846579487,0.9642857142857144,1.8017076022280594,2500.0,False,['report_invalid']
2025-10-27 00:00:00-04:00,COPPER,metal flow + macro overlay favors long exposure,flat,,0.6318239402241563,0.99373846579487,0.9642857142857144,0.45165961206812677,0.0,False,"['report_invalid', 'weak_signal', 'insufficient_net_edge']"
2025-10-27 00:00:00-04:00,AUDUSD,forex flow + macro overlay favors short exposure,flat,,0.5044319152741368,0.99373846579487,0.9642857142857144,0.4198116058306218,0.0,False,"['report_invalid', 'weak_signal', 'insufficient_net_edge']"
2025-10-27 00:00:00-04:00,GOLD,metal flow + macro overlay favors long exposure,flat,,-0.3128739169874821,0.99373846579487,0.9642857142857144,0.37192210625895816,0.0,False,"['report_invalid', 'weak_signal', 'insufficient_net_edge']"
2025-10-27 00:00:00-04:00,EURUSD,forex flow + macro overlay favors short exposure,flat,,0.25892316511546676,0.99373846579487,0.9642857142857144,0.35843441829095435,0.0,False,"['report_invalid', 'weak_signal', 'insufficient_net_edge']"
2025-10-27 00:00:00-04:00,SILVER,metal flow + macro overlay favors long exposure,flat,,-0.06632893913727736,0.99373846579487,0.9642857142857144,0.310285861796407,0.0,False,"['report_invalid', 'weak_signal', 'insufficient_net_edge']"
2025-10-27 00:00:00-04:00,GOOG,stock flow + macro overlay favors long exposure,flat,,0.0,0.99373846579487,0.9642857142857144,0.29370362701208763,0.0,False,"['report_invalid', 'weak_signal', 'insufficient_net_edge']"
2025-10-27 00:00:00-04:00,MCD,stock flow + macro overlay favors long exposure,flat,,0.0,0.99373846579487,0.9642857142857144,0.29370362701208763,0.0,False,"['report_invalid', 'weak_signal', 'insufficient_net_edge']"
2025-10-27 00:00:00-04:00,NVDA,stock flow + macro overlay favors long exposure,flat,,0.0,0.99373846579487,0.9642857142857144,0.29370362701208763,0.0,False,"['report_invalid', 'weak_signal', 'insufficient_net_edge']"
2025-10-27 00:00:00-04:00,SPY,stock flow + macro overlay favors long exposure,flat,,0.0,0.99373846579487,0.9642857142857144,0.29370362701208763,0.0,False,"['report_invalid', 'weak_signal', 'insufficient_net_edge']"
2025-10-27 00:00:00-04:00,TSLA,stock flow + macro overlay favors long exposure,flat,,0.0,0.99373846579487,0.9642857142857144,0.29370362701208763,0.0,False,"['report_invalid', 'weak_signal', 'insufficient_net_edge']"
2025-10-28 00:00:00-04:00,AUDUSD,forex flow + macro overlay favors long exposure,short,-3.0,0.6551491956495629,0.9816723602697964,1.0,1.81103815295286,15000.0,True,[]
2025-10-28 00:00:00-04:00,BTC,crypto flow + macro overlay favors long exposure,short,-3.0,0.585397644787707,0.9816723602697964,1.0,1.7936002652373961,2500.0,True,[]
2025-10-28 00:00:00-04:00,ETH,crypto flow + macro overlay favors long exposure,short,-3.0,0.5652192159397789,0.9816723602697964,1.0,1.7885556580254143,2500.0,True,[]
2025-10-28 00:00:00-04:00,EURUSD,forex flow + macro overlay favors long exposure,long,3.0,0.5317564550766352,0.9816723602697964,1.0,1.7801899678096285,15000.0,True,[]
2025-10-28 00:00:00-04:00,XRP,crypto flow + macro overlay favors long exposure,short,-3.0,0.4534798485631306,0.9816723602697964,1.0,1.7606208161812522,2500.0,True,[]
2025-10-28 00:00:00-04:00,SOL,crypto flow + macro overlay favors long exposure,short,-3.0,0.44695826590287835,0.9816723602697964,1.0,1.7589904205161893,2500.0,True,[]
2025-10-28 00:00:00-04:00,COPPER,metal flow + macro overlay favors short exposure,long,2.9913132118867987,0.05605396319942292,0.9816723602697964,1.0,1.6573552901893844,7478.283029716997,True,[]
2025-10-28 00:00:00-04:00,SILVER,metal flow + macro overlay favors short exposure,long,2.5840297525792213,-0.6215337916140249,0.9816723602697964,1.0,1.6154476906046251,6460.074381448053,True,[]
2025-10-28 00:00:00-04:00,GOLD,metal flow + macro overlay favors short exposure,long,2.5466479211989217,-0.6822128296489488,0.9816723602697964,1.0,1.6137956259922213,6366.619802997304,True,[]
2025-10-28 00:00:00-04:00,GOOG,stock flow + macro overlay favors long exposure,flat,,0.7416601633631171,0.9816723602697964,1.0,0.4826658948812488,0.0,False,"['weak_signal', 'insufficient_net_edge']"
2025-10-28 00:00:00-04:00,MCD,stock flow + macro overlay favors long exposure,flat,,0.6911582128487488,0.9816723602697964,1.0,0.4700404072526566,0.0,False,"['weak_signal', 'insufficient_net_edge']"
2025-10-28 00:00:00-04:00,TSLA,stock flow + macro overlay favors long exposure,flat,,0.6784817002520858,0.9816723602697964,1.0,0.4668712791034909,0.0,False,"['weak_signal', 'insufficient_net_edge']"
2025-10-28 00:00:00-04:00,NVDA,stock flow + macro overlay favors long exposure,flat,,0.6051875268532354,0.9816723602697964,1.0,0.44854773575377826,0.0,False,"['weak_signal', 'insufficient_net_edge']"
2025-10-28 00:00:00-04:00,SPY,stock flow + macro overlay favors long exposure,flat,,0.5963147344714103,0.9816723602697964,1.0,0.44632953765832206,0.0,False,"['weak_signal', 'insufficient_net_edge']"
2025-10-29 00:00:00-04:00,BTC,crypto flow + macro overlay favors short exposure,short,-3.0,0.34893796061130933,0.9847829118841622,1.0,1.7349519269354516,2500.0,True,[]
2025-10-29 00:00:00-04:00,ETH,crypto flow + macro overlay favors short exposure,short,-3.0,0.3012847461887782,0.9847829118841622,1.0,1.723038623329819,2500.0,True,[]
2025-10-29 00:00:00-04:00,SOL,crypto flow + macro overlay favors short exposure,short,-3.0,0.06966839973975472,0.9847829118841622,1.0,1.6651345367175632,2500.0,True,[]
2025-10-29 00:00:00-04:00,XRP,crypto flow + macro overlay favors short exposure,short,-2.989885201689601,0.04199148913695501,0.9847829118841622,1.0,1.6536636498271837,2491.5710014080014,True,[]
2025-10-29 00:00:00-04:00,AUDUSD,forex flow + macro overlay favors long exposure,short,-3.0,0.0,0.9847829118841622,1.0,1.6477174367826244,15000.0,True,[]
2025-10-29 00:00:00-04:00,EURUSD,forex flow + macro overlay favors long exposure,short,-3.0,0.0,0.9847829118841622,1.0,1.6477174367826244,15000.0,True,[]
2025-10-29 00:00:00-04:00,GOOG,stock flow + macro overlay favors long exposure,long,3.0,0.0,0.9847829118841622,1.0,1.6477174367826244,7500.0,True,[]
2025-10-29 00:00:00-04:00,MCD,stock flow + macro overlay favors long exposure,long,3.0,0.0,0.9847829118841622,1.0,1.6477174367826244,7500.0,True,[]
2025-10-29 00:00:00-04:00,NVDA,stock flow + macro overlay favors long exposure,long,3.0,0.0,0.9847829118841622,1.0,1.6477174367826244,7500.0,True,[]
2025-10-29 00:00:00-04:00,SPY,stock flow + macro overlay favors long exposure,long,3.0,0.0,0.9847829118841622,1.0,1.6477174367826244,7500.0,True,[]
2025-10-29 00:00:00-04:00,TSLA,stock flow + macro overlay favors long exposure,long,3.0,0.0,0.9847829118841622,1.0,1.6477174367826244,7500.0,True,[]
2025-10-29 00:00:00-04:00,COPPER,metal flow + macro overlay favors short exposure,long,2.954219048868642,0.0,0.9847829118841622,1.0,1.6271160087735133,7385.547622171605,True,[]
2025-10-29 00:00:00-04:00,SILVER,metal flow + macro overlay favors short exposure,long,2.9534882424491338,0.0,0.9847829118841622,1.0,1.6267871458847345,7383.720606122834,True,[]
2025-10-29 00:00:00-04:00,GOLD,metal flow + macro overlay favors short exposure,long,2.952513833889788,0.0,0.9847829118841622,1.0,1.626348662033029,7381.28458472447,True,[]
2025-10-30 00:00:00-04:00,XRP,crypto flow + macro overlay favors short exposure,short,-2.667935721571707,-0.3799749988186878,0.9795553507960874,1.0,1.5924981270313532,2223.279767976423,True,[]
2025-10-30 00:00:00-04:00,SOL,crypto flow + macro overlay favors short exposure,short,-2.6206107201936204,-0.4592560046818926,0.9795553507960874,1.0,1.5910221278770154,2183.8422668280173,True,[]
2025-10-30 00:00:00-04:00,ETH,crypto flow + macro overlay favors short exposure,short,-2.4877965830711224,-0.6798008927532682,0.9795553507960874,1.0,1.586391988189735,2073.1638192259356,True,[]
2025-10-30 00:00:00-04:00,BTC,crypto flow + macro overlay favors short exposure,short,-2.4822221381544267,-0.6886856307147002,0.9795553507960874,1.0,1.5861046724675802,2068.5184484620227,True,[]
2025-10-30 00:00:00-04:00,AUDUSD,forex flow + macro overlay favors long exposure,flat,,0.7114646530226012,0.9795553507960874,1.0,0.4747994658750634,0.0,False,"['weak_signal', 'insufficient_net_edge']"
2025-10-30 00:00:00-04:00,GOLD,metal flow + macro overlay favors short exposure,flat,,-0.5759868988845706,0.9795553507960874,1.0,0.44093002734055575,0.0,False,"['weak_signal', 'insufficient_net_edge']"
2025-10-30 00:00:00-04:00,COPPER,metal flow + macro overlay favors short exposure,flat,,-0.21714874023995154,0.9795553507960874,1.0,0.35122048767940095,0.0,False,"['weak_signal', 'insufficient_net_edge']"
2025-10-30 00:00:00-04:00,EURUSD,forex flow + macro overlay favors long exposure,flat,,0.16499407808871924,0.9795553507960874,1.0,0.33818182214159287,0.0,False,"['weak_signal', 'insufficient_net_edge']"
2025-10-30 00:00:00-04:00,SILVER,metal flow + macro overlay favors short exposure,flat,,-0.15833601440153805,0.9795553507960874,1.0,0.3365173062197976,0.0,False,"['weak_signal', 'insufficient_net_edge']"
2025-10-30 00:00:00-04:00,GOOG,stock flow + macro overlay favors long exposure,flat,,0.0,0.9795553507960874,1.0,0.2969333026194131,0.0,False,"['weak_signal', 'insufficient_net_edge']"
2025-10-30 00:00:00-04:00,MCD,stock flow + macro overlay favors long exposure,flat,,0.0,0.9795553507960874,1.0,0.2969333026194131,0.0,False,"['weak_signal', 'insufficient_net_edge']"
2025-10-30 00:00:00-04:00,NVDA,stock flow + macro overlay favors long exposure,flat,,0.0,0.9795553507960874,1.0,0.2969333026194131,0.0,False,"['weak_signal', 'insufficient_net_edge']"
2025-10-30 00:00:00-04:00,SPY,stock flow + macro overlay favors long exposure,flat,,0.0,0.9795553507960874,1.0,0.2969333026194131,0.0,False,"['weak_signal', 'insufficient_net_edge']"
2025-10-30 00:00:00-04:00,TSLA,stock flow + macro overlay favors long exposure,flat,,0.0,0.9795553507960874,1.0,0.2969333026194131,0.0,False,"['weak_signal', 'insufficient_net_edge']"
2025-10-31 00:00:00-04:00,SOL,crypto flow + macro overlay favors short exposure,short,-2.496919210187951,-0.7179397056463721,0.986911671331903,1.0,1.6011353216959565,2080.7660084899594,True,[]
2025-10-31 00:00:00-04:00,ETH,crypto flow + macro overlay favors short exposure,short,-2.4948071912885093,-0.7206477300126541,0.986911671331903,1.0,1.6008619192827782,2079.0059927404245,True,[]
2025-10-31 00:00:00-04:00,BTC,crypto flow + macro overlay favors short exposure,short,-2.486207442100668,-0.7345746417593287,0.986911671331903,1.0,1.6004737600849182,2071.83953508389,True,[]
2025-10-31 00:00:00-04:00,XRP,crypto flow + macro overlay favors short exposure,short,-0.7952853187234803,-0.7169644253330427,0.986911671331903,1.0,0.8351562504586124,662.7377656029003,False,['weak_signal']
2025-10-31 00:00:00-04:00,MCD,stock flow + macro overlay favors long exposure,flat,,-0.7449179273885523,0.986911671331903,1.0,0.4842662325469236,0.0,False,"['weak_signal', 'insufficient_net_edge']"
2025-10-31 00:00:00-04:00,NVDA,stock flow + macro overlay favors long exposure,flat,,0.7402895130069571,0.986911671331903,1.0,0.4831091289515247,0.0,False,"['weak_signal', 'insufficient_net_edge']"
2025-10-31 00:00:00-04:00,EURUSD,forex flow + macro overlay favors long exposure,flat,,-0.7401721034901212,0.986911671331903,1.0,0.4830797765723157,0.0,False,"['weak_signal', 'insufficient_net_edge']"
2025-10-31 00:00:00-04:00,GOOG,stock flow + macro overlay favors long exposure,flat,,0.6908206062398404,0.986911671331903,1.0,0.47074190225974555,0.0,False,"['weak_signal', 'insufficient_net_edge']"
2025-10-31 00:00:00-04:00,SILVER,metal flow + macro overlay favors long exposure,flat,,0.6362357636662158,0.986911671331903,1.0,0.45709569161633945,0.0,False,"['weak_signal', 'insufficient_net_edge']"
2025-10-31 00:00:00-04:00,TSLA,stock flow + macro overlay favors long exposure,flat,,-0.49774975616032224,0.986911671331903,1.0,0.42247418973986606,0.0,False,"['weak_signal', 'insufficient_net_edge']"
2025-10-31 00:00:00-04:00,COPPER,metal flow + macro overlay favors long exposure,flat,,-0.38667657965171465,0.986911671331903,1.0,0.3947058956127141,0.0,False,"['weak_signal', 'insufficient_net_edge']"
2025-10-31 00:00:00-04:00,AUDUSD,forex flow + macro overlay favors long exposure,flat,,-0.337828123477206,0.986911671331903,1.0,0.382493781569087,0.0,False,"['weak_signal', 'insufficient_net_edge']"
2025-10-31 00:00:00-04:00,GOLD,metal flow + macro overlay favors long exposure,flat,,0.23614724510197999,0.986911671331903,1.0,0.3570735619752804,0.0,False,"['weak_signal', 'insufficient_net_edge']"
2025-10-31 00:00:00-04:00,SPY,stock flow + macro overlay favors long exposure,flat,,-0.19688354117118234,0.986911671331903,1.0,0.347257635992581,0.0,False,"['weak_signal', 'insufficient_net_edge']"
2025-11-01 00:00:00-04:00,SOL,crypto flow + macro overlay favors short exposure,long,2.5720527143730756,-0.5503981372328368,0.9931368358231547,1.0,1.5939937811495664,2143.377261977563,True,[]
2025-11-01 00:00:00-04:00,ETH,crypto flow + macro overlay favors short exposure,long,2.5451889878909557,-0.5943590075702488,0.9931368358231547,1.0,1.5928953218169655,2120.990823242463,True,[]
2025-11-01 00:00:00-04:00,XRP,crypto flow + macro overlay favors short exposure,long,2.529189459519876,-0.6214308917551095,0.9931368358231547,1.0,1.5924635050961948,2107.65788293323,True,[]
2025-11-01 00:00:00-04:00,BTC,crypto flow + macro overlay favors short exposure,short,-2.531212457614808,-0.6172472211307682,0.9931368358231547,1.0,1.592327936582829,2109.3437146790066,True,[]
2025-11-01 00:00:00-04:00,MCD,stock flow + macro overlay favors long exposure,flat,,-0.7430900536501952,0.9931368358231547,1.0,0.484743038786022,0.0,False,"['weak_signal', 'insufficient_net_edge']"
2025-11-01 00:00:00-04:00,EURUSD,forex flow + macro overlay favors short exposure,flat,,-0.7415090516038738,0.9931368358231547,1.0,0.4843477882744417,0.0,False,"['weak_signal', 'insufficient_net_edge']"
2025-11-01 00:00:00-04:00,AUDUSD,forex flow + macro overlay favors short exposure,flat,,-0.7198398801092079,0.9931368358231547,1.0,0.47893049540077515,0.0,False,"['weak_signal', 'insufficient_net_edge']"
2025-11-01 00:00:00-04:00,GOOG,stock flow + macro overlay favors long exposure,flat,,0.6792943649616154,0.9931368358231547,1.0,0.46879411661387704,0.0,False,"['weak_signal', 'insufficient_net_edge']"
2025-11-01 00:00:00-04:00,SPY,stock flow + macro overlay favors long exposure,flat,,-0.6571925833902196,0.9931368358231547,1.0,0.4632686712210281,0.0,False,"['weak_signal', 'insufficient_net_edge']"
2025-11-01 00:00:00-04:00,COPPER,metal flow + macro overlay favors short exposure,flat,,-0.5265915026089016,0.9931368358231547,1.0,0.4306184010256986,0.0,False,"['weak_signal', 'insufficient_net_edge']"
2025-11-01 00:00:00-04:00,GOLD,metal flow + macro overlay favors short exposure,flat,,0.3706059516226761,0.9931368358231547,1.0,0.39162201327914226,0.0,False,"['weak_signal', 'insufficient_net_edge']"
2025-11-01 00:00:00-04:00,SILVER,metal flow + macro overlay favors short exposure,flat,,0.37014316666763764,0.9931368358231547,1.0,0.39150631704038263,0.0,False,"['weak_signal', 'insufficient_net_edge']"
2025-11-01 00:00:00-04:00,NVDA,stock flow + macro overlay favors long exposure,flat,,-0.2456423220596978,0.9931368358231547,1.0,0.36038110588839767,0.0,False,"['weak_signal', 'insufficient_net_edge']"
2025-11-01 00:00:00-04:00,TSLA,stock flow + macro overlay favors long exposure,flat,,-0.18715837728394039,0.9931368358231547,1.0,0.3457601196944583,0.0,False,"['weak_signal', 'insufficient_net_edge']"
2025-11-02 00:00:00-04:00,ETH,crypto flow + macro overlay favors short exposure,short,-2.555521891928945,-0.38423033531577955,0.9900732460602584,0.9642857142857144,1.539196279248866,2129.6015766074543,False,['report_invalid']
2025-11-02 00:00:00-04:00,XRP,crypto flow + macro overlay favors short exposure,long,2.4281497718654568,-0.6007829668686987,0.9900732460602584,0.9642857142857144,1.536016983108526,2023.4581432212142,False,['report_invalid']
2025-11-02 00:00:00-04:00,SOL,crypto flow + macro overlay favors short exposure,long,2.183737189906,-0.7140240894548319,0.9900732460602584,0.9642857142857144,1.4543416018733037,1819.7809915883336,False,['report_invalid']
2025-11-02 00:00:00-04:00,BTC,crypto flow + macro overlay favors short exposure,short,-1.7541967639619473,-0.2792820914008318,0.9900732460602584,0.9642857142857144,1.1523629106849802,1461.8306366349564,False,['report_invalid']
2025-11-02 00:00:00-04:00,AUDUSD,forex flow + macro overlay favors long exposure,flat,,0.0,0.9900732460602584,0.9642857142857144,0.29315384405189593,0.0,False,"['report_invalid', 'weak_signal', 'insufficient_net_edge']"
2025-11-02 00:00:00-04:00,COPPER,metal flow + macro overlay favors long exposure,flat,,0.0,0.9900732460602584,0.9642857142857144,0.29315384405189593,0.0,False,"['report_invalid', 'weak_signal', 'insufficient_net_edge']"
2025-11-02 00:00:00-04:00,EURUSD,forex flow + macro overlay favors long exposure,flat,,0.0,0.9900732460602584,0.9642857142857144,0.29315384405189593,0.0,False,"['report_invalid', 'weak_signal', 'insufficient_net_edge']"
2025-11-02 00:00:00-04:00,GOLD,metal flow + macro overlay favors long exposure,flat,,0.0,0.9900732460602584,0.9642857142857144,0.29315384405189593,0.0,False,"['report_invalid', 'weak_signal', 'insufficient_net_edge']"
2025-11-02 00:00:00-04:00,GOOG,stock flow + macro overlay favors long exposure,flat,,0.0,0.9900732460602584,0.9642857142857144,0.29315384405189593,0.0,False,"['report_invalid', 'weak_signal', 'insufficient_net_edge']"
2025-11-02 00:00:00-04:00,MCD,stock flow + macro overlay favors long exposure,flat,,0.0,0.9900732460602584,0.9642857142857144,0.29315384405189593,0.0,False,"['report_invalid', 'weak_signal', 'insufficient_net_edge']"
2025-11-02 00:00:00-04:00,NVDA,stock flow + macro overlay favors long exposure,flat,,0.0,0.9900732460602584,0.9642857142857144,0.29315384405189593,0.0,False,"['report_invalid', 'weak_signal', 'insufficient_net_edge']"
2025-11-02 00:00:00-04:00,SILVER,metal flow + macro overlay favors long exposure,flat,,0.0,0.9900732460602584,0.9642857142857144,0.29315384405189593,0.0,False,"['report_invalid', 'weak_signal', 'insufficient_net_edge']"
2025-11-02 00:00:00-04:00,SPY,stock flow + macro overlay favors long exposure,flat,,0.0,0.9900732460602584,0.9642857142857144,0.29315384405189593,0.0,False,"['report_invalid', 'weak_signal', 'insufficient_net_edge']"
2025-11-02 00:00:00-04:00,TSLA,stock flow + macro overlay favors long exposure,flat,,0.0,0.9900732460602584,0.9642857142857144,0.29315384405189593,0.0,False,"['report_invalid', 'weak_signal', 'insufficient_net_edge']"
2025-11-03 00:00:00-05:00,ETH,crypto flow + macro overlay favors short exposure,short,-2.45228318964582,-0.4723597774489685,0.9861011846006396,0.9642857142857144,1.5141754145358142,2043.56932470485,False,['report_invalid']
2025-11-03 00:00:00-05:00,BTC,crypto flow + macro overlay favors short exposure,short,-2.427547572069642,-0.5139293673451797,0.9861011846006396,0.9642857142857144,1.5134367841005871,2022.9563100580351,False,['report_invalid']
2025-11-03 00:00:00-05:00,SOL,crypto flow + macro overlay favors short exposure,short,-2.344623772413364,-0.6558665532186513,0.9861011846006396,0.9642857142857144,1.5116053707236297,1953.8531436778035,False,['report_invalid']
2025-11-03 00:00:00-05:00,XRP,crypto flow + macro overlay favors short exposure,short,-0.7114295645244398,-0.31038622808059235,0.9861011846006396,0.9642857142857144,0.6902978958890992,592.8579704370333,False,"['report_invalid', 'weak_signal']"
2025-11-03 00:00:00-05:00,EURUSD,forex flow + macro overlay favors short exposure,flat,,-0.5737488963800877,0.9861011846006396,0.9642857142857144,0.4359952589279751,0.0,False,"['report_invalid', 'weak_signal', 'insufficient_net_edge']"
2025-11-03 00:00:00-05:00,AUDUSD,forex flow + macro overlay favors short exposure,flat,,0.25072825362789514,0.9861011846006396,0.9642857142857144,0.35524009823992686,0.0,False,"['report_invalid', 'weak_signal', 'insufficient_net_edge']"
2025-11-03 00:00:00-05:00,COPPER,metal flow + macro overlay favors short exposure,flat,,0.19107869228025837,0.9861011846006396,0.9642857142857144,0.3403277079030177,0.0,False,"['report_invalid', 'weak_signal', 'insufficient_net_edge']"
2025-11-03 00:00:00-05:00,SILVER,metal flow + macro overlay favors short exposure,flat,,0.0997091024196157,0.9861011846006396,0.9642857142857144,0.317485310437857,0.0,False,"['report_invalid', 'weak_signal', 'insufficient_net_edge']"
2025-11-03 00:00:00-05:00,GOLD,metal flow + macro overlay favors short exposure,flat,,0.053257000869538426,0.9861011846006396,0.9642857142857144,0.3058722850503377,0.0,False,"['report_invalid', 'weak_signal', 'insufficient_net_edge']"
2025-11-03 00:00:00-05:00,GOOG,stock flow + macro overlay favors long exposure,flat,,0.0,0.9861011846006396,0.9642857142857144,0.29255803483295306,0.0,False,"['report_invalid', 'weak_signal', 'insufficient_net_edge']"
2025-11-03 00:00:00-05:00,MCD,stock flow + macro overlay favors long exposure,flat,,0.0,0.9861011846006396,0.9642857142857144,0.29255803483295306,0.0,False,"['report_invalid', 'weak_signal', 'insufficient_net_edge']"
2025-11-03 00:00:00-05:00,NVDA,stock flow + macro overlay favors long exposure,flat,,0.0,0.9861011846006396,0.9642857142857144,0.29255803483295306,0.0,False,"['report_invalid', 'weak_signal', 'insufficient_net_edge']"
2025-11-03 00:00:00-05:00,SPY,stock flow + macro overlay favors long exposure,flat,,0.0,0.9861011846006396,0.9642857142857144,0.29255803483295306,0.0,False,"['report_invalid', 'weak_signal', 'insufficient_net_edge']"
2025-11-03 00:00:00-05:00,TSLA,stock flow + macro overlay favors long exposure,flat,,0.0,0.9861011846006396,0.9642857142857144,0.29255803483295306,0.0,False,"['report_invalid', 'weak_signal', 'insufficient_net_edge']"
2025-11-04 00:00:00-05:00,EURUSD,forex flow + macro overlay favors short exposure,short,-2.6764595666563293,-0.4867469184329263,0.9737142786809263,1.0,1.6221506764057187,13382.297833281646,True,[]
2025-11-04 00:00:00-05:00,AUDUSD,forex flow + macro overlay favors short exposure,short,-2.576164821297939,-0.6551228380627576,0.9737142786809263,1.0,1.6191120209019008,12880.824106489694,True,[]
2025-11-04 00:00:00-05:00,GOLD,metal flow + macro overlay favors short exposure,short,-2.752996801485786,-0.25864065947259873,0.9737142786809263,1.0,1.5995658673388924,6882.492003714465,True,[]
2025-11-04 00:00:00-05:00,BTC,crypto flow + macro overlay favors short exposure,short,-2.280795507153521,-0.7280510955127338,0.9737142786809263,1.0,1.5044278938994067,1900.6629226279342,True,[]
2025-11-04 00:00:00-05:00,ETH,crypto flow + macro overlay favors short exposure,short,-2.2753500128436834,-0.7375329229288567,0.9737142786809263,1.0,1.5043478783140107,1896.1250107030696,True,[]
2025-11-04 00:00:00-05:00,SOL,crypto flow + macro overlay favors short exposure,short,-2.2691096065596006,-0.7487456072017824,0.9737142786809263,1.0,1.504342866554405,1890.9246721330007,True,[]
2025-11-04 00:00:00-05:00,XRP,crypto flow + macro overlay favors short exposure,short,-2.2706364002365746,-0.7457949475070985,0.9737142786809263,1.0,1.5042922587853722,1892.1970001971456,True,[]
2025-11-04 00:00:00-05:00,SILVER,metal flow + macro overlay favors short exposure,short,-2.065816707153273,-0.4587954891412921,0.9737142786809263,1.0,1.340373532306435,5164.541767883183,True,[]
2025-11-04 00:00:00-05:00,COPPER,metal flow + macro overlay favors short exposure,long,0.2826774145572794,-0.7292100156399172,0.9737142786809263,1.0,0.6055644822628939,706.6935363931984,False,['weak_signal']
2025-11-04 00:00:00-05:00,NVDA,stock flow + macro overlay favors long exposure,flat,,0.5157263429656597,0.9737142786809263,1.0,0.4249887275435539,0.0,False,"['weak_signal', 'insufficient_net_edge']"
2025-11-04 00:00:00-05:00,TSLA,stock flow + macro overlay favors long exposure,flat,,0.4326078915347277,0.9737142786809263,1.0,0.4042091146858209,0.0,False,"['weak_signal', 'insufficient_net_edge']"
2025-11-04 00:00:00-05:00,MCD,stock flow + macro overlay favors long exposure,flat,,-0.37507401983061084,0.9737142786809263,1.0,0.38982564675979164,0.0,False,"['weak_signal', 'insufficient_net_edge']"
2025-11-04 00:00:00-05:00,GOOG,stock flow + macro overlay favors long exposure,flat,,0.05829336894098255,0.9737142786809263,1.0,0.3106304840373846,0.0,False,"['weak_signal', 'insufficient_net_edge']"
2025-11-04 00:00:00-05:00,SPY,stock flow + macro overlay favors long exposure,flat,,0.024800380567247492,0.9737142786809263,1.0,0.3022572369439508,0.0,False,"['weak_signal', 'insufficient_net_edge']"
2025-11-05 00:00:00-05:00,NVDA,stock flow + macro overlay favors short exposure,long,2.9956954346397295,0.0,0.9744052766677502,1.0,1.6442237370880408,7489.238586599324,True,[]
2025-11-05 00:00:00-05:00,TSLA,stock flow + macro overlay favors short exposure,long,2.995451832499893,0.0,0.9744052766677502,1.0,1.6441141161251145,7488.629581249733,True,[]
2025-11-05 00:00:00-05:00,GOOG,stock flow + macro overlay favors short exposure,long,2.995208230360057,0.0,0.9744052766677502,1.0,1.6440044951621882,7488.020575900143,True,[]
2025-11-05 00:00:00-05:00,SPY,stock flow + macro overlay favors short exposure,long,2.9949646282202207,0.0,0.9744052766677502,1.0,1.6438948741992618,7487.411570550551,True,[]
2025-11-05 00:00:00-05:00,MCD,stock flow + macro overlay favors short exposure,short,-2.994233821800712,0.0,0.9744052766677502,1.0,1.6435660113104829,7485.584554501779,True,[]
2025-11-05 00:00:00-05:00,AUDUSD,forex flow + macro overlay favors short exposure,short,-2.9743263695084123,0.0,0.9744052766677502,1.0,1.6346076577789481,14871.631847542061,True,[]
2025-11-05 00:00:00-05:00,EURUSD,forex flow + macro overlay favors short exposure,short,-2.973595563088904,0.0,0.9744052766677502,1.0,1.6342787948901694,14867.97781544452,True,[]
2025-11-05 00:00:00-05:00,GOLD,metal flow + macro overlay favors short exposure,short,-2.890997469335145,0.0,0.9744052766677502,1.0,1.5971096527009778,7227.493673337862,True,[]
2025-11-05 00:00:00-05:00,SOL,crypto flow + macro overlay favors short exposure,short,-2.2237570582865334,-0.7498170126546562,0.9744052766677502,1.0,1.4843057208927666,1853.1308819054445,True,[]
2025-11-05 00:00:00-05:00,XRP,crypto flow + macro overlay favors short exposure,short,-2.223710446405278,-0.749488695557021,0.9744052766677502,1.0,1.484202666271793,1853.0920386710652,True,[]
2025-11-05 00:00:00-05:00,ETH,crypto flow + macro overlay favors short exposure,short,-2.2232563015327025,-0.7498396001115863,0.9744052766677502,1.0,1.4840860272177754,1852.7135846105855,True,[]
2025-11-05 00:00:00-05:00,BTC,crypto flow + macro overlay favors short exposure,short,-2.2232109411510574,-0.7495091971812677,0.9744052766677502,1.0,1.4839830143134554,1852.675784292548,True,[]
2025-11-05 00:00:00-05:00,COPPER,metal flow + macro overlay favors short exposure,long,2.3963219734286456,0.0,0.9744052766677502,1.0,1.374505679543053,5990.804933571614,True,[]
2025-11-05 00:00:00-05:00,SILVER,metal flow + macro overlay favors short exposure,short,-1.8179131382742273,0.0,0.9744052766677502,1.0,1.1142217037235647,4544.782845685568,True,[]
2025-11-06 00:00:00-05:00,XRP,crypto flow + macro overlay favors short exposure,long,2.344709008614536,-0.65249199894929,0.9744570730536873,1.0,1.5144106145719167,1953.924173845447,True,[]
2025-11-06 00:00:00-05:00,BTC,crypto flow + macro overlay favors short exposure,long,2.302923942493226,-0.7213217686853528,0.9744570730536873,1.0,1.512814777251343,1919.1032854110217,True,[]
2025-11-06 00:00:00-05:00,SOL,crypto flow + macro overlay favors short exposure,short,-2.290723624904199,-0.7428736420329127,0.9744570730536873,1.0,1.5127126026731705,1908.9363540868326,True,[]
2025-11-06 00:00:00-05:00,ETH,crypto flow + macro overlay favors short exposure,short,-2.084976796601779,-0.7418678789037689,0.9744570730536873,1.0,1.4198750891547958,1737.480663834816,True,[]
2025-11-06 00:00:00-05:00,AUDUSD,forex flow + macro overlay favors short exposure,flat,,-0.7243860980021904,0.9744570730536873,1.0,0.4772650854586007,0.0,False,"['weak_signal', 'insufficient_net_edge']"
2025-11-06 00:00:00-05:00,COPPER,metal flow + macro overlay favors short exposure,flat,,-0.6618634584650307,0.9744570730536873,1.0,0.4616344255743108,0.0,False,"['weak_signal', 'insufficient_net_edge']"
2025-11-06 00:00:00-05:00,EURUSD,forex flow + macro overlay favors short exposure,flat,,-0.5029256532909011,0.9744570730536873,1.0,0.4218999742807784,0.0,False,"['weak_signal', 'insufficient_net_edge']"
2025-11-06 00:00:00-05:00,SILVER,metal flow + macro overlay favors short exposure,flat,,-0.27622919336829677,0.9744570730536873,1.0,0.3652258593001273,0.0,False,"['weak_signal', 'insufficient_net_edge']"
2025-11-06 00:00:00-05:00,GOLD,metal flow + macro overlay favors short exposure,flat,,-0.2636667833797766,0.9744570730536873,1.0,0.3620852568029972,0.0,False,"['weak_signal', 'insufficient_net_edge']"
2025-11-06 00:00:00-05:00,GOOG,stock flow + macro overlay favors long exposure,flat,,0.0,0.9744570730536873,1.0,0.2961685609580531,0.0,False,"['weak_signal', 'insufficient_net_edge']"
2025-11-06 00:00:00-05:00,MCD,stock flow + macro overlay favors long exposure,flat,,0.0,0.9744570730536873,1.0,0.2961685609580531,0.0,False,"['weak_signal', 'insufficient_net_edge']"
2025-11-06 00:00:00-05:00,NVDA,stock flow + macro overlay favors long exposure,flat,,0.0,0.9744570730536873,1.0,0.2961685609580531,0.0,False,"['weak_signal', 'insufficient_net_edge']"
2025-11-06 00:00:00-05:00,SPY,stock flow + macro overlay favors long exposure,flat,,0.0,0.9744570730536873,1.0,0.2961685609580531,0.0,False,"['weak_signal', 'insufficient_net_edge']"
2025-11-06 00:00:00-05:00,TSLA,stock flow + macro overlay favors long exposure,flat,,0.0,0.9744570730536873,1.0,0.2961685609580531,0.0,False,"['weak_signal', 'insufficient_net_edge']"
2025-11-07 00:00:00-05:00,SOL,crypto flow + macro overlay favors short exposure,short,-2.2802047343503102,-0.6785618400472626,0.9779929053201155,1.0,1.4924315262674723,1900.170611958592,True,[]
2025-11-07 00:00:00-05:00,XRP,crypto flow + macro overlay favors short exposure,short,-2.2792123798466593,-0.67980976065362,0.9779929053201155,1.0,1.4922969468924188,1899.3436498722162,True,[]
2025-11-07 00:00:00-05:00,ETH,crypto flow + macro overlay favors short exposure,short,-2.2442896176839753,-0.7376083606916993,0.9779929053201155,1.0,1.491031353928731,1870.2413480699795,True,[]
2025-11-07 00:00:00-05:00,BTC,crypto flow + macro overlay favors short exposure,short,-2.244629299119013,-0.7366362214002429,0.9779929053201155,1.0,1.4909411757516338,1870.524415932511,True,[]
2025-11-07 00:00:00-05:00,NVDA,stock flow + macro overlay favors long exposure,flat,,-0.74099081096479,0.9779929053201155,1.0,0.4819466385392148,0.0,False,"['weak_signal', 'insufficient_net_edge']"
2025-11-07 00:00:00-05:00,SPY,stock flow + macro overlay favors long exposure,flat,,-0.7265993647102743,0.9779929053201155,1.0,0.47834877697558587,0.0,False,"['weak_signal', 'insufficient_net_edge']"
2025-11-07 00:00:00-05:00,AUDUSD,forex flow + macro overlay favors short exposure,flat,,-0.6468491226811413,0.9779929053201155,1.0,0.45841121646830263,0.0,False,"['weak_signal', 'insufficient_net_edge']"
2025-11-07 00:00:00-05:00,SILVER,metal flow + macro overlay favors short exposure,flat,,0.6117411962157107,0.9779929053201155,1.0,0.449634234851945,0.0,False,"['weak_signal', 'insufficient_net_edge']"
2025-11-07 00:00:00-05:00,EURUSD,forex flow + macro overlay favors short exposure,flat,,0.4969475826374219,0.9779929053201155,1.0,0.4209358314573728,0.0,False,"['weak_signal', 'insufficient_net_edge']"
2025-11-07 00:00:00-05:00,TSLA,stock flow + macro overlay favors long exposure,flat,,-0.4720060962832054,0.9779929053201155,1.0,0.41470045986881865,0.0,False,"['weak_signal', 'insufficient_net_edge']"
2025-11-07 00:00:00-05:00,MCD,stock flow + macro overlay favors long exposure,flat,,0.3358062179051066,0.9779929053201155,1.0,0.380650490274294,0.0,False,"['weak_signal', 'insufficient_net_edge']"
2025-11-07 00:00:00-05:00,GOOG,stock flow + macro overlay favors long exposure,flat,,0.2755032917394786,0.9779929053201155,1.0,0.3655747587328869,0.0,False,"['weak_signal', 'insufficient_net_edge']"
2025-11-07 00:00:00-05:00,GOLD,metal flow + macro overlay favors short exposure,flat,,0.222128437118581,0.9779929053201155,1.0,0.35223104507766256,0.0,False,"['weak_signal', 'insufficient_net_edge']"
2025-11-07 00:00:00-05:00,COPPER,metal flow + macro overlay favors short exposure,flat,,-0.13553663999882098,0.9779929053201155,1.0,0.3305830957977226,0.0,False,"['weak_signal', 'insufficient_net_edge']"
2025-11-08 00:00:00-05:00,ETH,crypto flow + macro overlay favors short exposure,short,-3.0,0.6218862897128301,0.9856500879473876,1.0,1.8033190856203156,2500.0,True,[]
2025-11-08 00:00:00-05:00,SOL,crypto flow + macro overlay favors short exposure,short,-3.0,0.585183873972483,0.9856500879473876,1.0,1.7941434816852289,2500.0,True,[]
2025-11-08 00:00:00-05:00,XRP,crypto flow + macro overlay favors short exposure,long,0.5996693236616388,0.6039543329021966,0.9856500879473876,1.0,0.7186872920653947,499.72443638469906,False,['weak_signal']
2025-11-08 00:00:00-05:00,BTC,crypto flow + macro overlay favors short exposure,long,0.6239571369157066,0.2262767736453427,0.9856500879473876,1.0,0.6351974182155118,519.9642807630889,False,['weak_signal']
2025-11-08 00:00:00-05:00,EURUSD,forex flow + macro overlay favors short exposure,flat,,0.740883555686072,0.9856500879473876,1.0,0.4830684021136261,0.0,False,"['weak_signal', 'insufficient_net_edge']"
2025-11-08 00:00:00-05:00,SILVER,metal flow + macro overlay favors short exposure,flat,,0.522577218672322,0.9856500879473876,1.0,0.42849181786018864,0.0,False,"['weak_signal', 'insufficient_net_edge']"
2025-11-08 00:00:00-05:00,NVDA,stock flow + macro overlay favors long exposure,flat,,-0.5000608167961351,0.9856500879473876,1.0,0.4228627173911419,0.0,False,"['weak_signal', 'insufficient_net_edge']"
2025-11-08 00:00:00-05:00,GOOG,stock flow + macro overlay favors long exposure,flat,,0.4064466333867651,0.9856500879473876,1.0,0.3994591715387994,0.0,False,"['weak_signal', 'insufficient_net_edge']"
2025-11-08 00:00:00-05:00,GOLD,metal flow + macro overlay favors short exposure,flat,,0.37920697897334565,0.9856500879473876,1.0,0.3926492579354446,0.0,False,"['weak_signal', 'insufficient_net_edge']"
2025-11-08 00:00:00-05:00,TSLA,stock flow + macro overlay favors long exposure,flat,,-0.32407656539869495,0.9856500879473876,1.0,0.3788666545417819,0.0,False,"['weak_signal', 'insufficient_net_edge']"
2025-11-08 00:00:00-05:00,MCD,stock flow + macro overlay favors long exposure,flat,,0.17233014785050182,0.9856500879473876,1.0,0.3409300501547336,0.0,False,"['weak_signal', 'insufficient_net_edge']"
2025-11-08 00:00:00-05:00,AUDUSD,forex flow + macro overlay favors short exposure,flat,,0.10297257912248448,0.9856500879473876,1.0,0.32359065797272923,0.0,False,"['weak_signal', 'insufficient_net_edge']"
2025-11-08 00:00:00-05:00,COPPER,metal flow + macro overlay favors short exposure,flat,,0.031065973449421767,0.9856500879473876,1.0,0.3056140065544636,0.0,False,"['weak_signal', 'insufficient_net_edge']"
2025-11-08 00:00:00-05:00,SPY,stock flow + macro overlay favors long exposure,flat,,0.004961100308438656,0.9856500879473876,1.0,0.2990877882692178,0.0,False,"['weak_signal', 'insufficient_net_edge']"
2025-11-09 00:00:00-05:00,ETH,crypto flow + macro overlay favors short exposure,long,2.460088660532806,-0.4264736664669957,0.9860831137065275,0.9642857142857144,1.506213638055348,2050.073883777339,False,['report_invalid']
2025-11-09 00:00:00-05:00,SOL,crypto flow + macro overlay favors short exposure,short,-2.4166985975942104,-0.5009172955561882,0.9860831137065275,0.9642857142857144,1.5052990170052778,2013.9154979951754,False,['report_invalid']
2025-11-09 00:00:00-05:00,BTC,crypto flow + macro overlay favors short exposure,long,2.334444784422388,-0.6392815132697965,0.9860831137065275,0.9642857142857144,1.50287585550636,1945.3706536853233,False,['report_invalid']
2025-11-09 00:00:00-05:00,XRP,crypto flow + macro overlay favors short exposure,short,-2.325009453931655,-0.6561049903262517,0.9860831137065275,0.9642857142857144,1.5028358260496437,1937.5078782763794,False,['report_invalid']
2025-11-09 00:00:00-05:00,AUDUSD,forex flow + macro overlay favors long exposure,flat,,0.0,0.9860831137065275,0.9642857142857144,0.29255532419883623,0.0,False,"['report_invalid', 'weak_signal', 'insufficient_net_edge']"
2025-11-09 00:00:00-05:00,COPPER,metal flow + macro overlay favors long exposure,flat,,0.0,0.9860831137065275,0.9642857142857144,0.29255532419883623,0.0,False,"['report_invalid', 'weak_signal', 'insufficient_net_edge']"
2025-11-09 00:00:00-05:00,EURUSD,forex flow + macro overlay favors long exposure,flat,,0.0,0.9860831137065275,0.9642857142857144,0.29255532419883623,0.0,False,"['report_invalid', 'weak_signal', 'insufficient_net_edge']"
2025-11-09 00:00:00-05:00,GOLD,metal flow + macro overlay favors long exposure,flat,,0.0,0.9860831137065275,0.9642857142857144,0.29255532419883623,0.0,False,"['report_invalid', 'weak_signal', 'insufficient_net_edge']"
2025-11-09 00:00:00-05:00,GOOG,stock flow + macro overlay favors long exposure,flat,,0.0,0.9860831137065275,0.9642857142857144,0.29255532419883623,0.0,False,"['report_invalid', 'weak_signal', 'insufficient_net_edge']"
2025-11-09 00:00:00-05:00,MCD,stock flow + macro overlay favors long exposure,flat,,0.0,0.9860831137065275,0.9642857142857144,0.29255532419883623,0.0,False,"['report_invalid', 'weak_signal', 'insufficient_net_edge']"
2025-11-09 00:00:00-05:00,NVDA,stock flow + macro overlay favors long exposure,flat,,0.0,0.9860831137065275,0.9642857142857144,0.29255532419883623,0.0,False,"['report_invalid', 'weak_signal', 'insufficient_net_edge']"
2025-11-09 00:00:00-05:00,SILVER,metal flow + macro overlay favors long exposure,flat,,0.0,0.9860831137065275,0.9642857142857144,0.29255532419883623,0.0,False,"['report_invalid', 'weak_signal', 'insufficient_net_edge']"
2025-11-09 00:00:00-05:00,SPY,stock flow + macro overlay favors long exposure,flat,,0.0,0.9860831137065275,0.9642857142857144,0.29255532419883623,0.0,False,"['report_invalid', 'weak_signal', 'insufficient_net_edge']"
2025-11-09 00:00:00-05:00,TSLA,stock flow + macro overlay favors long exposure,flat,,0.0,0.9860831137065275,0.9642857142857144,0.29255532419883623,0.0,False,"['report_invalid', 'weak_signal', 'insufficient_net_edge']"
2025-11-10 00:00:00-05:00,XRP,crypto flow + macro overlay favors long exposure,short,-3.0,0.7446102371495635,0.9903739373204293,0.9642857142857144,1.8293515070283124,2500.0,False,['report_invalid']
2025-11-10 00:00:00-05:00,ETH,crypto flow + macro overlay favors long exposure,short,-3.0,0.7344525883665287,0.9903739373204293,0.9642857142857144,1.826812094832554,2500.0,False,['report_invalid']
2025-11-10 00:00:00-05:00,BTC,crypto flow + macro overlay favors long exposure,short,-3.0,0.7266638704789464,0.9903739373204293,0.9642857142857144,1.824864915360658,2500.0,False,['report_invalid']
2025-11-10 00:00:00-05:00,SOL,crypto flow + macro overlay favors long exposure,short,-3.0,0.71702388008383,0.9903739373204293,0.9642857142857144,1.8224549177618792,2500.0,False,['report_invalid']
2025-11-10 00:00:00-05:00,AUDUSD,forex flow + macro overlay favors long exposure,flat,,0.7131349698261962,0.9903739373204293,0.9642857142857144,0.4714826901974706,0.0,False,"['report_invalid', 'weak_signal', 'insufficient_net_edge']"
2025-11-10 00:00:00-05:00,SILVER,metal flow + macro overlay favors long exposure,flat,,0.6497991440517699,0.9903739373204293,0.9642857142857144,0.45564873375386405,0.0,False,"['report_invalid', 'weak_signal', 'insufficient_net_edge']"
2025-11-10 00:00:00-05:00,GOLD,metal flow + macro overlay favors long exposure,flat,,0.6334278310773002,0.9903739373204293,0.9642857142857144,0.4515559055102466,0.0,False,"['report_invalid', 'weak_signal', 'insufficient_net_edge']"
2025-11-10 00:00:00-05:00,COPPER,metal flow + macro overlay favors long exposure,flat,,0.5671778088948971,0.9903739373204293,0.9642857142857144,0.4349933999646458,0.0,False,"['report_invalid', 'weak_signal', 'insufficient_net_edge']"
2025-11-10 00:00:00-05:00,EURUSD,forex flow + macro overlay favors long exposure,flat,,0.5580948356933215,0.9903739373204293,0.9642857142857144,0.4327226566642519,0.0,False,"['report_invalid', 'weak_signal', 'insufficient_net_edge']"
2025-11-10 00:00:00-05:00,GOOG,stock flow + macro overlay favors long exposure,flat,,0.0,0.9903739373204293,0.9642857142857144,0.2931989477409216,0.0,False,"['report_invalid', 'weak_signal', 'insufficient_net_edge']"
2025-11-10 00:00:00-05:00,MCD,stock flow + macro overlay favors long exposure,flat,,0.0,0.9903739373204293,0.9642857142857144,0.2931989477409216,0.0,False,"['report_invalid', 'weak_signal', 'insufficient_net_edge']"
2025-11-10 00:00:00-05:00,NVDA,stock flow + macro overlay favors long exposure,flat,,0.0,0.9903739373204293,0.9642857142857144,0.2931989477409216,0.0,False,"['report_invalid', 'weak_signal', 'insufficient_net_edge']"
2025-11-10 00:00:00-05:00,SPY,stock flow + macro overlay favors long exposure,flat,,0.0,0.9903739373204293,0.9642857142857144,0.2931989477409216,0.0,False,"['report_invalid', 'weak_signal', 'insufficient_net_edge']"
2025-11-10 00:00:00-05:00,TSLA,stock flow + macro overlay favors long exposure,flat,,0.0,0.9903739373204293,0.9642857142857144,0.2931989477409216,0.0,False,"['report_invalid', 'weak_signal', 'insufficient_net_edge']"
2025-11-11 00:00:00-05:00,GOLD,metal flow + macro overlay favors long exposure,long,3.0,0.7484784002846949,0.9892506546691836,1.0,1.8355071982715512,7500.0,True,[]
2025-11-11 00:00:00-05:00,SILVER,metal flow + macro overlay favors long exposure,long,3.0,0.7477643939327574,0.9892506546691836,1.0,1.835328696683567,7500.0,True,[]
2025-11-11 00:00:00-05:00,COPPER,metal flow + macro overlay favors long exposure,long,3.0,0.7133847067863908,0.9892506546691836,1.0,1.8267337748969752,7500.0,True,[]
2025-11-11 00:00:00-05:00,XRP,crypto flow + macro overlay favors long exposure,short,-3.0,0.7085005553015564,0.9892506546691836,1.0,1.8255127370257667,2500.0,True,[]
2025-11-11 00:00:00-05:00,BTC,crypto flow + macro overlay favors long exposure,short,-3.0,0.6693283148180061,0.9892506546691836,1.0,1.8157196769048791,2500.0,True,[]
2025-11-11 00:00:00-05:00,AUDUSD,forex flow + macro overlay favors long exposure,long,3.0,0.5609059091603368,0.9892506546691836,1.0,1.7886140754904616,15000.0,True,[]
2025-11-11 00:00:00-05:00,ETH,crypto flow + macro overlay favors long exposure,short,-3.0,0.5072303070521913,0.9892506546691836,1.0,1.7751951749634254,2500.0,True,[]
2025-11-11 00:00:00-05:00,SOL,crypto flow + macro overlay favors long exposure,short,-3.0,0.282719960161154,0.9892506546691836,1.0,1.719067588240666,2500.0,True,[]
2025-11-11 00:00:00-05:00,EURUSD,forex flow + macro overlay favors long exposure,short,-0.949044109582427,-0.1385904758516705,0.9892506546691836,1.0,0.7601050664753873,4745.220547912135,False,['weak_signal']
2025-11-11 00:00:00-05:00,SPY,stock flow + macro overlay favors long exposure,flat,,0.7205379705137147,0.9892506546691836,1.0,0.47852209082880626,0.0,False,"['weak_signal', 'insufficient_net_edge']"
2025-11-11 00:00:00-05:00,NVDA,stock flow + macro overlay favors long exposure,flat,,0.692867030624416,0.9892506546691836,1.0,0.4716043558564815,0.0,False,"['weak_signal', 'insufficient_net_edge']"
2025-11-11 00:00:00-05:00,GOOG,stock flow + macro overlay favors long exposure,flat,,0.5812429328752381,0.9892506546691836,1.0,0.443698331419187,0.0,False,"['weak_signal', 'insufficient_net_edge']"
2025-11-11 00:00:00-05:00,TSLA,stock flow + macro overlay favors long exposure,flat,,0.4740857768617734,0.9892506546691836,1.0,0.41690904241582083,0.0,False,"['weak_signal', 'insufficient_net_edge']"
2025-11-11 00:00:00-05:00,MCD,stock flow + macro overlay favors long exposure,flat,,-0.1404248183258765,0.9892506546691836,1.0,0.33349380278184665,0.0,False,"['weak_signal', 'insufficient_net_edge']"
2025-11-12 00:00:00-05:00,XRP,crypto flow + macro overlay favors short exposure,short,-3.0,0.6838332689094284,0.985945470293981,1.0,1.818850137771454,2500.0,True,[]
2025-11-12 00:00:00-05:00,BTC,crypto flow + macro overlay favors short exposure,short,-3.0,0.5079773196845634,0.985945470293981,1.0,1.774886150465238,2500.0,True,[]
2025-11-12 00:00:00-05:00,ETH,crypto flow + macro overlay favors short exposure,short,-3.0,0.41953553937402754,0.985945470293981,1.0,1.752775705387604,2500.0,True,[]
2025-11-12 00:00:00-05:00,AUDUSD,forex flow + macro overlay favors long exposure,long,3.0,0.0,0.985945470293981,1.0,1.647891820544097,15000.0,True,[]
2025-11-12 00:00:00-05:00,EURUSD,forex flow + macro overlay favors long exposure,long,3.0,0.0,0.985945470293981,1.0,1.647891820544097,15000.0,True,[]
2025-11-12 00:00:00-05:00,GOLD,metal flow + macro overlay favors long exposure,long,3.0,0.0,0.985945470293981,1.0,1.647891820544097,7500.0,True,[]
2025-11-12 00:00:00-05:00,GOOG,stock flow + macro overlay favors long exposure,long,3.0,0.0,0.985945470293981,1.0,1.647891820544097,7500.0,True,[]
2025-11-12 00:00:00-05:00,MCD,stock flow + macro overlay favors long exposure,short,-3.0,0.0,0.985945470293981,1.0,1.647891820544097,7500.0,True,[]
2025-11-12 00:00:00-05:00,NVDA,stock flow + macro overlay favors long exposure,long,3.0,0.0,0.985945470293981,1.0,1.647891820544097,7500.0,True,[]
2025-11-12 00:00:00-05:00,SILVER,metal flow + macro overlay favors long exposure,long,3.0,0.0,0.985945470293981,1.0,1.647891820544097,7500.0,True,[]
2025-11-12 00:00:00-05:00,SPY,stock flow + macro overlay favors long exposure,long,3.0,0.0,0.985945470293981,1.0,1.647891820544097,7500.0,True,[]
2025-11-12 00:00:00-05:00,TSLA,stock flow + macro overlay favors long exposure,long,3.0,0.0,0.985945470293981,1.0,1.647891820544097,7500.0,True,[]
2025-11-12 00:00:00-05:00,SOL,crypto flow + macro overlay favors short exposure,short,-2.838322293847626,-0.22981380305005716,0.985945470293981,1.0,1.6325903035380431,2365.2685782063554,True,[]
2025-11-12 00:00:00-05:00,COPPER,metal flow + macro overlay favors long exposure,long,2.1263280591527796,0.0,0.985945470293981,1.0,1.254739447162848,5315.820147881948,True,[]
2025-11-13 00:00:00-05:00,XRP,crypto flow + macro overlay favors short exposure,short,-2.904559782782088,0.008782607700320806,0.9778572233209968,1.0,1.6059261376751692,2420.46648565174,True,[]
2025-11-13 00:00:00-05:00,ETH,crypto flow + macro overlay favors short exposure,short,-2.547411094588114,-0.5860592023899084,0.9778572233209968,1.0,1.5895283766602777,2122.8425788234285,True,[]
2025-11-13 00:00:00-05:00,SOL,crypto flow + macro overlay favors short exposure,short,-2.4609181709028034,-0.7310260823315474,0.9778572233209968,1.0,1.586848280987298,2050.765142419003,True,[]
2025-11-13 00:00:00-05:00,BTC,crypto flow + macro overlay favors short exposure,short,-2.463396292937992,-0.7256778682403848,0.9778572233209968,1.0,1.586626382380342,2052.8302441149935,True,[]
2025-11-13 00:00:00-05:00,SILVER,metal flow + macro overlay favors long exposure,flat,,0.7496647984226359,0.9778572233209968,1.0,0.4840947831038085,0.0,False,"['weak_signal', 'insufficient_net_edge']"
2025-11-13 00:00:00-05:00,GOLD,metal flow + macro overlay favors long exposure,flat,,0.7458980850566878,0.9778572233209968,1.0,0.48315310476232143,0.0,False,"['weak_signal', 'insufficient_net_edge']"
2025-11-13 00:00:00-05:00,COPPER,metal flow + macro overlay favors long exposure,flat,,0.6839829567192368,0.9778572233209968,1.0,0.4676743226779587,0.0,False,"['weak_signal', 'insufficient_net_edge']"
2025-11-13 00:00:00-05:00,AUDUSD,forex flow + macro overlay favors long exposure,flat,,0.6252452353680082,0.9778572233209968,1.0,0.45298989234015163,0.0,False,"['weak_signal', 'insufficient_net_edge']"
2025-11-13 00:00:00-05:00,EURUSD,forex flow + macro overlay favors long exposure,flat,,0.4518960904694289,0.9778572233209968,1.0,0.4096526061155068,0.0,False,"['weak_signal', 'insufficient_net_edge']"
2025-11-13 00:00:00-05:00,GOOG,stock flow + macro overlay favors long exposure,flat,,0.0,0.9778572233209968,1.0,0.2966785834981495,0.0,False,"['weak_signal', 'insufficient_net_edge']"
2025-11-13 00:00:00-05:00,MCD,stock flow + macro overlay favors long exposure,flat,,0.0,0.9778572233209968,1.0,0.2966785834981495,0.0,False,"['weak_signal', 'insufficient_net_edge']"
2025-11-13 00:00:00-05:00,NVDA,stock flow + macro overlay favors long exposure,flat,,0.0,0.9778572233209968,1.0,0.2966785834981495,0.0,False,"['weak_signal', 'insufficient_net_edge']"
2025-11-13 00:00:00-05:00,SPY,stock flow + macro overlay favors long exposure,flat,,0.0,0.9778572233209968,1.0,0.2966785834981495,0.0,False,"['weak_signal', 'insufficient_net_edge']"
2025-11-13 00:00:00-05:00,TSLA,stock flow + macro overlay favors long exposure,flat,,0.0,0.9778572233209968,1.0,0.2966785834981495,0.0,False,"['weak_signal', 'insufficient_net_edge']"
2025-11-14 00:00:00-05:00,XRP,crypto flow + macro overlay favors short exposure,short,-2.3062357296390865,-0.7169483162424641,0.9823785849373741,1.0,1.514399945138811,1921.8631080325722,True,[]
2025-11-14 00:00:00-05:00,SOL,crypto flow + macro overlay favors short exposure,short,-2.287807826215408,-0.7480674921816547,0.9823785849373741,1.0,1.5138871825829532,1906.5065218461734,True,[]
2025-11-14 00:00:00-05:00,ETH,crypto flow + macro overlay favors short exposure,short,-2.290885983857048,-0.7421252223128008,0.9823785849373741,1.0,1.5137867860544778,1909.071653214207,True,[]
2025-11-14 00:00:00-05:00,BTC,crypto flow + macro overlay favors short exposure,short,-2.286994682531209,-0.7482047209561387,0.9823785849373741,1.0,1.5135555751186847,1905.8289021093408,True,[]
2025-11-14 00:00:00-05:00,TSLA,stock flow + macro overlay favors short exposure,flat,,-0.7452457975779415,0.9823785849373741,1.0,0.48366823713509144,0.0,False,"['weak_signal', 'insufficient_net_edge']"
2025-11-14 00:00:00-05:00,EURUSD,forex flow + macro overlay favors long exposure,flat,,0.7409982398425448,0.9823785849373741,1.0,0.48260634770124233,0.0,False,"['weak_signal', 'insufficient_net_edge']"
2025-11-14 00:00:00-05:00,NVDA,stock flow + macro overlay favors short exposure,flat,,-0.7303043678389648,0.9823785849373741,1.0,0.47993287970034726,0.0,False,"['weak_signal', 'insufficient_net_edge']"
2025-11-14 00:00:00-05:00,SPY,stock flow + macro overlay favors short exposure,flat,,-0.7217841680288586,0.9823785849373741,1.0,0.47780282974782073,0.0,False,"['weak_signal', 'insufficient_net_edge']"
2025-11-14 00:00:00-05:00,SILVER,metal flow + macro overlay favors long exposure,flat,,0.7186231150986369,0.9823785849373741,1.0,0.47701256651526536,0.0,False,"['weak_signal', 'insufficient_net_edge']"
2025-11-14 00:00:00-05:00,MCD,stock flow + macro overlay favors short exposure,flat,,0.7068589697098655,0.9823785849373741,1.0,0.47407153016807246,0.0,False,"['weak_signal', 'insufficient_net_edge']"
2025-11-14 00:00:00-05:00,GOLD,metal flow + macro overlay favors long exposure,flat,,0.6151247737500246,0.9823785849373741,1.0,0.4511379811781122,0.0,False,"['weak_signal', 'insufficient_net_edge']"
2025-11-14 00:00:00-05:00,GOOG,stock flow + macro overlay favors short exposure,flat,,-0.6031645426885989,0.9823785849373741,1.0,0.4481479234127558,0.0,False,"['weak_signal', 'insufficient_net_edge']"
2025-11-14 00:00:00-05:00,AUDUSD,forex flow + macro overlay favors long exposure,flat,,0.4634165706911959,0.9823785849373741,1.0,0.41321093041340506,0.0,False,"['weak_signal', 'insufficient_net_edge']"
2025-11-14 00:00:00-05:00,COPPER,metal flow + macro overlay favors long exposure,flat,,0.1803158410999559,0.9823785849373741,1.0,0.34243574801559507,0.0,False,"['weak_signal', 'insufficient_net_edge']"
2025-11-15 00:00:00-05:00,SOL,crypto flow + macro overlay favors short exposure,short,-2.212107710421004,-0.7233120042239503,0.9777877636931847,1.0,1.472944635299417,1843.4230920175034,True,[]
2025-11-15 00:00:00-05:00,ETH,crypto flow + macro overlay favors short exposure,short,-2.2111622914983706,-0.7240756952955514,0.9777877636931847,1.0,1.4727101195521324,1842.635242915309,True,[]
2025-11-15 00:00:00-05:00,BTC,crypto flow + macro overlay favors short exposure,long,2.1965332273052414,-0.7480514653843728,0.9777877636931847,1.0,1.4721209831874296,1830.4443560877014,True,[]
2025-11-15 00:00:00-05:00,XRP,crypto flow + macro overlay favors short exposure,short,-1.7735476088287598,-0.6165823342668001,0.9777877636931847,1.0,1.2489101720936195,1477.9563406906334,True,[]
2025-11-15 00:00:00-05:00,TSLA,stock flow + macro overlay favors long exposure,flat,,-0.7339135993131276,0.9777877636931847,1.0,0.48014656438225956,0.0,False,"['weak_signal', 'insufficient_net_edge']"
2025-11-15 00:00:00-05:00,SPY,stock flow + macro overlay favors long exposure,flat,,-0.7332284878658177,0.9777877636931847,1.0,0.4799752865204321,0.0,False,"['weak_signal', 'insufficient_net_edge']"
2025-11-15 00:00:00-05:00,EURUSD,forex flow + macro overlay favors long exposure,flat,,0.6564899398182124,0.9777877636931847,1.0,0.46079064950853077,0.0,False,"['weak_signal', 'insufficient_net_edge']"
2025-11-15 00:00:00-05:00,NVDA,stock flow + macro overlay favors long exposure,flat,,-0.3240813946095829,0.9777877636931847,1.0,0.3776885132063734,0.0,False,"['weak_signal', 'insufficient_net_edge']"
2025-11-15 00:00:00-05:00,GOOG,stock flow + macro overlay favors long exposure,flat,,-0.26602462342724587,0.9777877636931847,1.0,0.3631743204107891,0.0,False,"['weak_signal', 'insufficient_net_edge']"
2025-11-15 00:00:00-05:00,GOLD,metal flow + macro overlay favors long exposure,flat,,-0.2254718922159738,0.9777877636931847,1.0,0.35303613760797115,0.0,False,"['weak_signal', 'insufficient_net_edge']"
2025-11-15 00:00:00-05:00,AUDUSD,forex flow + macro overlay favors long exposure,flat,,0.2066281770543737,0.9777877636931847,1.0,0.3483252088175711,0.0,False,"['weak_signal', 'insufficient_net_edge']"
2025-11-15 00:00:00-05:00,COPPER,metal flow + macro overlay favors long exposure,flat,,0.17454188198237602,0.9777877636931847,1.0,0.34030363504957173,0.0,False,"['weak_signal', 'insufficient_net_edge']"
2025-11-15 00:00:00-05:00,SILVER,metal flow + macro overlay favors long exposure,flat,,-0.14149297369999028,0.9777877636931847,1.0,0.33204140797897524,0.0,False,"['weak_signal', 'insufficient_net_edge']"
2025-11-15 00:00:00-05:00,MCD,stock flow + macro overlay favors long exposure,flat,,0.12867620283797587,0.9777877636931847,1.0,0.32883721526347165,0.0,False,"['weak_signal', 'insufficient_net_edge']"
2025-11-16 00:00:00-05:00,SOL,crypto flow + macro overlay favors short exposure,short,-2.1575087141420806,-0.7291947070146614,0.9790311148224975,0.9642857142857144,1.4446751224838332,1797.923928451734,False,['report_invalid']
2025-11-16 00:00:00-05:00,BTC,crypto flow + macro overlay favors short exposure,long,2.1461090481713616,-0.7473215840233658,0.9790311148224975,0.9642857142857144,1.4440769920491858,1788.4242068094682,False,['report_invalid']
2025-11-16 00:00:00-05:00,XRP,crypto flow + macro overlay favors short exposure,long,1.5240064500193018,-0.7329932181724936,0.9790311148224975,0.9642857142857144,1.160548731418041,1270.0053750160848,False,['report_invalid']
2025-11-16 00:00:00-05:00,ETH,crypto flow + macro overlay favors short exposure,short,-0.47694621391052927,-0.7325590167948719,0.9790311148224975,0.9642857142857144,0.689263074824688,397.4551782587744,False,"['report_invalid', 'weak_signal']"
2025-11-16 00:00:00-05:00,AUDUSD,forex flow + macro overlay favors long exposure,flat,,0.0,0.9790311148224975,0.9642857142857144,0.2914975243662318,0.0,False,"['report_invalid', 'weak_signal', 'insufficient_net_edge']"
2025-11-16 00:00:00-05:00,COPPER,metal flow + macro overlay favors long exposure,flat,,0.0,0.9790311148224975,0.9642857142857144,0.2914975243662318,0.0,False,"['report_invalid', 'weak_signal', 'insufficient_net_edge']"
2025-11-16 00:00:00-05:00,EURUSD,forex flow + macro overlay favors long exposure,flat,,0.0,0.9790311148224975,0.9642857142857144,0.2914975243662318,0.0,False,"['report_invalid', 'weak_signal', 'insufficient_net_edge']"
2025-11-16 00:00:00-05:00,GOLD,metal flow + macro overlay favors long exposure,flat,,0.0,0.9790311148224975,0.9642857142857144,0.2914975243662318,0.0,False,"['report_invalid', 'weak_signal', 'insufficient_net_edge']"
2025-11-16 00:00:00-05:00,GOOG,stock flow + macro overlay favors long exposure,flat,,0.0,0.9790311148224975,0.9642857142857144,0.2914975243662318,0.0,False,"['report_invalid', 'weak_signal', 'insufficient_net_edge']"
2025-11-16 00:00:00-05:00,MCD,stock flow + macro overlay favors long exposure,flat,,0.0,0.9790311148224975,0.9642857142857144,0.2914975243662318,0.0,False,"['report_invalid', 'weak_signal', 'insufficient_net_edge']"
2025-11-16 00:00:00-05:00,NVDA,stock flow + macro overlay favors long exposure,flat,,0.0,0.9790311148224975,0.9642857142857144,0.2914975243662318,0.0,False,"['report_invalid', 'weak_signal', 'insufficient_net_edge']"
2025-11-16 00:00:00-05:00,SILVER,metal flow + macro overlay favors long exposure,flat,,0.0,0.9790311148224975,0.9642857142857144,0.2914975243662318,0.0,False,"['report_invalid', 'weak_signal', 'insufficient_net_edge']"
2025-11-16 00:00:00-05:00,SPY,stock flow + macro overlay favors long exposure,flat,,0.0,0.9790311148224975,0.9642857142857144,0.2914975243662318,0.0,False,"['report_invalid', 'weak_signal', 'insufficient_net_edge']"
2025-11-16 00:00:00-05:00,TSLA,stock flow + macro overlay favors long exposure,flat,,0.0,0.9790311148224975,0.9642857142857144,0.2914975243662318,0.0,False,"['report_invalid', 'weak_signal', 'insufficient_net_edge']"
2025-11-17 00:00:00-05:00,ETH,crypto flow + macro overlay favors short exposure,short,-2.6483801619836247,0.05229799741439034,0.9800890868786808,0.9642857142857144,1.496501792420888,2206.9834683196873,False,['report_invalid']
2025-11-17 00:00:00-05:00,SOL,crypto flow + macro overlay favors short exposure,short,-2.446974677695476,-0.2902930133588924,0.9800890868786808,0.9642857142857144,1.4653680784773468,2039.1455647462303,False,['report_invalid']
2025-11-17 00:00:00-05:00,XRP,crypto flow + macro overlay favors short exposure,short,-2.402726668073058,-0.364974541272965,0.9800890868786808,0.9642857142857144,1.4641268561257765,2002.2722233942152,False,['report_invalid']
2025-11-17 00:00:00-05:00,BTC,crypto flow + macro overlay favors short exposure,long,0.6657965197007879,-0.6704183837616132,0.9800890868786808,0.9642857142857144,0.7588692499804172,554.83043308399,False,"['report_invalid', 'weak_signal']"
2025-11-17 00:00:00-05:00,GOLD,metal flow + macro overlay favors long exposure,flat,,-0.7434256924036181,0.9800890868786808,0.9642857142857144,0.47751264327556386,0.0,False,"['report_invalid', 'weak_signal', 'insufficient_net_edge']"
2025-11-17 00:00:00-05:00,SILVER,metal flow + macro overlay favors long exposure,flat,,-0.7162842400920213,0.9800890868786808,0.9642857142857144,0.47072728019766463,0.0,False,"['report_invalid', 'weak_signal', 'insufficient_net_edge']"
2025-11-17 00:00:00-05:00,EURUSD,forex flow + macro overlay favors short exposure,flat,,-0.6683160210711309,0.9800890868786808,0.9642857142857144,0.45873522544244205,0.0,False,"['report_invalid', 'weak_signal', 'insufficient_net_edge']"
2025-11-17 00:00:00-05:00,COPPER,metal flow + macro overlay favors long exposure,flat,,-0.5574318435578343,0.9800890868786808,0.9642857142857144,0.4310141810641178,0.0,False,"['report_invalid', 'weak_signal', 'insufficient_net_edge']"
2025-11-17 00:00:00-05:00,AUDUSD,forex flow + macro overlay favors short exposure,flat,,-0.41386747891606235,0.9800890868786808,0.9642857142857144,0.39512308990367484,0.0,False,"['report_invalid', 'weak_signal', 'insufficient_net_edge']"
2025-11-17 00:00:00-05:00,GOOG,stock flow + macro overlay favors long exposure,flat,,0.0,0.9800890868786808,0.9642857142857144,0.2916562201746593,0.0,False,"['report_invalid', 'weak_signal', 'insufficient_net_edge']"
2025-11-17 00:00:00-05:00,MCD,stock flow + macro overlay favors long exposure,flat,,0.0,0.9800890868786808,0.9642857142857144,0.2916562201746593,0.0,False,"['report_invalid', 'weak_signal', 'insufficient_net_edge']"
2025-11-17 00:00:00-05:00,NVDA,stock flow + macro overlay favors long exposure,flat,,0.0,0.9800890868786808,0.9642857142857144,0.2916562201746593,0.0,False,"['report_invalid', 'weak_signal', 'insufficient_net_edge']"
2025-11-17 00:00:00-05:00,SPY,stock flow + macro overlay favors long exposure,flat,,0.0,0.9800890868786808,0.9642857142857144,0.2916562201746593,0.0,False,"['report_invalid', 'weak_signal', 'insufficient_net_edge']"
2025-11-17 00:00:00-05:00,TSLA,stock flow + macro overlay favors long exposure,flat,,0.0,0.9800890868786808,0.9642857142857144,0.2916562201746593,0.0,False,"['report_invalid', 'weak_signal', 'insufficient_net_edge']"
2025-11-18 00:00:00-05:00,EURUSD,forex flow + macro overlay favors short exposure,long,2.6941656994200223,-0.47110789516592194,0.9660850939726111,1.0,1.625064302626382,13470.82849710011,True,[]
2025-11-18 00:00:00-05:00,AUDUSD,forex flow + macro overlay favors short exposure,long,2.537197450983064,-0.7339396532600331,0.9660850939726111,1.0,1.6201365303532786,12685.98725491532,True,[]
2025-11-18 00:00:00-05:00,SILVER,metal flow + macro overlay favors short exposure,long,2.559663462013936,-0.5450423725812767,0.9660850939726111,1.0,1.5830219151474818,6399.15865503484,True,[]
2025-11-18 00:00:00-05:00,COPPER,metal flow + macro overlay favors short exposure,long,2.460949280333937,-0.7107840194137903,0.9660850939726111,1.0,1.5800359450996107,6152.373200834842,True,[]
2025-11-18 00:00:00-05:00,GOLD,metal flow + macro overlay favors short exposure,long,2.4747553811357865,-0.684931826445951,0.9660850939726111,1.0,1.579785642218483,6186.888452839466,True,[]
2025-11-18 00:00:00-05:00,SOL,crypto flow + macro overlay favors short exposure,short,-2.22068507906559,-0.6576073694505089,0.9660850939726111,1.0,1.4586228920380342,1850.5708992213251,True,[]
2025-11-18 00:00:00-05:00,ETH,crypto flow + macro overlay favors short exposure,short,-2.2210048885120326,-0.65626234657365,0.9660850939726111,1.0,1.4584305505697186,1850.8374070933608,True,[]
2025-11-18 00:00:00-05:00,XRP,crypto flow + macro overlay favors short exposure,short,-2.2164008881758193,-0.6643416840337332,0.9660850939726111,1.0,1.4583785847834436,1847.0007401465161,True,[]
2025-11-18 00:00:00-05:00,BTC,crypto flow + macro overlay favors short exposure,short,-2.1669367943499287,-0.7459698332774302,0.9660850939726111,1.0,1.456526779872717,1805.780661958274,True,[]
2025-11-18 00:00:00-05:00,SPY,stock flow + macro overlay favors short exposure,flat,,-0.7103158846154384,0.9660850939726111,1.0,0.4724917352497513,0.0,False,"['weak_signal', 'insufficient_net_edge']"
2025-11-18 00:00:00-05:00,NVDA,stock flow + macro overlay favors short exposure,flat,,-0.6295536641013361,0.9660850939726111,1.0,0.45230118012122567,0.0,False,"['weak_signal', 'insufficient_net_edge']"
2025-11-18 00:00:00-05:00,MCD,stock flow + macro overlay favors short exposure,flat,,-0.3436360450990398,0.9660850939726111,1.0,0.3808217753706516,0.0,False,"['weak_signal', 'insufficient_net_edge']"
2025-11-18 00:00:00-05:00,TSLA,stock flow + macro overlay favors short exposure,flat,,0.24048483654947578,0.9660850939726111,1.0,0.3550339732332606,0.0,False,"['weak_signal', 'insufficient_net_edge']"
2025-11-18 00:00:00-05:00,GOOG,stock flow + macro overlay favors short exposure,flat,,-0.22920848125467005,0.9660850939726111,1.0,0.35221488440955917,0.0,False,"['weak_signal', 'insufficient_net_edge']"
2025-11-19 00:00:00-05:00,AUDUSD,forex flow + macro overlay favors short exposure,long,2.9750208070986615,0.0,0.9749389042994112,1.0,1.6350001988393092,14875.104035493307,True,[]
2025-11-19 00:00:00-05:00,EURUSD,forex flow + macro overlay favors short exposure,long,2.9742900006791526,0.0,0.9749389042994112,1.0,1.6346713359505303,14871.450003395763,True,[]
2025-11-19 00:00:00-05:00,COPPER,metal flow + macro overlay favors short exposure,long,2.973531420040978,0.0,0.9749389042994112,1.0,1.6343299746633517,7433.828550102445,True,[]
2025-11-19 00:00:00-05:00,SILVER,metal flow + macro overlay favors short exposure,long,2.9728006136214695,0.0,0.9749389042994112,1.0,1.634001111774573,7432.001534053674,True,[]
2025-11-19 00:00:00-05:00,GOLD,metal flow + macro overlay favors short exposure,long,2.971826205062124,0.0,0.9749389042994112,1.0,1.6335626279228672,7429.565512655309,True,[]
2025-11-19 00:00:00-05:00,TSLA,stock flow + macro overlay favors short exposure,short,-2.9024581259285682,0.0,0.9749389042994112,1.0,1.6023469923127673,7256.1453148214205,True,[]
2025-11-19 00:00:00-05:00,GOOG,stock flow + macro overlay favors short exposure,long,2.902214523788732,0.0,0.9749389042994112,1.0,1.6022373713498408,7255.53630947183,True,[]
2025-11-19 00:00:00-05:00,SPY,stock flow + macro overlay favors short exposure,long,2.9019709216488954,0.0,0.9749389042994112,1.0,1.6021277503869145,7254.927304122238,True,[]
2025-11-19 00:00:00-05:00,MCD,stock flow + macro overlay favors short exposure,long,2.9012401152293865,0.0,0.9749389042994112,1.0,1.6017988874981355,7253.100288073466,True,[]
2025-11-19 00:00:00-05:00,SOL,crypto flow + macro overlay favors short exposure,short,-2.4624255942187956,-0.38716250380754424,0.9749389042994112,1.0,1.5011229789952556,2052.0213285156633,True,[]
2025-11-19 00:00:00-05:00,XRP,crypto flow + macro overlay favors short exposure,short,-2.379100965733866,-0.5256308810493666,0.9749389042994112,1.0,1.498243990487493,1982.5841381115551,True,[]
2025-11-19 00:00:00-05:00,ETH,crypto flow + macro overlay favors short exposure,short,-2.323393174414341,-0.6180711963488477,0.9749389042994112,1.0,1.496285563218577,1936.1609786786178,True,[]
2025-11-19 00:00:00-05:00,BTC,crypto flow + macro overlay favors short exposure,short,-2.2596928689807596,-0.7238323685050896,0.9749389042994112,1.0,1.4940607188125257,1883.0773908172998,True,[]
2025-11-19 00:00:00-05:00,NVDA,stock flow + macro overlay favors short exposure,long,2.6387222731746287,0.0,0.9749389042994112,1.0,1.4836658585734945,6596.805682936571,True,[]
2025-11-20 00:00:00-05:00,SOL,crypto flow + macro overlay favors short exposure,short,-2.999217865641989,0.4236673733260874,0.9831412022493292,1.0,1.7530360632078161,2499.348221368324,True,[]
2025-11-20 00:00:00-05:00,ETH,crypto flow + macro overlay favors short exposure,short,-2.3734899203566977,-0.6184005283499431,0.9831412022493292,1.0,1.520141776585399,1977.908266963915,True,[]
2025-11-20 00:00:00-05:00,BTC,crypto flow + macro overlay favors short exposure,short,-0.6042079653412302,-0.5865367374361499,0.9831412022493292,1.0,0.7159989490999904,503.5066377843586,False,['weak_signal']
2025-11-20 00:00:00-05:00,XRP,crypto flow + macro overlay favors short exposure,short,-0.3511527980121104,-0.6302389136574291,0.9831412022493292,1.0,0.6130496678572064,292.62733167675873,False,['weak_signal']
2025-11-20 00:00:00-05:00,EURUSD,forex flow + macro overlay favors short exposure,flat,,-0.7410037698876459,0.9831412022493292,1.0,0.4827221228093108,0.0,False,"['weak_signal', 'insufficient_net_edge']"
2025-11-20 00:00:00-05:00,AUDUSD,forex flow + macro overlay favors short exposure,flat,,-0.7186766158671862,0.9831412022493292,1.0,0.4771403343041959,0.0,False,"['weak_signal', 'insufficient_net_edge']"
2025-11-20 00:00:00-05:00,COPPER,metal flow + macro overlay favors long exposure,flat,,-0.26696316364754635,0.9831412022493292,1.0,0.36421197124928595,0.0,False,"['weak_signal', 'insufficient_net_edge']"
2025-11-20 00:00:00-05:00,SILVER,metal flow + macro overlay favors long exposure,flat,,0.26222178179941935,0.9831412022493292,1.0,0.3630266257872542,0.0,False,"['weak_signal', 'insufficient_net_edge']"
2025-11-20 00:00:00-05:00,GOLD,metal flow + macro overlay favors long exposure,flat,,0.0723640715160214,0.9831412022493292,1.0,0.31556219821640474,0.0,False,"['weak_signal', 'insufficient_net_edge']"
2025-11-20 00:00:00-05:00,GOOG,stock flow + macro overlay favors long exposure,flat,,0.0,0.9831412022493292,1.0,0.2974711803373994,0.0,False,"['weak_signal', 'insufficient_net_edge']"
2025-11-20 00:00:00-05:00,MCD,stock flow + macro overlay favors long exposure,flat,,0.0,0.9831412022493292,1.0,0.2974711803373994,0.0,False,"['weak_signal', 'insufficient_net_edge']"
2025-11-20 00:00:00-05:00,NVDA,stock flow + macro overlay favors long exposure,flat,,0.0,0.9831412022493292,1.0,0.2974711803373994,0.0,False,"['weak_signal', 'insufficient_net_edge']"
2025-11-20 00:00:00-05:00,SPY,stock flow + macro overlay favors long exposure,flat,,0.0,0.9831412022493292,1.0,0.2974711803373994,0.0,False,"['weak_signal', 'insufficient_net_edge']"
2025-11-20 00:00:00-05:00,TSLA,stock flow + macro overlay favors long exposure,flat,,0.0,0.9831412022493292,1.0,0.2974711803373994,0.0,False,"['weak_signal', 'insufficient_net_edge']"
2025-11-21 00:00:00-05:00,SOL,crypto flow + macro overlay favors short exposure,short,-2.450710828322822,-0.2958734007466848,0.9758223571981386,1.0,1.4731615765116617,2042.2590236023518,True,[]
2025-11-21 00:00:00-05:00,ETH,crypto flow + macro overlay favors short exposure,short,-2.22354434401781,-0.6736722007889162,0.9758223571981386,1.0,1.4653863585849642,1852.953620014842,True,[]
2025-11-21 00:00:00-05:00,BTC,crypto flow + macro overlay favors short exposure,short,-2.2230299031123084,-0.6741235987316916,0.9758223571981386,1.0,1.4652677096631823,1852.524919260257,True,[]
2025-11-21 00:00:00-05:00,XRP,crypto flow + macro overlay favors short exposure,short,-2.200329011808151,-0.7127704247047417,0.9758223571981386,1.0,1.4647140150695739,1833.6075098401259,True,[]
2025-11-21 00:00:00-05:00,EURUSD,forex flow + macro overlay favors short exposure,flat,,-0.7229808566855815,0.9758223571981386,1.0,0.47711856775111616,0.0,False,"['weak_signal', 'insufficient_net_edge']"
2025-11-21 00:00:00-05:00,AUDUSD,forex flow + macro overlay favors short exposure,flat,,-0.6897556543242829,0.9758223571981386,1.0,0.4688122671607915,0.0,False,"['weak_signal', 'insufficient_net_edge']"
2025-11-21 00:00:00-05:00,SPY,stock flow + macro overlay favors short exposure,flat,,-0.6782990724897822,0.9758223571981386,1.0,0.4659481217021664,0.0,False,"['weak_signal', 'insufficient_net_edge']"
2025-11-21 00:00:00-05:00,TSLA,stock flow + macro overlay favors short exposure,flat,,-0.5247066341091704,0.9758223571981386,1.0,0.4275500121070134,0.0,False,"['weak_signal', 'insufficient_net_edge']"
2025-11-21 00:00:00-05:00,GOLD,metal flow + macro overlay favors long exposure,flat,,0.4619108403411101,0.9758223571981386,1.0,0.41185106366499835,0.0,False,"['weak_signal', 'insufficient_net_edge']"
2025-11-21 00:00:00-05:00,GOOG,stock flow + macro overlay favors short exposure,flat,,0.43395306652386934,0.9758223571981386,1.0,0.40486162021068817,0.0,False,"['weak_signal', 'insufficient_net_edge']"
2025-11-21 00:00:00-05:00,NVDA,stock flow + macro overlay favors short exposure,flat,,-0.3615977475101933,0.9758223571981386,1.0,0.3867727904572691,0.0,False,"['weak_signal', 'insufficient_net_edge']"
2025-11-21 00:00:00-05:00,SILVER,metal flow + macro overlay favors long exposure,flat,,-0.17804870604068038,0.9758223571981386,1.0,0.34088553008989086,0.0,False,"['weak_signal', 'insufficient_net_edge']"
2025-11-21 00:00:00-05:00,MCD,stock flow + macro overlay favors short exposure,flat,,-0.13318746806034099,0.9758223571981386,1.0,0.329670220594806,0.0,False,"['weak_signal', 'insufficient_net_edge']"
2025-11-21 00:00:00-05:00,COPPER,metal flow + macro overlay favors long exposure,flat,,-0.08573600258892028,0.9758223571981386,1.0,0.31780735422695083,0.0,False,"['weak_signal', 'insufficient_net_edge']"
2025-11-22 00:00:00-05:00,SOL,crypto flow + macro overlay favors short exposure,short,-2.172938837248693,-0.7231855377265,0.9768338359255349,1.0,1.455143936582367,1810.782364373911,True,[]
2025-11-22 00:00:00-05:00,ETH,crypto flow + macro overlay favors short exposure,short,-2.1633694022401,-0.7383225889413666,0.9768338359255349,1.0,1.454621953632217,1802.8078352000837,True,[]
2025-11-22 00:00:00-05:00,BTC,crypto flow + macro overlay favors short exposure,long,2.158794971835161,-0.7455406360498714,0.9768338359255349,1.0,1.4543679717271205,1798.9958098626344,True,[]
2025-11-22 00:00:00-05:00,XRP,crypto flow + macro overlay favors short exposure,long,1.6661741722596348,-0.7422027113321978,0.9768338359255349,1.0,1.2318541307387154,1388.478476883029,True,[]
2025-11-22 00:00:00-05:00,EURUSD,forex flow + macro overlay favors short exposure,flat,,-0.7349756767140664,0.9768338359255349,1.0,0.48026899456734684,0.0,False,"['weak_signal', 'insufficient_net_edge']"
2025-11-22 00:00:00-05:00,GOOG,stock flow + macro overlay favors long exposure,flat,,0.7293593616993712,0.9768338359255349,1.0,0.4788649158136731,0.0,False,"['weak_signal', 'insufficient_net_edge']"
2025-11-22 00:00:00-05:00,AUDUSD,forex flow + macro overlay favors short exposure,flat,,-0.6736172298153853,0.9768338359255349,1.0,0.4649293828426766,0.0,False,"['weak_signal', 'insufficient_net_edge']"
2025-11-22 00:00:00-05:00,MCD,stock flow + macro overlay favors long exposure,flat,,0.6246632790321762,0.9768338359255349,1.0,0.45269089514687433,0.0,False,"['weak_signal', 'insufficient_net_edge']"
2025-11-22 00:00:00-05:00,SILVER,metal flow + macro overlay favors short exposure,flat,,-0.5588824475163017,0.9768338359255349,1.0,0.4362456872679057,0.0,False,"['weak_signal', 'insufficient_net_edge']"
2025-11-22 00:00:00-05:00,COPPER,metal flow + macro overlay favors short exposure,flat,,0.37466162914402346,0.9768338359255349,1.0,0.3901904826748361,0.0,False,"['weak_signal', 'insufficient_net_edge']"
2025-11-22 00:00:00-05:00,TSLA,stock flow + macro overlay favors long exposure,flat,,-0.24494723841628022,0.9768338359255349,1.0,0.3577618849929003,0.0,False,"['weak_signal', 'insufficient_net_edge']"
2025-11-22 00:00:00-05:00,GOLD,metal flow + macro overlay favors short exposure,flat,,-0.23966808191532105,0.9768338359255349,1.0,0.3564420958676605,0.0,False,"['weak_signal', 'insufficient_net_edge']"
2025-11-22 00:00:00-05:00,NVDA,stock flow + macro overlay favors long exposure,flat,,-0.06688911762646968,0.9768338359255349,1.0,0.31324735479544763,0.0,False,"['weak_signal', 'insufficient_net_edge']"
2025-11-22 00:00:00-05:00,SPY,stock flow + macro overlay favors long exposure,flat,,0.019261896194729712,0.9768338359255349,1.0,0.30134054943751265,0.0,False,"['weak_signal', 'insufficient_net_edge']"
2025-11-23 00:00:00-05:00,XRP,crypto flow + macro overlay favors short exposure,long,2.356862086934574,-0.4952845634041515,0.982524197908279,0.9642857142857144,1.4764305668006952,1964.0517391121452,False,['report_invalid']
2025-11-23 00:00:00-05:00,ETH,crypto flow + macro overlay favors short exposure,long,2.233034473006898,-0.7050102683210867,0.982524197908279,0.9642857142857144,1.4731395667624747,1860.8620608390818,False,['report_invalid']
2025-11-23 00:00:00-05:00,SOL,crypto flow + macro overlay favors short exposure,short,-2.218444806773503,-0.7305804969408474,0.982524197908279,0.9642857142857144,1.472966774112387,1848.704005644586,False,['report_invalid']
2025-11-23 00:00:00-05:00,BTC,crypto flow + macro overlay favors short exposure,long,2.2129321793376677,-0.7387172479509626,0.982524197908279,0.9642857142857144,1.47252027951879,1844.1101494480565,False,['report_invalid']
2025-11-23 00:00:00-05:00,AUDUSD,forex flow + macro overlay favors long exposure,flat,,0.0,0.982524197908279,0.9642857142857144,0.292021486829099,0.0,False,"['report_invalid', 'weak_signal', 'insufficient_net_edge']"
2025-11-23 00:00:00-05:00,COPPER,metal flow + macro overlay favors long exposure,flat,,0.0,0.982524197908279,0.9642857142857144,0.292021486829099,0.0,False,"['report_invalid', 'weak_signal', 'insufficient_net_edge']"
2025-11-23 00:00:00-05:00,EURUSD,forex flow + macro overlay favors long exposure,flat,,0.0,0.982524197908279,0.9642857142857144,0.292021486829099,0.0,False,"['report_invalid', 'weak_signal', 'insufficient_net_edge']"
2025-11-23 00:00:00-05:00,GOLD,metal flow + macro overlay favors long exposure,flat,,0.0,0.982524197908279,0.9642857142857144,0.292021486829099,0.0,False,"['report_invalid', 'weak_signal', 'insufficient_net_edge']"
2025-11-23 00:00:00-05:00,GOOG,stock flow + macro overlay favors long exposure,flat,,0.0,0.982524197908279,0.9642857142857144,0.292021486829099,0.0,False,"['report_invalid', 'weak_signal', 'insufficient_net_edge']"
2025-11-23 00:00:00-05:00,MCD,stock flow + macro overlay favors long exposure,flat,,0.0,0.982524197908279,0.9642857142857144,0.292021486829099,0.0,False,"['report_invalid', 'weak_signal', 'insufficient_net_edge']"
2025-11-23 00:00:00-05:00,NVDA,stock flow + macro overlay favors long exposure,flat,,0.0,0.982524197908279,0.9642857142857144,0.292021486829099,0.0,False,"['report_invalid', 'weak_signal', 'insufficient_net_edge']"
2025-11-23 00:00:00-05:00,SILVER,metal flow + macro overlay favors long exposure,flat,,0.0,0.982524197908279,0.9642857142857144,0.292021486829099,0.0,False,"['report_invalid', 'weak_signal', 'insufficient_net_edge']"
2025-11-23 00:00:00-05:00,SPY,stock flow + macro overlay favors long exposure,flat,,0.0,0.982524197908279,0.9642857142857144,0.292021486829099,0.0,False,"['report_invalid', 'weak_signal', 'insufficient_net_edge']"
2025-11-23 00:00:00-05:00,TSLA,stock flow + macro overlay favors long exposure,flat,,0.0,0.982524197908279,0.9642857142857144,0.292021486829099,0.0,False,"['report_invalid', 'weak_signal', 'insufficient_net_edge']"
2025-11-24 00:00:00-05:00,XRP,crypto flow + macro overlay favors short exposure,short,-2.9592827359188756,0.5134692718627907,0.9826577258423612,0.9642857142857144,1.7520860651484031,2466.068946599063,False,['report_invalid']
2025-11-24 00:00:00-05:00,BTC,crypto flow + macro overlay favors short exposure,short,-2.7540872535247964,0.16607076341774663,0.9826577258423612,0.9642857142857144,1.5728984709598064,2295.072711270664,False,['report_invalid']
2025-11-24 00:00:00-05:00,ETH,crypto flow + macro overlay favors short exposure,short,-2.67228591917744,0.026850374292203022,0.9826577258423612,0.9642857142857144,1.50128277322211,2226.9049326478666,False,['report_invalid']
2025-11-24 00:00:00-05:00,SOL,crypto flow + macro overlay favors short exposure,short,-2.5619750938293153,-0.1611557607040694,0.9826577258423612,0.9642857142857144,1.4852192484184206,2134.9792448577628,False,['report_invalid']
2025-11-24 00:00:00-05:00,COPPER,metal flow + macro overlay favors short exposure,flat,,0.6046132579678766,0.9826577258423612,0.9642857142857144,0.44319483051118047,0.0,False,"['report_invalid', 'weak_signal', 'insufficient_net_edge']"
2025-11-24 00:00:00-05:00,AUDUSD,forex flow + macro overlay favors short exposure,flat,,0.5010995878399978,0.9826577258423612,0.9642857142857144,0.41731641297921074,0.0,False,"['report_invalid', 'weak_signal', 'insufficient_net_edge']"
2025-11-24 00:00:00-05:00,EURUSD,forex flow + macro overlay favors short exposure,flat,,-0.27011425980001136,0.9826577258423612,0.9642857142857144,0.35957008096921417,0.0,False,"['report_invalid', 'weak_signal', 'insufficient_net_edge']"
2025-11-24 00:00:00-05:00,SILVER,metal flow + macro overlay favors short exposure,flat,,0.2272453405936457,0.9826577258423612,0.9642857142857144,0.34885285116762277,0.0,False,"['report_invalid', 'weak_signal', 'insufficient_net_edge']"
2025-11-24 00:00:00-05:00,GOLD,metal flow + macro overlay favors short exposure,flat,,-0.19215173259073665,0.9826577258423612,0.9642857142857144,0.3400794491668955,0.0,False,"['report_invalid', 'weak_signal', 'insufficient_net_edge']"
2025-11-24 00:00:00-05:00,GOOG,stock flow + macro overlay favors long exposure,flat,,0.0,0.9826577258423612,0.9642857142857144,0.29204151601921136,0.0,False,"['report_invalid', 'weak_signal', 'insufficient_net_edge']"
2025-11-24 00:00:00-05:00,MCD,stock flow + macro overlay favors long exposure,flat,,0.0,0.9826577258423612,0.9642857142857144,0.29204151601921136,0.0,False,"['report_invalid', 'weak_signal', 'insufficient_net_edge']"
2025-11-24 00:00:00-05:00,NVDA,stock flow + macro overlay favors long exposure,flat,,0.0,0.9826577258423612,0.9642857142857144,0.29204151601921136,0.0,False,"['report_invalid', 'weak_signal', 'insufficient_net_edge']"
2025-11-24 00:00:00-05:00,SPY,stock flow + macro overlay favors long exposure,flat,,0.0,0.9826577258423612,0.9642857142857144,0.29204151601921136,0.0,False,"['report_invalid', 'weak_signal', 'insufficient_net_edge']"
2025-11-24 00:00:00-05:00,TSLA,stock flow + macro overlay favors long exposure,flat,,0.0,0.9826577258423612,0.9642857142857144,0.29204151601921136,0.0,False,"['report_invalid', 'weak_signal', 'insufficient_net_edge']"
2025-11-25 00:00:00-05:00,XRP,crypto flow + macro overlay favors short exposure,short,-3.0,0.7481343696552903,0.9827701185234226,1.0,1.8344491101923361,2500.0,True,[]
2025-11-25 00:00:00-05:00,COPPER,metal flow + macro overlay favors long exposure,long,3.0,0.7327452619453388,0.9827701185234226,1.0,1.8306018332648482,7500.0,True,[]
2025-11-25 00:00:00-05:00,SOL,crypto flow + macro overlay favors short exposure,short,-3.0,0.7307686862845844,0.9827701185234226,1.0,1.8301076893496595,2500.0,True,[]
2025-11-25 00:00:00-05:00,BTC,crypto flow + macro overlay favors short exposure,short,-3.0,0.7073130634616293,0.9827701185234226,1.0,1.8242437836439207,2500.0,True,[]
2025-11-25 00:00:00-05:00,ETH,crypto flow + macro overlay favors short exposure,short,-3.0,0.7013444863176468,0.9827701185234226,1.0,1.822751639357925,2500.0,True,[]
2025-11-25 00:00:00-05:00,GOLD,metal flow + macro overlay favors long exposure,long,3.0,0.6212131335028931,0.9827701185234226,1.0,1.8027188011542368,7500.0,True,[]
2025-11-25 00:00:00-05:00,SILVER,metal flow + macro overlay favors long exposure,long,3.0,0.5966456807761458,0.9827701185234226,1.0,1.7965769379725498,7500.0,True,[]
2025-11-25 00:00:00-05:00,AUDUSD,forex flow + macro overlay favors short exposure,long,3.0,0.09269545068768373,0.9827701185234226,1.0,1.6705893804504344,15000.0,True,[]
2025-11-25 00:00:00-05:00,EURUSD,forex flow + macro overlay favors short exposure,long,3.0,0.03192551014459022,0.9827701185234226,1.0,1.655396895314661,15000.0,True,[]
2025-11-25 00:00:00-05:00,GOOG,stock flow + macro overlay favors long exposure,flat,,0.7442176989125701,0.9827701185234226,1.0,0.48346994250665587,0.0,False,"['weak_signal', 'insufficient_net_edge']"
2025-11-25 00:00:00-05:00,TSLA,stock flow + macro overlay favors long exposure,flat,,0.7188167109229362,0.9827701185234226,1.0,0.4771196955092475,0.0,False,"['weak_signal', 'insufficient_net_edge']"
2025-11-25 00:00:00-05:00,SPY,stock flow + macro overlay favors long exposure,flat,,0.6357678734640458,0.9827701185234226,1.0,0.45635748614452487,0.0,False,"['weak_signal', 'insufficient_net_edge']"
2025-11-25 00:00:00-05:00,MCD,stock flow + macro overlay favors long exposure,flat,,-0.520802160878258,0.9827701185234226,1.0,0.4276160579980779,0.0,False,"['weak_signal', 'insufficient_net_edge']"
2025-11-25 00:00:00-05:00,NVDA,stock flow + macro overlay favors long exposure,flat,,-0.02439123158614653,0.9827701185234226,1.0,0.30351332567505,0.0,False,"['weak_signal', 'insufficient_net_edge']"
2025-11-26 00:00:00-05:00,SOL,crypto flow + macro overlay favors short exposure,short,-3.0,0.6617566144076645,0.9814772335118739,1.0,1.8126607386286973,2500.0,True,[]
2025-11-26 00:00:00-05:00,XRP,crypto flow + macro overlay favors short exposure,short,-3.0,0.6251109665230582,0.9814772335118739,1.0,1.8034993266575456,2500.0,True,[]
2025-11-26 00:00:00-05:00,ETH,crypto flow + macro overlay favors short exposure,short,-3.0,0.5633941259781827,0.9814772335118739,1.0,1.7880701165213269,2500.0,True,[]
2025-11-26 00:00:00-05:00,BTC,crypto flow + macro overlay favors short exposure,short,-3.0,0.26274312311070047,0.9814772335118739,1.0,1.7129073658044562,2500.0,True,[]
2025-11-26 00:00:00-05:00,AUDUSD,forex flow + macro overlay favors long exposure,long,3.0,0.0,0.9814772335118739,1.0,1.647221585026781,15000.0,True,[]
2025-11-26 00:00:00-05:00,COPPER,metal flow + macro overlay favors long exposure,long,3.0,0.0,0.9814772335118739,1.0,1.647221585026781,7500.0,True,[]
2025-11-26 00:00:00-05:00,EURUSD,forex flow + macro overlay favors long exposure,long,3.0,0.0,0.9814772335118739,1.0,1.647221585026781,15000.0,True,[]
2025-11-26 00:00:00-05:00,GOLD,metal flow + macro overlay favors long exposure,long,3.0,0.0,0.9814772335118739,1.0,1.647221585026781,7500.0,True,[]
2025-11-26 00:00:00-05:00,GOOG,stock flow + macro overlay favors long exposure,long,3.0,0.0,0.9814772335118739,1.0,1.647221585026781,7500.0,True,[]
2025-11-26 00:00:00-05:00,MCD,stock flow + macro overlay favors long exposure,long,3.0,0.0,0.9814772335118739,1.0,1.647221585026781,7500.0,True,[]
2025-11-26 00:00:00-05:00,NVDA,stock flow + macro overlay favors long exposure,long,3.0,0.0,0.9814772335118739,1.0,1.647221585026781,7500.0,True,[]
2025-11-26 00:00:00-05:00,SILVER,metal flow + macro overlay favors long exposure,long,3.0,0.0,0.9814772335118739,1.0,1.647221585026781,7500.0,True,[]
2025-11-26 00:00:00-05:00,SPY,stock flow + macro overlay favors long exposure,long,3.0,0.0,0.9814772335118739,1.0,1.647221585026781,7500.0,True,[]
2025-11-26 00:00:00-05:00,TSLA,stock flow + macro overlay favors long exposure,short,-3.0,0.0,0.9814772335118739,1.0,1.647221585026781,7500.0,True,[]
2025-11-27 00:00:00-05:00,SOL,crypto flow + macro overlay favors long exposure,short,-3.0,0.7258244720516674,0.9728500678316078,1.0,1.827383628187658,2500.0,True,[]
2025-11-27 00:00:00-05:00,ETH,crypto flow + macro overlay favors long exposure,short,-3.0,0.7184019961402037,0.9728500678316078,1.0,1.8255280092097919,2500.0,True,[]
2025-11-27 00:00:00-05:00,BTC,crypto flow + macro overlay favors long exposure,short,-3.0,0.7027118734781309,0.9728500678316078,1.0,1.821605478544274,2500.0,True,[]
2025-11-27 00:00:00-05:00,XRP,crypto flow + macro overlay favors long exposure,short,-3.0,0.6919597428087483,0.9728500678316078,1.0,1.8189174458769282,2500.0,True,[]
2025-11-27 00:00:00-05:00,COPPER,metal flow + macro overlay favors long exposure,flat,,0.7470595120048095,0.9728500678316078,1.0,0.4826923881759435,0.0,False,"['weak_signal', 'insufficient_net_edge']"
2025-11-27 00:00:00-05:00,AUDUSD,forex flow + macro overlay favors long exposure,flat,,0.7460173806457925,0.9728500678316078,1.0,0.48243185533618926,0.0,False,"['weak_signal', 'insufficient_net_edge']"
2025-11-27 00:00:00-05:00,SILVER,metal flow + macro overlay favors long exposure,flat,,0.7424731137225453,0.9728500678316078,1.0,0.48154578860537745,0.0,False,"['weak_signal', 'insufficient_net_edge']"
2025-11-27 00:00:00-05:00,GOLD,metal flow + macro overlay favors long exposure,flat,,0.7372033170939444,0.9728500678316078,1.0,0.4802283394482273,0.0,False,"['weak_signal', 'insufficient_net_edge']"
2025-11-27 00:00:00-05:00,EURUSD,forex flow + macro overlay favors long exposure,flat,,0.7328322386187593,0.9728500678316078,1.0,0.47913556982943095,0.0,False,"['weak_signal', 'insufficient_net_edge']"
2025-11-27 00:00:00-05:00,GOOG,stock flow + macro overlay favors long exposure,flat,,0.0,0.9728500678316078,1.0,0.29592751017474117,0.0,False,"['weak_signal', 'insufficient_net_edge']"
2025-11-27 00:00:00-05:00,MCD,stock flow + macro overlay favors long exposure,flat,,0.0,0.9728500678316078,1.0,0.29592751017474117,0.0,False,"['weak_signal', 'insufficient_net_edge']"
2025-11-27 00:00:00-05:00,NVDA,stock flow + macro overlay favors long exposure,flat,,0.0,0.9728500678316078,1.0,0.29592751017474117,0.0,False,"['weak_signal', 'insufficient_net_edge']"
2025-11-27 00:00:00-05:00,SPY,stock flow + macro overlay favors long exposure,flat,,0.0,0.9728500678316078,1.0,0.29592751017474117,0.0,False,"['weak_signal', 'insufficient_net_edge']"
2025-11-27 00:00:00-05:00,TSLA,stock flow + macro overlay favors long exposure,flat,,0.0,0.9728500678316078,1.0,0.29592751017474117,0.0,False,"['weak_signal', 'insufficient_net_edge']"
2025-11-28 00:00:00-05:00,ETH,crypto flow + macro overlay favors long exposure,short,-3.0,0.46500123079808686,0.9982793967781057,0.9642857142857144,1.7606350743590948,2500.0,False,['report_invalid']
2025-11-28 00:00:00-05:00,SOL,crypto flow + macro overlay favors long exposure,short,-3.0,0.1775732190020825,0.9982793967781057,0.9642857142857144,1.6887780714100937,2500.0,False,['report_invalid']
2025-11-28 00:00:00-05:00,XRP,crypto flow + macro overlay favors long exposure,short,-2.146634438824335,-0.3783921621618389,0.9982793967781057,0.9642857142857144,1.3549683046709833,1788.8620323536124,False,['report_invalid']
2025-11-28 00:00:00-05:00,BTC,crypto flow + macro overlay favors long exposure,long,0.08705492499062756,0.6066592657944947,0.9982793967781057,0.9642857142857144,0.48522429935397904,72.54577082552296,False,"['report_invalid', 'weak_signal']"
2025-11-28 00:00:00-05:00,AUDUSD,forex flow + macro overlay favors long exposure,flat,,0.7463435018792626,0.9982793967781057,0.9642857142857144,0.48097064212938867,0.0,False,"['report_invalid', 'weak_signal', 'insufficient_net_edge']"
2025-11-28 00:00:00-05:00,EURUSD,forex flow + macro overlay favors long exposure,flat,,0.7201603535902086,0.9982793967781057,0.9642857142857144,0.47442485505712517,0.0,False,"['report_invalid', 'weak_signal', 'insufficient_net_edge']"
2025-11-28 00:00:00-05:00,COPPER,metal flow + macro overlay favors long exposure,flat,,0.0,0.9982793967781057,0.9642857142857144,0.294384766659573,0.0,False,"['report_invalid', 'weak_signal', 'insufficient_net_edge']"
2025-11-28 00:00:00-05:00,GOLD,metal flow + macro overlay favors long exposure,flat,,0.0,0.9982793967781057,0.9642857142857144,0.294384766659573,0.0,False,"['report_invalid', 'weak_signal', 'insufficient_net_edge']"
2025-11-28 00:00:00-05:00,GOOG,stock flow + macro overlay favors long exposure,flat,,0.0,0.9982793967781057,0.9642857142857144,0.294384766659573,0.0,False,"['report_invalid', 'weak_signal', 'insufficient_net_edge']"
2025-11-28 00:00:00-05:00,MCD,stock flow + macro overlay favors long exposure,flat,,0.0,0.9982793967781057,0.9642857142857144,0.294384766659573,0.0,False,"['report_invalid', 'weak_signal', 'insufficient_net_edge']"
2025-11-28 00:00:00-05:00,NVDA,stock flow + macro overlay favors long exposure,flat,,0.0,0.9982793967781057,0.9642857142857144,0.294384766659573,0.0,False,"['report_invalid', 'weak_signal', 'insufficient_net_edge']"
2025-11-28 00:00:00-05:00,SILVER,metal flow + macro overlay favors long exposure,flat,,0.0,0.9982793967781057,0.9642857142857144,0.294384766659573,0.0,False,"['report_invalid', 'weak_signal', 'insufficient_net_edge']"
2025-11-28 00:00:00-05:00,SPY,stock flow + macro overlay favors long exposure,flat,,0.0,0.9982793967781057,0.9642857142857144,0.294384766659573,0.0,False,"['report_invalid', 'weak_signal', 'insufficient_net_edge']"
2025-11-28 00:00:00-05:00,TSLA,stock flow + macro overlay favors long exposure,flat,,0.0,0.9982793967781057,0.9642857142857144,0.294384766659573,0.0,False,"['report_invalid', 'weak_signal', 'insufficient_net_edge']"
2025-11-29 00:00:00-05:00,BTC,crypto flow + macro overlay favors long exposure,short,-3.0,0.6556258720795887,0.9865173037668868,1.0,1.8118840635849303,2500.0,True,[]
2025-11-29 00:00:00-05:00,ETH,crypto flow + macro overlay favors long exposure,short,-3.0,0.5550248009824446,0.9865173037668868,1.0,1.7867337958106442,2500.0,True,[]
2025-11-29 00:00:00-05:00,SOL,crypto flow + macro overlay favors long exposure,short,-2.9710986170017235,-0.08470265698472279,0.9865173037668868,1.0,1.6561476374619892,2475.915514168103,True,[]
2025-11-29 00:00:00-05:00,XRP,crypto flow + macro overlay favors long exposure,long,0.5694652570184366,0.047024561892442585,0.9865173037668868,1.0,0.5659931016964401,474.55438084869724,False,['weak_signal']
2025-11-29 00:00:00-05:00,SILVER,metal flow + macro overlay favors long exposure,flat,,0.7464913391335126,0.9865173037668868,1.0,0.48460043034841116,0.0,False,"['weak_signal', 'insufficient_net_edge']"
2025-11-29 00:00:00-05:00,COPPER,metal flow + macro overlay favors long exposure,flat,,0.7399375697622034,0.9865173037668868,1.0,0.4829619880055839,0.0,False,"['weak_signal', 'insufficient_net_edge']"
2025-11-29 00:00:00-05:00,AUDUSD,forex flow + macro overlay favors long exposure,flat,,0.716654838106592,0.9865173037668868,1.0,0.47714130509168107,0.0,False,"['weak_signal', 'insufficient_net_edge']"
2025-11-29 00:00:00-05:00,SPY,stock flow + macro overlay favors long exposure,flat,,0.5543065477768641,0.9865173037668868,1.0,0.4365542325092491,0.0,False,"['weak_signal', 'insufficient_net_edge']"
2025-11-29 00:00:00-05:00,TSLA,stock flow + macro overlay favors long exposure,flat,,0.5511038683445435,0.9865173037668868,1.0,0.43575356265116894,0.0,False,"['weak_signal', 'insufficient_net_edge']"
2025-11-29 00:00:00-05:00,GOLD,metal flow + macro overlay favors long exposure,flat,,0.519850610952909,0.9865173037668868,1.0,0.4279402483032603,0.0,False,"['weak_signal', 'insufficient_net_edge']"
2025-11-29 00:00:00-05:00,GOOG,stock flow + macro overlay favors long exposure,flat,,-0.4121380973465667,0.9865173037668868,1.0,0.40101211990167474,0.0,False,"['weak_signal', 'insufficient_net_edge']"
2025-11-29 00:00:00-05:00,MCD,stock flow + macro overlay favors long exposure,flat,,0.3572244588182632,0.9865173037668868,1.0,0.38728371026959885,0.0,False,"['weak_signal', 'insufficient_net_edge']"
2025-11-29 00:00:00-05:00,EURUSD,forex flow + macro overlay favors long exposure,flat,,0.1716764235065435,0.9865173037668868,1.0,0.34089670144166884,0.0,False,"['weak_signal', 'insufficient_net_edge']"
2025-11-29 00:00:00-05:00,NVDA,stock flow + macro overlay favors long exposure,flat,,-0.02584045743255641,0.9865173037668868,1.0,0.3044377099231721,0.0,False,"['weak_signal', 'insufficient_net_edge']"
2025-11-30 00:00:00-05:00,XRP,crypto flow + macro overlay favors short exposure,long,2.6808604971683057,-0.1588399664945923,0.9896365608123937,0.9642857142857144,1.5391855566141017,2234.0504143069215,False,['report_invalid']
2025-11-30 00:00:00-05:00,ETH,crypto flow + macro overlay favors short exposure,short,-2.5863324060061204,-0.3188452691428151,0.9896365608123937,0.9642857142857144,1.536649241253174,2155.2770050051004,False,['report_invalid']
2025-11-30 00:00:00-05:00,SOL,crypto flow + macro overlay favors short exposure,short,-2.3942106890163988,-0.6456820081369492,0.9896365608123937,0.9642857142857144,1.5319036533563328,1995.1755741803324,False,['report_invalid']
2025-11-30 00:00:00-05:00,BTC,crypto flow + macro overlay favors short exposure,long,1.0107810796600318,-0.13217280016398483,0.9896365608123937,0.9642857142857144,0.7809830271527268,842.3175663833599,False,['report_invalid']
2025-11-30 00:00:00-05:00,AUDUSD,forex flow + macro overlay favors long exposure,flat,,0.0,0.9896365608123937,0.9642857142857144,0.29308834126471617,0.0,False,"['report_invalid', 'weak_signal', 'insufficient_net_edge']"
2025-11-30 00:00:00-05:00,COPPER,metal flow + macro overlay favors long exposure,flat,,0.0,0.9896365608123937,0.9642857142857144,0.29308834126471617,0.0,False,"['report_invalid', 'weak_signal', 'insufficient_net_edge']"
2025-11-30 00:00:00-05:00,EURUSD,forex flow + macro overlay favors long exposure,flat,,0.0,0.9896365608123937,0.9642857142857144,0.29308834126471617,0.0,False,"['report_invalid', 'weak_signal', 'insufficient_net_edge']"
2025-11-30 00:00:00-05:00,GOLD,metal flow + macro overlay favors long exposure,flat,,0.0,0.9896365608123937,0.9642857142857144,0.29308834126471617,0.0,False,"['report_invalid', 'weak_signal', 'insufficient_net_edge']"
2025-11-30 00:00:00-05:00,GOOG,stock flow + macro overlay favors long exposure,flat,,0.0,0.9896365608123937,0.9642857142857144,0.29308834126471617,0.0,False,"['report_invalid', 'weak_signal', 'insufficient_net_edge']"
2025-11-30 00:00:00-05:00,MCD,stock flow + macro overlay favors long exposure,flat,,0.0,0.9896365608123937,0.9642857142857144,0.29308834126471617,0.0,False,"['report_invalid', 'weak_signal', 'insufficient_net_edge']"
2025-11-30 00:00:00-05:00,NVDA,stock flow + macro overlay favors long exposure,flat,,0.0,0.9896365608123937,0.9642857142857144,0.29308834126471617,0.0,False,"['report_invalid', 'weak_signal', 'insufficient_net_edge']"
2025-11-30 00:00:00-05:00,SILVER,metal flow + macro overlay favors long exposure,flat,,0.0,0.9896365608123937,0.9642857142857144,0.29308834126471617,0.0,False,"['report_invalid', 'weak_signal', 'insufficient_net_edge']"
2025-11-30 00:00:00-05:00,SPY,stock flow + macro overlay favors long exposure,flat,,0.0,0.9896365608123937,0.9642857142857144,0.29308834126471617,0.0,False,"['report_invalid', 'weak_signal', 'insufficient_net_edge']"
2025-11-30 00:00:00-05:00,TSLA,stock flow + macro overlay favors long exposure,flat,,0.0,0.9896365608123937,0.9642857142857144,0.29308834126471617,0.0,False,"['report_invalid', 'weak_signal', 'insufficient_net_edge']"
2025-12-01 00:00:00-05:00,XRP,crypto flow + macro overlay favors short exposure,short,-2.2340164847240644,-0.7028048850614204,0.9710628756071722,0.9642857142857144,1.4713109278751169,1861.6804039367205,False,['report_invalid']
2025-12-01 00:00:00-05:00,ETH,crypto flow + macro overlay favors short exposure,short,-2.22838816997688,-0.7119499610660067,0.9710628756071722,0.9642857142857144,1.4710644552400305,1856.9901416474002,False,['report_invalid']
2025-12-01 00:00:00-05:00,SOL,crypto flow + macro overlay favors short exposure,short,-2.212707794596179,-0.7393710900569535,0.9710628756071722,0.9642857142857144,1.4708635685664517,1843.9231621634826,False,['report_invalid']
2025-12-01 00:00:00-05:00,BTC,crypto flow + macro overlay favors short exposure,short,-2.220799022601908,-0.7244225106207776,0.9710628756071722,0.9642857142857144,1.4707674763099858,1850.6658521682566,False,['report_invalid']
2025-12-01 00:00:00-05:00,AUDUSD,forex flow + macro overlay favors long exposure,flat,,0.3321699680358407,0.9710628756071722,0.9642857142857144,0.3733447804928931,0.0,False,"['report_invalid', 'weak_signal', 'insufficient_net_edge']"
2025-12-01 00:00:00-05:00,EURUSD,forex flow + macro overlay favors long exposure,flat,,0.21818459923052475,0.9710628756071722,0.9642857142857144,0.3448484382915642,0.0,False,"['report_invalid', 'weak_signal', 'insufficient_net_edge']"
2025-12-01 00:00:00-05:00,COPPER,metal flow + macro overlay favors long exposure,flat,,0.0,0.9710628756071722,0.9642857142857144,0.29030228848393297,0.0,False,"['report_invalid', 'weak_signal', 'insufficient_net_edge']"
2025-12-01 00:00:00-05:00,GOLD,metal flow + macro overlay favors long exposure,flat,,0.0,0.9710628756071722,0.9642857142857144,0.29030228848393297,0.0,False,"['report_invalid', 'weak_signal', 'insufficient_net_edge']"
2025-12-01 00:00:00-05:00,GOOG,stock flow + macro overlay favors long exposure,flat,,0.0,0.9710628756071722,0.9642857142857144,0.29030228848393297,0.0,False,"['report_invalid', 'weak_signal', 'insufficient_net_edge']"
2025-12-01 00:00:00-05:00,MCD,stock flow + macro overlay favors long exposure,flat,,0.0,0.9710628756071722,0.9642857142857144,0.29030228848393297,0.0,False,"['report_invalid', 'weak_signal', 'insufficient_net_edge']"
2025-12-01 00:00:00-05:00,NVDA,stock flow + macro overlay favors long exposure,flat,,0.0,0.9710628756071722,0.9642857142857144,0.29030228848393297,0.0,False,"['report_invalid', 'weak_signal', 'insufficient_net_edge']"
2025-12-01 00:00:00-05:00,SILVER,metal flow + macro overlay favors long exposure,flat,,0.0,0.9710628756071722,0.9642857142857144,0.29030228848393297,0.0,False,"['report_invalid', 'weak_signal', 'insufficient_net_edge']"
2025-12-01 00:00:00-05:00,SPY,stock flow + macro overlay favors long exposure,flat,,0.0,0.9710628756071722,0.9642857142857144,0.29030228848393297,0.0,False,"['report_invalid', 'weak_signal', 'insufficient_net_edge']"
2025-12-01 00:00:00-05:00,TSLA,stock flow + macro overlay favors long exposure,flat,,0.0,0.9710628756071722,0.9642857142857144,0.29030228848393297,0.0,False,"['report_invalid', 'weak_signal', 'insufficient_net_edge']"
2025-12-02 00:00:00-05:00,SILVER,metal flow + macro overlay favors long exposure,long,3.0,0.3510081426741213,0.9706870926425029,1.0,1.7333550995649059,7500.0,True,[]
2025-12-02 00:00:00-05:00,COPPER,metal flow + macro overlay favors long exposure,long,2.9852806708579864,-0.3130891451054786,0.9706870926425029,1.0,1.717251652058839,7463.201677144965,True,[]
2025-12-02 00:00:00-05:00,EURUSD,forex flow + macro overlay favors long exposure,long,3.0,0.2189172150134965,0.9706870926425029,1.0,1.7003323676497495,15000.0,True,[]
2025-12-02 00:00:00-05:00,AUDUSD,forex flow + macro overlay favors long exposure,long,3.0,0.10507619446016599,0.9706870926425029,1.0,1.6718721125114169,15000.0,True,[]
2025-12-02 00:00:00-05:00,GOLD,metal flow + macro overlay favors long exposure,long,3.0,0.0589168308872775,0.9706870926425029,1.0,1.6603322716181947,7500.0,True,[]
2025-12-02 00:00:00-05:00,BTC,crypto flow + macro overlay favors short exposure,short,-2.2842766775399563,-0.6591035498354119,0.9706870926425029,1.0,1.4883034562482087,1903.5638979499638,True,[]
2025-12-02 00:00:00-05:00,XRP,crypto flow + macro overlay favors short exposure,short,-2.24925915602769,-0.7182780928219765,0.9706870926425029,1.0,1.4873392073143301,1874.3826300230753,True,[]
2025-12-02 00:00:00-05:00,SOL,crypto flow + macro overlay favors short exposure,short,-2.2443984342162207,-0.7267852994074864,0.9706870926425029,1.0,1.487278684145546,1870.3320285135173,True,[]
2025-12-02 00:00:00-05:00,ETH,crypto flow + macro overlay favors short exposure,short,-2.240273987736638,-0.7328473697406694,0.9706870926425029,1.0,1.4869382008130299,1866.894989780532,True,[]
2025-12-02 00:00:00-05:00,MCD,stock flow + macro overlay favors short exposure,flat,,-0.6370361990577333,0.9706870926425029,1.0,0.45486211366080875,0.0,False,"['weak_signal', 'insufficient_net_edge']"
2025-12-02 00:00:00-05:00,NVDA,stock flow + macro overlay favors short exposure,flat,,0.5256677026743799,0.9706870926425029,1.0,0.42701998956497045,0.0,False,"['weak_signal', 'insufficient_net_edge']"
2025-12-02 00:00:00-05:00,GOOG,stock flow + macro overlay favors short exposure,flat,,-0.41610198124788766,0.9706870926425029,1.0,0.39962855920834733,0.0,False,"['weak_signal', 'insufficient_net_edge']"
2025-12-02 00:00:00-05:00,SPY,stock flow + macro overlay favors short exposure,flat,,-0.1863836004023931,0.9706870926425029,1.0,0.3421989639969737,0.0,False,"['weak_signal', 'insufficient_net_edge']"
2025-12-02 00:00:00-05:00,TSLA,stock flow + macro overlay favors short exposure,flat,,-0.13788426826510217,0.9706870926425029,1.0,0.3300741309626509,0.0,False,"['weak_signal', 'insufficient_net_edge']"
2025-12-03 00:00:00-05:00,SOL,crypto flow + macro overlay favors short exposure,short,-3.0,0.5752389430804493,0.9907179850984882,1.0,1.7924174335348855,2500.0,True,[]
2025-12-03 00:00:00-05:00,BTC,crypto flow + macro overlay favors short exposure,short,-3.0,0.5052793348330293,0.9907179850984882,1.0,1.7749275314730306,2500.0,True,[]
2025-12-03 00:00:00-05:00,ETH,crypto flow + macro overlay favors short exposure,short,-3.0,0.35977531029726817,0.9907179850984882,1.0,1.7385515253390902,2500.0,True,[]
2025-12-03 00:00:00-05:00,AUDUSD,forex flow + macro overlay favors long exposure,long,3.0,0.0,0.9907179850984882,1.0,1.6486076977647732,15000.0,True,[]
2025-12-03 00:00:00-05:00,EURUSD,forex flow + macro overlay favors long exposure,long,3.0,0.0,0.9907179850984882,1.0,1.6486076977647732,15000.0,True,[]
2025-12-03 00:00:00-05:00,XRP,crypto flow + macro overlay favors short exposure,short,-2.956633382546639,0.058075932056841334,0.9907179850984882,1.0,1.643611702924971,2463.861152122199,True,[]
2025-12-03 00:00:00-05:00,COPPER,metal flow + macro overlay favors long exposure,flat,,0.0,0.9907179850984882,1.0,0.29860769776477325,0.0,False,"['weak_signal', 'insufficient_net_edge']"
2025-12-03 00:00:00-05:00,GOLD,metal flow + macro overlay favors long exposure,flat,,0.0,0.9907179850984882,1.0,0.29860769776477325,0.0,False,"['weak_signal', 'insufficient_net_edge']"
2025-12-03 00:00:00-05:00,GOOG,stock flow + macro overlay favors long exposure,flat,,0.0,0.9907179850984882,1.0,0.29860769776477325,0.0,False,"['weak_signal', 'insufficient_net_edge']"
2025-12-03 00:00:00-05:00,MCD,stock flow + macro overlay favors long exposure,flat,,0.0,0.9907179850984882,1.0,0.29860769776477325,0.0,False,"['weak_signal', 'insufficient_net_edge']"
2025-12-03 00:00:00-05:00,NVDA,stock flow + macro overlay favors long exposure,flat,,0.0,0.9907179850984882,1.0,0.29860769776477325,0.0,False,"['weak_signal', 'insufficient_net_edge']"
2025-12-03 00:00:00-05:00,SILVER,metal flow + macro overlay favors long exposure,flat,,0.0,0.9907179850984882,1.0,0.29860769776477325,0.0,False,"['weak_signal', 'insufficient_net_edge']"
2025-12-03 00:00:00-05:00,SPY,stock flow + macro overlay favors long exposure,flat,,0.0,0.9907179850984882,1.0,0.29860769776477325,0.0,False,"['weak_signal', 'insufficient_net_edge']"
2025-12-03 00:00:00-05:00,TSLA,stock flow + macro overlay favors long exposure,flat,,0.0,0.9907179850984882,1.0,0.29860769776477325,0.0,False,"['weak_signal', 'insufficient_net_edge']"
2025-12-04 00:00:00-05:00,ETH,crypto flow + macro overlay favors long exposure,short,-3.0,0.7484575404084113,0.98528538886324,1.0,1.8349071934315888,2500.0,True,[]
2025-12-04 00:00:00-05:00,SOL,crypto flow + macro overlay favors long exposure,short,-3.0,0.7468789836532099,0.98528538886324,1.0,1.8345125542427885,2500.0,True,[]
2025-12-04 00:00:00-05:00,BTC,crypto flow + macro overlay favors long exposure,short,-3.0,0.7415635201270063,0.98528538886324,1.0,1.8331836883612376,2500.0,True,[]
2025-12-04 00:00:00-05:00,XRP,crypto flow + macro overlay favors long exposure,short,-3.0,0.7029551879885821,0.98528538886324,1.0,1.8235316053266315,2500.0,True,[]
2025-12-04 00:00:00-05:00,AUDUSD,forex flow + macro overlay favors long exposure,flat,,0.7445984189727506,0.98528538886324,1.0,0.4839424130726736,0.0,False,"['weak_signal', 'insufficient_net_edge']"
2025-12-04 00:00:00-05:00,EURUSD,forex flow + macro overlay favors long exposure,flat,,0.713834599390752,0.98528538886324,1.0,0.47625145817717396,0.0,False,"['weak_signal', 'insufficient_net_edge']"
2025-12-04 00:00:00-05:00,COPPER,metal flow + macro overlay favors long exposure,flat,,0.6106179735178865,0.98528538886324,1.0,0.45044730170895764,0.0,False,"['weak_signal', 'insufficient_net_edge']"
2025-12-04 00:00:00-05:00,GOLD,metal flow + macro overlay favors long exposure,flat,,-0.5442263557087006,0.98528538886324,1.0,0.43384939725666116,0.0,False,"['weak_signal', 'insufficient_net_edge']"
2025-12-04 00:00:00-05:00,SILVER,metal flow + macro overlay favors long exposure,flat,,0.29821796074168616,0.98528538886324,1.0,0.37234729851490755,0.0,False,"['weak_signal', 'insufficient_net_edge']"
2025-12-04 00:00:00-05:00,GOOG,stock flow + macro overlay favors long exposure,flat,,0.0,0.98528538886324,1.0,0.29779280832948596,0.0,False,"['weak_signal', 'insufficient_net_edge']"
2025-12-04 00:00:00-05:00,MCD,stock flow + macro overlay favors long exposure,flat,,0.0,0.98528538886324,1.0,0.29779280832948596,0.0,False,"['weak_signal', 'insufficient_net_edge']"
2025-12-04 00:00:00-05:00,NVDA,stock flow + macro overlay favors long exposure,flat,,0.0,0.98528538886324,1.0,0.29779280832948596,0.0,False,"['weak_signal', 'insufficient_net_edge']"
2025-12-04 00:00:00-05:00,SPY,stock flow + macro overlay favors long exposure,flat,,0.0,0.98528538886324,1.0,0.29779280832948596,0.0,False,"['weak_signal', 'insufficient_net_edge']"
2025-12-04 00:00:00-05:00,TSLA,stock flow + macro overlay favors long exposure,flat,,0.0,0.98528538886324,1.0,0.29779280832948596,0.0,False,"['weak_signal', 'insufficient_net_edge']"
2025-12-05 00:00:00-05:00,ETH,crypto flow + macro overlay favors short exposure,short,-3.0,0.7485442087208449,0.9885928185574273,1.0,1.8354249749638254,2500.0,True,[]
2025-12-05 00:00:00-05:00,SOL,crypto flow + macro overlay favors short exposure,short,-3.0,0.7242705456867182,0.9885928185574273,1.0,1.8293565592052936,2500.0,True,[]
2025-12-05 00:00:00-05:00,BTC,crypto flow + macro overlay favors short exposure,short,-3.0,0.7035204284535245,0.9885928185574273,1.0,1.8241690298969953,2500.0,True,[]
2025-12-05 00:00:00-05:00,XRP,crypto flow + macro overlay favors short exposure,short,-3.0,0.4928419795184551,0.9885928185574273,1.0,1.771499417663228,2500.0,True,[]
2025-12-05 00:00:00-05:00,COPPER,metal flow + macro overlay favors long exposure,flat,,0.7474797695217958,0.9885928185574273,1.0,0.48515886516406304,0.0,False,"['weak_signal', 'insufficient_net_edge']"
2025-12-05 00:00:00-05:00,TSLA,stock flow + macro overlay favors long exposure,flat,,0.7458662423774597,0.9885928185574273,1.0,0.484755483377979,0.0,False,"['weak_signal', 'insufficient_net_edge']"
2025-12-05 00:00:00-05:00,AUDUSD,forex flow + macro overlay favors long exposure,flat,,0.7448832280401491,0.9885928185574273,1.0,0.48450972979365137,0.0,False,"['weak_signal', 'insufficient_net_edge']"
2025-12-05 00:00:00-05:00,EURUSD,forex flow + macro overlay favors long exposure,flat,,0.6869621256004759,0.9885928185574273,1.0,0.4700294541837331,0.0,False,"['weak_signal', 'insufficient_net_edge']"
2025-12-05 00:00:00-05:00,NVDA,stock flow + macro overlay favors long exposure,flat,,0.5860462162066993,0.9885928185574273,1.0,0.4448004768352889,0.0,False,"['weak_signal', 'insufficient_net_edge']"
2025-12-05 00:00:00-05:00,MCD,stock flow + macro overlay favors long exposure,flat,,0.44886669960548786,0.9885928185574273,1.0,0.41050559768498607,0.0,False,"['weak_signal', 'insufficient_net_edge']"
2025-12-05 00:00:00-05:00,SILVER,metal flow + macro overlay favors long exposure,flat,,0.39735222385294267,0.9885928185574273,1.0,0.3976269787468497,0.0,False,"['weak_signal', 'insufficient_net_edge']"
2025-12-05 00:00:00-05:00,GOOG,stock flow + macro overlay favors long exposure,flat,,0.26056978389861774,0.9885928185574273,1.0,0.36343136875826854,0.0,False,"['weak_signal', 'insufficient_net_edge']"
2025-12-05 00:00:00-05:00,SPY,stock flow + macro overlay favors long exposure,flat,,0.24833771401944094,0.9885928185574273,1.0,0.3603733512884743,0.0,False,"['weak_signal', 'insufficient_net_edge']"
2025-12-05 00:00:00-05:00,GOLD,metal flow + macro overlay favors long exposure,flat,,-0.08846092543785211,0.9885928185574273,1.0,0.3204041541430771,0.0,False,"['weak_signal', 'insufficient_net_edge']"
2025-12-06 00:00:00-05:00,ETH,crypto flow + macro overlay favors long exposure,short,-2.9375476986135154,-0.1444527406426217,0.9948430196828819,1.0,1.6572361024891695,2447.956415511263,True,[]
2025-12-06 00:00:00-05:00,BTC,crypto flow + macro overlay favors long exposure,short,-2.656240979192453,-0.6128912694446655,0.9948430196828819,1.0,1.6477577109502024,2213.5341493270444,True,[]
2025-12-06 00:00:00-05:00,SOL,crypto flow + macro overlay favors long exposure,short,-2.6237019516119586,-0.6683409927780043,0.9948430196828819,1.0,1.6469775793723147,2186.4182930099655,True,[]
2025-12-06 00:00:00-05:00,XRP,crypto flow + macro overlay favors long exposure,short,-2.606362638900065,-0.6968338437314325,0.9948430196828819,1.0,1.6462981013903197,2171.9688657500546,True,[]
2025-12-06 00:00:00-05:00,MCD,stock flow + macro overlay favors long exposure,flat,,0.7455427812197022,0.9948430196828819,1.0,0.4856121482573579,0.0,False,"['weak_signal', 'insufficient_net_edge']"
2025-12-06 00:00:00-05:00,COPPER,metal flow + macro overlay favors long exposure,flat,,0.7451009680628105,0.9948430196828819,1.0,0.4855016949681349,0.0,False,"['weak_signal', 'insufficient_net_edge']"
2025-12-06 00:00:00-05:00,TSLA,stock flow + macro overlay favors long exposure,flat,,0.741789618766918,0.9948430196828819,1.0,0.4846738576441618,0.0,False,"['weak_signal', 'insufficient_net_edge']"
2025-12-06 00:00:00-05:00,AUDUSD,forex flow + macro overlay favors long exposure,flat,,0.7389347318401328,0.9948430196828819,1.0,0.48396013591246545,0.0,False,"['weak_signal', 'insufficient_net_edge']"
2025-12-06 00:00:00-05:00,GOOG,stock flow + macro overlay favors long exposure,flat,,0.37654863276339057,0.9948430196828819,1.0,0.3933636111432799,0.0,False,"['weak_signal', 'insufficient_net_edge']"
2025-12-06 00:00:00-05:00,SPY,stock flow + macro overlay favors long exposure,flat,,0.3367036889782902,0.9948430196828819,1.0,0.3834023751970048,0.0,False,"['weak_signal', 'insufficient_net_edge']"
2025-12-06 00:00:00-05:00,SILVER,metal flow + macro overlay favors long exposure,flat,,0.2721719389440742,0.9948430196828819,1.0,0.36726943768845083,0.0,False,"['weak_signal', 'insufficient_net_edge']"
2025-12-06 00:00:00-05:00,GOLD,metal flow + macro overlay favors long exposure,flat,,-0.16394398989712128,0.9948430196828819,1.0,0.34021245042671255,0.0,False,"['weak_signal', 'insufficient_net_edge']"
2025-12-06 00:00:00-05:00,NVDA,stock flow + macro overlay favors long exposure,flat,,0.1344360012428241,0.9948430196828819,1.0,0.3328354532631383,0.0,False,"['weak_signal', 'insufficient_net_edge']"
2025-12-06 00:00:00-05:00,EURUSD,forex flow + macro overlay favors long exposure,flat,,0.0,0.9948430196828819,1.0,0.2992264529524323,0.0,False,"['weak_signal', 'insufficient_net_edge']"
2025-12-07 00:00:00-05:00,BTC,crypto flow + macro overlay favors long exposure,long,2.6100395435457964,-0.6263704870995128,0.997540044637431,0.9642857142857144,1.6253842802089584,2175.0329529548303,False,['report_invalid']
2025-12-07 00:00:00-05:00,XRP,crypto flow + macro overlay favors long exposure,short,-2.592612348896836,-0.6567559154547797,0.997540044637431,0.9642857142857144,1.6251383997057427,2160.5102907473633,False,['report_invalid']
2025-12-07 00:00:00-05:00,SOL,crypto flow + macro overlay favors long exposure,short,-2.5709340953487145,-0.6939492583755609,0.997540044637431,0.9642857142857144,1.6246815213392833,2142.445079457262,False,['report_invalid']
2025-12-07 00:00:00-05:00,ETH,crypto flow + macro overlay favors long exposure,long,1.7644609684987012,-0.6158773948536038,0.997540044637431,0.9642857142857144,1.2422506483762883,1470.3841404155844,False,['report_invalid']
2025-12-07 00:00:00-05:00,AUDUSD,forex flow + macro overlay favors long exposure,flat,,0.0,0.997540044637431,0.9642857142857144,0.29427386383847176,0.0,False,"['report_invalid', 'weak_signal', 'insufficient_net_edge']"
2025-12-07 00:00:00-05:00,COPPER,metal flow + macro overlay favors long exposure,flat,,0.0,0.997540044637431,0.9642857142857144,0.29427386383847176,0.0,False,"['report_invalid', 'weak_signal', 'insufficient_net_edge']"
2025-12-07 00:00:00-05:00,EURUSD,forex flow + macro overlay favors long exposure,flat,,0.0,0.997540044637431,0.9642857142857144,0.29427386383847176,0.0,False,"['report_invalid', 'weak_signal', 'insufficient_net_edge']"
2025-12-07 00:00:00-05:00,GOLD,metal flow + macro overlay favors long exposure,flat,,0.0,0.997540044637431,0.9642857142857144,0.29427386383847176,0.0,False,"['report_invalid', 'weak_signal', 'insufficient_net_edge']"
2025-12-07 00:00:00-05:00,GOOG,stock flow + macro overlay favors long exposure,flat,,0.0,0.997540044637431,0.9642857142857144,0.29427386383847176,0.0,False,"['report_invalid', 'weak_signal', 'insufficient_net_edge']"
2025-12-07 00:00:00-05:00,MCD,stock flow + macro overlay favors long exposure,flat,,0.0,0.997540044637431,0.9642857142857144,0.29427386383847176,0.0,False,"['report_invalid', 'weak_signal', 'insufficient_net_edge']"
2025-12-07 00:00:00-05:00,NVDA,stock flow + macro overlay favors long exposure,flat,,0.0,0.997540044637431,0.9642857142857144,0.29427386383847176,0.0,False,"['report_invalid', 'weak_signal', 'insufficient_net_edge']"
2025-12-07 00:00:00-05:00,SILVER,metal flow + macro overlay favors long exposure,flat,,0.0,0.997540044637431,0.9642857142857144,0.29427386383847176,0.0,False,"['report_invalid', 'weak_signal', 'insufficient_net_edge']"
2025-12-07 00:00:00-05:00,SPY,stock flow + macro overlay favors long exposure,flat,,0.0,0.997540044637431,0.9642857142857144,0.29427386383847176,0.0,False,"['report_invalid', 'weak_signal', 'insufficient_net_edge']"
2025-12-07 00:00:00-05:00,TSLA,stock flow + macro overlay favors long exposure,flat,,0.0,0.997540044637431,0.9642857142857144,0.29427386383847176,0.0,False,"['report_invalid', 'weak_signal', 'insufficient_net_edge']"
2025-12-08 00:00:00-05:00,XRP,crypto flow + macro overlay favors short exposure,short,-2.827513863714731,-0.10018877065463543,0.9846924620479772,0.9642857142857144,1.5897751577853414,2356.2615530956095,False,['report_invalid']
2025-12-08 00:00:00-05:00,ETH,crypto flow + macro overlay favors short exposure,short,-2.716850915865194,-0.2875744361662437,0.9846924620479772,0.9642857142857144,1.5868232476309518,2264.042429887662,False,['report_invalid']
2025-12-08 00:00:00-05:00,SOL,crypto flow + macro overlay favors short exposure,short,-2.646108804595,-0.40843366242420975,0.9846924620479772,0.9642857142857144,1.5852041041238563,2205.0906704958334,False,['report_invalid']
2025-12-08 00:00:00-05:00,BTC,crypto flow + macro overlay favors short exposure,short,-2.446969149649768,-0.25998257941706504,0.9846924620479772,0.9642857142857144,1.4584784886467155,2039.1409580414734,False,['report_invalid']
2025-12-08 00:00:00-05:00,AUDUSD,forex flow + macro overlay favors long exposure,flat,,0.6123565571805869,0.9846924620479772,0.9642857142857144,0.44543586574520044,0.0,False,"['report_invalid', 'weak_signal', 'insufficient_net_edge']"
2025-12-08 00:00:00-05:00,COPPER,metal flow + macro overlay favors long exposure,flat,,0.1748041245053448,0.9846924620479772,0.9642857142857144,0.33604775757638994,0.0,False,"['report_invalid', 'weak_signal', 'insufficient_net_edge']"
2025-12-08 00:00:00-05:00,EURUSD,forex flow + macro overlay favors long exposure,flat,,-0.09310261170389288,0.9846924620479772,0.9642857142857144,0.315622379376027,0.0,False,"['report_invalid', 'weak_signal', 'insufficient_net_edge']"
2025-12-08 00:00:00-05:00,SILVER,metal flow + macro overlay favors long exposure,flat,,0.07605973664126951,0.9846924620479772,0.9642857142857144,0.3113616606103711,0.0,False,"['report_invalid', 'weak_signal', 'insufficient_net_edge']"
2025-12-08 00:00:00-05:00,GOLD,metal flow + macro overlay favors long exposure,flat,,-0.06990035519113137,0.9846924620479772,0.9642857142857144,0.3098218152478366,0.0,False,"['report_invalid', 'weak_signal', 'insufficient_net_edge']"
2025-12-08 00:00:00-05:00,GOOG,stock flow + macro overlay favors long exposure,flat,,0.0,0.9846924620479772,0.9642857142857144,0.2923467264500538,0.0,False,"['report_invalid', 'weak_signal', 'insufficient_net_edge']"
2025-12-08 00:00:00-05:00,MCD,stock flow + macro overlay favors long exposure,flat,,0.0,0.9846924620479772,0.9642857142857144,0.2923467264500538,0.0,False,"['report_invalid', 'weak_signal', 'insufficient_net_edge']"
2025-12-08 00:00:00-05:00,NVDA,stock flow + macro overlay favors long exposure,flat,,0.0,0.9846924620479772,0.9642857142857144,0.2923467264500538,0.0,False,"['report_invalid', 'weak_signal', 'insufficient_net_edge']"
2025-12-08 00:00:00-05:00,SPY,stock flow + macro overlay favors long exposure,flat,,0.0,0.9846924620479772,0.9642857142857144,0.2923467264500538,0.0,False,"['report_invalid', 'weak_signal', 'insufficient_net_edge']"
2025-12-08 00:00:00-05:00,TSLA,stock flow + macro overlay favors long exposure,flat,,0.0,0.9846924620479772,0.9642857142857144,0.2923467264500538,0.0,False,"['report_invalid', 'weak_signal', 'insufficient_net_edge']"
2025-12-09 00:00:00-05:00,ETH,crypto flow + macro overlay favors short exposure,short,-3.0,0.4175364728264895,0.9800520725991084,1.0,1.7513919290964886,2500.0,True,[]
2025-12-09 00:00:00-05:00,EURUSD,forex flow + macro overlay favors long exposure,short,-3.0,0.18404452066864244,0.9800520725991084,1.0,1.6930189410570269,15000.0,True,[]
2025-12-09 00:00:00-05:00,GOLD,metal flow + macro overlay favors long exposure,long,2.908653156184611,-0.31325151705364573,0.9800520725991084,1.0,1.6842146104363527,7271.6328904615275,True,[]
2025-12-09 00:00:00-05:00,AUDUSD,forex flow + macro overlay favors long exposure,short,-3.0,0.14238569626704228,0.9800520725991084,1.0,1.6826042349566268,15000.0,True,[]
2025-12-09 00:00:00-05:00,SILVER,metal flow + macro overlay favors long exposure,long,2.7984106426466786,-0.49861305388244254,0.9800520725991084,1.0,1.6809458635514822,6996.026606616696,True,[]
2025-12-09 00:00:00-05:00,COPPER,metal flow + macro overlay favors long exposure,long,2.7234553162237813,-0.6247566086197854,0.9800520725991084,1.0,1.678751855345514,6808.638290559453,True,[]
2025-12-09 00:00:00-05:00,XRP,crypto flow + macro overlay favors short exposure,short,-2.9290456644093465,0.11381379554299755,0.9800520725991084,1.0,1.6435318087598214,2440.871387007789,True,[]
2025-12-09 00:00:00-05:00,BTC,crypto flow + macro overlay favors short exposure,short,-2.8897129361229528,0.04907125553179494,0.9800520725991084,1.0,1.6096464460281439,2408.094113435794,True,[]
2025-12-09 00:00:00-05:00,SOL,crypto flow + macro overlay favors short exposure,short,-2.820870937149267,-0.0668834201235296,0.9800520725991084,1.0,1.5831205876379186,2350.7257809577227,True,[]
2025-12-09 00:00:00-05:00,NVDA,stock flow + macro overlay favors long exposure,flat,,0.72648257922654,0.9800520725991084,1.0,0.47862845569650125,0.0,False,"['weak_signal', 'insufficient_net_edge']"
2025-12-09 00:00:00-05:00,TSLA,stock flow + macro overlay favors long exposure,flat,,-0.6984928967050672,0.9800520725991084,1.0,0.471631035066133,0.0,False,"['weak_signal', 'insufficient_net_edge']"
2025-12-09 00:00:00-05:00,GOOG,stock flow + macro overlay favors long exposure,flat,,-0.56143267406086,0.9800520725991084,1.0,0.43736597940508126,0.0,False,"['weak_signal', 'insufficient_net_edge']"
2025-12-09 00:00:00-05:00,MCD,stock flow + macro overlay favors long exposure,flat,,-0.25349800311406184,0.9800520725991084,1.0,0.36038231166838175,0.0,False,"['weak_signal', 'insufficient_net_edge']"
2025-12-09 00:00:00-05:00,SPY,stock flow + macro overlay favors long exposure,flat,,-0.07031348118769765,0.9800520725991084,1.0,0.31458618118679066,0.0,False,"['weak_signal', 'insufficient_net_edge']"
2025-12-10 00:00:00-05:00,ETH,crypto flow + macro overlay favors long exposure,short,-3.0,0.7336995841725412,0.9851943249737183,1.0,1.831204044789193,2500.0,True,[]
2025-12-10 00:00:00-05:00,BTC,crypto flow + macro overlay favors long exposure,short,-3.0,0.5926528462321439,0.9851943249737183,1.0,1.7959423603040938,2500.0,True,[]
2025-12-10 00:00:00-05:00,SOL,crypto flow + macro overlay favors long exposure,short,-3.0,0.5732331335828553,0.9851943249737183,1.0,1.7910874321417716,2500.0,True,[]
2025-12-10 00:00:00-05:00,XRP,crypto flow + macro overlay favors long exposure,short,-3.0,0.29975379696330234,0.9851943249737183,1.0,1.7227175979868834,2500.0,True,[]
2025-12-10 00:00:00-05:00,AUDUSD,forex flow + macro overlay favors long exposure,short,-3.0,0.0,0.9851943249737183,1.0,1.6477791487460578,15000.0,True,[]
2025-12-10 00:00:00-05:00,COPPER,metal flow + macro overlay favors long exposure,long,3.0,0.0,0.9851943249737183,1.0,1.6477791487460578,7500.0,True,[]
2025-12-10 00:00:00-05:00,EURUSD,forex flow + macro overlay favors long exposure,short,-3.0,0.0,0.9851943249737183,1.0,1.6477791487460578,15000.0,True,[]
2025-12-10 00:00:00-05:00,GOLD,metal flow + macro overlay favors long exposure,long,3.0,0.0,0.9851943249737183,1.0,1.6477791487460578,7500.0,True,[]
2025-12-10 00:00:00-05:00,GOOG,stock flow + macro overlay favors long exposure,long,3.0,0.0,0.9851943249737183,1.0,1.6477791487460578,7500.0,True,[]
2025-12-10 00:00:00-05:00,NVDA,stock flow + macro overlay favors long exposure,short,-3.0,0.0,0.9851943249737183,1.0,1.6477791487460578,7500.0,True,[]
2025-12-10 00:00:00-05:00,SILVER,metal flow + macro overlay favors long exposure,long,3.0,0.0,0.9851943249737183,1.0,1.6477791487460578,7500.0,True,[]
2025-12-10 00:00:00-05:00,SPY,stock flow + macro overlay favors long exposure,long,3.0,0.0,0.9851943249737183,1.0,1.6477791487460578,7500.0,True,[]
2025-12-10 00:00:00-05:00,TSLA,stock flow + macro overlay favors long exposure,long,3.0,0.0,0.9851943249737183,1.0,1.6477791487460578,7500.0,True,[]
2025-12-10 00:00:00-05:00,MCD,stock flow + macro overlay favors long exposure,short,-2.5575569468718626,0.0,0.9851943249737183,1.0,1.448679774838396,6393.8923671796565,True,[]
2025-12-11 00:00:00-05:00,ETH,crypto flow + macro overlay favors long exposure,short,-3.0,0.46179258546029706,0.9797787974140778,1.0,1.762414965977186,2500.0,True,[]
2025-12-11 00:00:00-05:00,BTC,crypto flow + macro overlay favors long exposure,short,-2.957708224842627,-0.20243780069022005,0.9797787974140778,1.0,1.6785449709638487,2464.756854035523,True,[]
2025-12-11 00:00:00-05:00,SOL,crypto flow + macro overlay favors long exposure,short,-2.8260733396911695,-0.42304728664183106,0.9797787974140778,1.0,1.6744616441335956,2355.061116409308,True,[]
2025-12-11 00:00:00-05:00,XRP,crypto flow + macro overlay favors long exposure,short,-2.8118283813638625,-0.4463828802876151,0.9797787974140778,1.0,1.6738853112977534,2343.190317803219,True,[]
2025-12-11 00:00:00-05:00,SILVER,metal flow + macro overlay favors long exposure,flat,,0.7437606478226262,0.9797787974140778,1.0,0.48290698156776823,0.0,False,"['weak_signal', 'insufficient_net_edge']"
2025-12-11 00:00:00-05:00,COPPER,metal flow + macro overlay favors long exposure,flat,,-0.6691851907729667,0.9797787974140778,1.0,0.4642631173053533,0.0,False,"['weak_signal', 'insufficient_net_edge']"
2025-12-11 00:00:00-05:00,EURUSD,forex flow + macro overlay favors long exposure,flat,,0.586963866078514,0.9797787974140778,1.0,0.4437077861317402,0.0,False,"['weak_signal', 'insufficient_net_edge']"
2025-12-11 00:00:00-05:00,AUDUSD,forex flow + macro overlay favors long exposure,flat,,-0.399321650428309,0.9797787974140778,1.0,0.39679723221918894,0.0,False,"['weak_signal', 'insufficient_net_edge']"
2025-12-11 00:00:00-05:00,GOLD,metal flow + macro overlay favors long exposure,flat,,-0.1935820121756323,0.9797787974140778,1.0,0.34536232265601974,0.0,False,"['weak_signal', 'insufficient_net_edge']"
2025-12-11 00:00:00-05:00,GOOG,stock flow + macro overlay favors long exposure,flat,,0.0,0.9797787974140778,1.0,0.2969668196121117,0.0,False,"['weak_signal', 'insufficient_net_edge']"
2025-12-11 00:00:00-05:00,MCD,stock flow + macro overlay favors long exposure,flat,,0.0,0.9797787974140778,1.0,0.2969668196121117,0.0,False,"['weak_signal', 'insufficient_net_edge']"
2025-12-11 00:00:00-05:00,NVDA,stock flow + macro overlay favors long exposure,flat,,0.0,0.9797787974140778,1.0,0.2969668196121117,0.0,False,"['weak_signal', 'insufficient_net_edge']"
2025-12-11 00:00:00-05:00,SPY,stock flow + macro overlay favors long exposure,flat,,0.0,0.9797787974140778,1.0,0.2969668196121117,0.0,False,"['weak_signal', 'insufficient_net_edge']"
2025-12-11 00:00:00-05:00,TSLA,stock flow + macro overlay favors long exposure,flat,,0.0,0.9797787974140778,1.0,0.2969668196121117,0.0,False,"['weak_signal', 'insufficient_net_edge']"
2025-12-12 00:00:00-05:00,ETH,crypto flow + macro overlay favors long exposure,short,-3.0,0.6444454320071115,0.9740562868326068,1.0,1.807219801026669,2500.0,True,[]
2025-12-12 00:00:00-05:00,BTC,crypto flow + macro overlay favors long exposure,short,-3.0,0.5864988558159758,0.9740562868326068,1.0,1.7927331569788851,2500.0,True,[]
2025-12-12 00:00:00-05:00,SOL,crypto flow + macro overlay favors long exposure,short,-3.0,0.481371104325949,0.9740562868326068,1.0,1.7664512191063784,2500.0,True,[]
2025-12-12 00:00:00-05:00,XRP,crypto flow + macro overlay favors long exposure,short,-3.0,-0.1710457941290388,0.9740562868326068,1.0,1.6888698915571507,2500.0,True,[]
2025-12-12 00:00:00-05:00,SILVER,metal flow + macro overlay favors long exposure,flat,,0.7499311760042051,0.9740562868326068,1.0,0.4835912370259423,0.0,False,"['weak_signal', 'insufficient_net_edge']"
2025-12-12 00:00:00-05:00,EURUSD,forex flow + macro overlay favors long exposure,flat,,0.7464162645888252,0.9740562868326068,1.0,0.4827125091720973,0.0,False,"['weak_signal', 'insufficient_net_edge']"
2025-12-12 00:00:00-05:00,NVDA,stock flow + macro overlay favors long exposure,flat,,-0.7425656647176411,0.9740562868326068,1.0,0.48174985920430125,0.0,False,"['weak_signal', 'insufficient_net_edge']"
2025-12-12 00:00:00-05:00,GOLD,metal flow + macro overlay favors long exposure,flat,,0.73177182504277,0.9740562868326068,1.0,0.4790513992855835,0.0,False,"['weak_signal', 'insufficient_net_edge']"
2025-12-12 00:00:00-05:00,COPPER,metal flow + macro overlay favors long exposure,flat,,0.7004952306933295,0.9740562868326068,1.0,0.4712322506982234,0.0,False,"['weak_signal', 'insufficient_net_edge']"
2025-12-12 00:00:00-05:00,AUDUSD,forex flow + macro overlay favors long exposure,flat,,0.6567210277864286,0.9740562868326068,1.0,0.4602886999714981,0.0,False,"['weak_signal', 'insufficient_net_edge']"
2025-12-12 00:00:00-05:00,TSLA,stock flow + macro overlay favors long exposure,flat,,0.4721447683051824,0.9740562868326068,1.0,0.4141446351011866,0.0,False,"['weak_signal', 'insufficient_net_edge']"
2025-12-12 00:00:00-05:00,SPY,stock flow + macro overlay favors long exposure,flat,,0.20294359374121135,0.9740562868326068,1.0,0.34684434146019383,0.0,False,"['weak_signal', 'insufficient_net_edge']"
2025-12-12 00:00:00-05:00,MCD,stock flow + macro overlay favors long exposure,flat,,0.08098320298793271,0.9740562868326068,1.0,0.31635424377187416,0.0,False,"['weak_signal', 'insufficient_net_edge']"
2025-12-12 00:00:00-05:00,GOOG,stock flow + macro overlay favors long exposure,flat,,-0.035687315252074955,0.9740562868326068,1.0,0.30503027183790976,0.0,False,"['weak_signal', 'insufficient_net_edge']"
2025-12-13 00:00:00-05:00,XRP,crypto flow + macro overlay favors long exposure,short,-2.758881663187088,-0.4371293956287553,0.9953906042228065,1.0,1.6500876879747994,2299.0680526559067,True,[]
2025-12-13 00:00:00-05:00,BTC,crypto flow + macro overlay favors long exposure,short,-2.707456090551096,-0.5220266762226203,0.9953906042228065,1.0,1.6481705004370693,2256.21340879258,True,[]
2025-12-13 00:00:00-05:00,SOL,crypto flow + macro overlay favors long exposure,short,-2.676919132745077,-0.5741396165985005,0.9953906042228065,1.0,1.6474571045183308,2230.765943954231,True,[]
2025-12-13 00:00:00-05:00,ETH,crypto flow + macro overlay favors long exposure,long,2.3909978331341066,-0.7127573702211433,0.9953906042228065,1.0,1.5534469580990549,1992.4981942784223,True,[]
2025-12-13 00:00:00-05:00,EURUSD,forex flow + macro overlay favors long exposure,flat,,0.749353039718565,0.9953906042228065,1.0,0.4866468505630622,0.0,False,"['weak_signal', 'insufficient_net_edge']"
2025-12-13 00:00:00-05:00,NVDA,stock flow + macro overlay favors long exposure,flat,,-0.7464423006877926,0.9953906042228065,1.0,0.4859191658053691,0.0,False,"['weak_signal', 'insufficient_net_edge']"
2025-12-13 00:00:00-05:00,GOOG,stock flow + macro overlay favors long exposure,flat,,-0.7269710010707344,0.9953906042228065,1.0,0.4810513409011046,0.0,False,"['weak_signal', 'insufficient_net_edge']"
2025-12-13 00:00:00-05:00,GOLD,metal flow + macro overlay favors long exposure,flat,,0.7245567776658988,0.9953906042228065,1.0,0.4804477850498957,0.0,False,"['weak_signal', 'insufficient_net_edge']"
2025-12-13 00:00:00-05:00,TSLA,stock flow + macro overlay favors long exposure,flat,,0.6951399617996925,0.9953906042228065,1.0,0.4730935810833441,0.0,False,"['weak_signal', 'insufficient_net_edge']"
2025-12-13 00:00:00-05:00,AUDUSD,forex flow + macro overlay favors long exposure,flat,,0.3825671349693957,0.9953906042228065,1.0,0.39495037437576985,0.0,False,"['weak_signal', 'insufficient_net_edge']"
2025-12-13 00:00:00-05:00,MCD,stock flow + macro overlay favors long exposure,flat,,0.33737140196650883,0.9953906042228065,1.0,0.3836514411250482,0.0,False,"['weak_signal', 'insufficient_net_edge']"
2025-12-13 00:00:00-05:00,SILVER,metal flow + macro overlay favors long exposure,flat,,0.13773954844602224,0.9953906042228065,1.0,0.3337434777449265,0.0,False,"['weak_signal', 'insufficient_net_edge']"
2025-12-13 00:00:00-05:00,SPY,stock flow + macro overlay favors long exposure,flat,,-0.12399923272343105,0.9953906042228065,1.0,0.33030839881427876,0.0,False,"['weak_signal', 'insufficient_net_edge']"
2025-12-13 00:00:00-05:00,COPPER,metal flow + macro overlay favors long exposure,flat,,-0.10159701919223323,0.9953906042228065,1.0,0.32470784543147924,0.0,False,"['weak_signal', 'insufficient_net_edge']"
2025-12-14 00:00:00-05:00,SOL,crypto flow + macro overlay favors long exposure,short,-3.0,0.2076522116553367,0.9974626414204995,0.9642857142857144,1.6961753062697662,2500.0,False,['report_invalid']
2025-12-14 00:00:00-05:00,BTC,crypto flow + macro overlay favors long exposure,long,2.950545535775191,-0.050864233157578154,0.9974626414204995,0.9642857142857144,1.6347238027441626,2458.787946479326,False,['report_invalid']
2025-12-14 00:00:00-05:00,ETH,crypto flow + macro overlay favors long exposure,long,2.6947672169471035,-0.48531829291708917,0.9974626414204995,0.9642857142857144,1.628237074211401,2245.63934745592,False,['report_invalid']
2025-12-14 00:00:00-05:00,XRP,crypto flow + macro overlay favors long exposure,short,-1.4053068487795792,0.02595612615116642,0.9974626414204995,0.9642857142857144,0.9331393668445344,1171.0890406496494,False,['report_invalid']
2025-12-14 00:00:00-05:00,AUDUSD,forex flow + macro overlay favors long exposure,flat,,0.0,0.9974626414204995,0.9642857142857144,0.29426225335593204,0.0,False,"['report_invalid', 'weak_signal', 'insufficient_net_edge']"
2025-12-14 00:00:00-05:00,COPPER,metal flow + macro overlay favors long exposure,flat,,0.0,0.9974626414204995,0.9642857142857144,0.29426225335593204,0.0,False,"['report_invalid', 'weak_signal', 'insufficient_net_edge']"
2025-12-14 00:00:00-05:00,EURUSD,forex flow + macro overlay favors long exposure,flat,,0.0,0.9974626414204995,0.9642857142857144,0.29426225335593204,0.0,False,"['report_invalid', 'weak_signal', 'insufficient_net_edge']"
2025-12-14 00:00:00-05:00,GOLD,metal flow + macro overlay favors long exposure,flat,,0.0,0.9974626414204995,0.9642857142857144,0.29426225335593204,0.0,False,"['report_invalid', 'weak_signal', 'insufficient_net_edge']"
2025-12-14 00:00:00-05:00,GOOG,stock flow + macro overlay favors long exposure,flat,,0.0,0.9974626414204995,0.9642857142857144,0.29426225335593204,0.0,False,"['report_invalid', 'weak_signal', 'insufficient_net_edge']"
2025-12-14 00:00:00-05:00,MCD,stock flow + macro overlay favors long exposure,flat,,0.0,0.9974626414204995,0.9642857142857144,0.29426225335593204,0.0,False,"['report_invalid', 'weak_signal', 'insufficient_net_edge']"
2025-12-14 00:00:00-05:00,NVDA,stock flow + macro overlay favors long exposure,flat,,0.0,0.9974626414204995,0.9642857142857144,0.29426225335593204,0.0,False,"['report_invalid', 'weak_signal', 'insufficient_net_edge']"
2025-12-14 00:00:00-05:00,SILVER,metal flow + macro overlay favors long exposure,flat,,0.0,0.9974626414204995,0.9642857142857144,0.29426225335593204,0.0,False,"['report_invalid', 'weak_signal', 'insufficient_net_edge']"
2025-12-14 00:00:00-05:00,SPY,stock flow + macro overlay favors long exposure,flat,,0.0,0.9974626414204995,0.9642857142857144,0.29426225335593204,0.0,False,"['report_invalid', 'weak_signal', 'insufficient_net_edge']"
2025-12-14 00:00:00-05:00,TSLA,stock flow + macro overlay favors long exposure,flat,,0.0,0.9974626414204995,0.9642857142857144,0.29426225335593204,0.0,False,"['report_invalid', 'weak_signal', 'insufficient_net_edge']"
2025-12-15 00:00:00-05:00,XRP,crypto flow + macro overlay favors short exposure,short,-2.596915935736574,-0.3770909339121179,0.979904059197162,0.9642857142857144,1.5545133705819192,2164.096613113812,False,['report_invalid']
2025-12-15 00:00:00-05:00,SOL,crypto flow + macro overlay favors short exposure,short,-2.5026647357543994,-0.5374383677512933,0.979904059197162,0.9642857142857144,1.5521871890497343,2085.5539464619997,False,['report_invalid']
2025-12-15 00:00:00-05:00,ETH,crypto flow + macro overlay favors short exposure,long,2.46696014959012,-0.5972159613821311,0.979904059197162,0.9642857142857144,1.5510645236835183,2055.8001246584336,False,['report_invalid']
2025-12-15 00:00:00-05:00,BTC,crypto flow + macro overlay favors short exposure,long,2.263224772551079,-0.6136600104192043,0.979904059197162,0.9642857142857144,1.4634946162752178,1886.0206437925658,False,['report_invalid']
2025-12-15 00:00:00-05:00,GOLD,metal flow + macro overlay favors long exposure,flat,,0.7154623609293154,0.979904059197162,0.9642857142857144,0.47049405625476026,0.0,False,"['report_invalid', 'weak_signal', 'insufficient_net_edge']"
2025-12-15 00:00:00-05:00,COPPER,metal flow + macro overlay favors long exposure,flat,,-0.6147153116156916,0.979904059197162,0.9642857142857144,0.4453072939263544,0.0,False,"['report_invalid', 'weak_signal', 'insufficient_net_edge']"
2025-12-15 00:00:00-05:00,AUDUSD,forex flow + macro overlay favors long exposure,flat,,-0.6135319288972574,0.979904059197162,0.9642857142857144,0.44501144824674577,0.0,False,"['report_invalid', 'weak_signal', 'insufficient_net_edge']"
2025-12-15 00:00:00-05:00,SILVER,metal flow + macro overlay favors long exposure,flat,,-0.39978306223626986,0.979904059197162,0.9642857142857144,0.39157423158149895,0.0,False,"['report_invalid', 'weak_signal', 'insufficient_net_edge']"
2025-12-15 00:00:00-05:00,EURUSD,forex flow + macro overlay favors long exposure,flat,,-0.10478775180383094,0.979904059197162,0.9642857142857144,0.3178254039733892,0.0,False,"['report_invalid', 'weak_signal', 'insufficient_net_edge']"
2025-12-15 00:00:00-05:00,GOOG,stock flow + macro overlay favors long exposure,flat,,0.0,0.979904059197162,0.9642857142857144,0.2916284660224314,0.0,False,"['report_invalid', 'weak_signal', 'insufficient_net_edge']"
2025-12-15 00:00:00-05:00,MCD,stock flow + macro overlay favors long exposure,flat,,0.0,0.979904059197162,0.9642857142857144,0.2916284660224314,0.0,False,"['report_invalid', 'weak_signal', 'insufficient_net_edge']"
2025-12-15 00:00:00-05:00,NVDA,stock flow + macro overlay favors long exposure,flat,,0.0,0.979904059197162,0.9642857142857144,0.2916284660224314,0.0,False,"['report_invalid', 'weak_signal', 'insufficient_net_edge']"
2025-12-15 00:00:00-05:00,SPY,stock flow + macro overlay favors long exposure,flat,,0.0,0.979904059197162,0.9642857142857144,0.2916284660224314,0.0,False,"['report_invalid', 'weak_signal', 'insufficient_net_edge']"
2025-12-15 00:00:00-05:00,TSLA,stock flow + macro overlay favors long exposure,flat,,0.0,0.979904059197162,0.9642857142857144,0.2916284660224314,0.0,False,"['report_invalid', 'weak_signal', 'insufficient_net_edge']"
2025-12-16 00:00:00-05:00,EURUSD,forex flow + macro overlay favors long exposure,short,-3.0,0.2875665420583152,0.9784192993311278,1.0,1.718654530414248,15000.0,True,[]
2025-12-16 00:00:00-05:00,SILVER,metal flow + macro overlay favors long exposure,long,3.0,0.27529040633288576,0.9784192993311278,1.0,1.7155854964828905,7500.0,True,[]
2025-12-16 00:00:00-05:00,GOLD,metal flow + macro overlay favors long exposure,long,2.9148957168105767,-0.35116104676605886,0.9784192993311278,1.0,1.6962562291559433,7287.239292026441,True,[]
2025-12-16 00:00:00-05:00,COPPER,metal flow + macro overlay favors long exposure,long,3.0,-0.18568502616592167,0.9784192993311278,1.0,1.6931841514411494,7500.0,True,[]
2025-12-16 00:00:00-05:00,AUDUSD,forex flow + macro overlay favors long exposure,long,2.6576219063264337,-0.6188124843598201,0.9784192993311278,1.0,1.647395873836519,13288.109531632168,True,[]
2025-12-16 00:00:00-05:00,SOL,crypto flow + macro overlay favors short exposure,short,-2.434781842609226,-0.6071097668925912,0.9784192993311278,1.0,1.5441921657969686,2028.9848688410218,True,[]
2025-12-16 00:00:00-05:00,BTC,crypto flow + macro overlay favors short exposure,short,-2.376391565414027,-0.7032088848520743,0.9784192993311278,1.0,1.5419413205489998,1980.3263045116894,True,[]
2025-12-16 00:00:00-05:00,XRP,crypto flow + macro overlay favors short exposure,short,-2.3571526194793604,-0.7360858018759735,0.9784192993311278,1.0,1.5415030241343746,1964.2938495661338,True,[]
2025-12-16 00:00:00-05:00,ETH,crypto flow + macro overlay favors short exposure,short,-0.5057308172899602,-0.6625790831232218,0.9784192993311278,1.0,0.6899865334609567,421.4423477416335,False,['weak_signal']
2025-12-16 00:00:00-05:00,TSLA,stock flow + macro overlay favors long exposure,flat,,0.7003059401463071,0.9784192993311278,1.0,0.4718393799362459,0.0,False,"['weak_signal', 'insufficient_net_edge']"
2025-12-16 00:00:00-05:00,MCD,stock flow + macro overlay favors long exposure,flat,,0.5656789319267275,0.9784192993311278,1.0,0.4381826278813511,0.0,False,"['weak_signal', 'insufficient_net_edge']"
2025-12-16 00:00:00-05:00,GOOG,stock flow + macro overlay favors long exposure,flat,,-0.18880167968773665,0.9784192993311278,1.0,0.34396331482160336,0.0,False,"['weak_signal', 'insufficient_net_edge']"
2025-12-16 00:00:00-05:00,SPY,stock flow + macro overlay favors long exposure,flat,,-0.1310353153077117,0.9784192993311278,1.0,0.3295217237265971,0.0,False,"['weak_signal', 'insufficient_net_edge']"
2025-12-16 00:00:00-05:00,NVDA,stock flow + macro overlay favors long exposure,flat,,0.12928358354861108,0.9784192993311278,1.0,0.32908379078682193,0.0,False,"['weak_signal', 'insufficient_net_edge']"
2025-12-17 00:00:00-05:00,AUDUSD,forex flow + macro overlay favors long exposure,long,3.0,0.0,0.9739535948293416,1.0,1.6460930392244013,15000.0,True,[]
2025-12-17 00:00:00-05:00,COPPER,metal flow + macro overlay favors long exposure,long,3.0,0.0,0.9739535948293416,1.0,1.6460930392244013,7500.0,True,[]
2025-12-17 00:00:00-05:00,EURUSD,forex flow + macro overlay favors long exposure,short,-3.0,0.0,0.9739535948293416,1.0,1.6460930392244013,15000.0,True,[]
2025-12-17 00:00:00-05:00,GOLD,metal flow + macro overlay favors long exposure,long,3.0,0.0,0.9739535948293416,1.0,1.6460930392244013,7500.0,True,[]
2025-12-17 00:00:00-05:00,GOOG,stock flow + macro overlay favors long exposure,long,3.0,0.0,0.9739535948293416,1.0,1.6460930392244013,7500.0,True,[]
2025-12-17 00:00:00-05:00,MCD,stock flow + macro overlay favors long exposure,short,-3.0,0.0,0.9739535948293416,1.0,1.6460930392244013,7500.0,True,[]
2025-12-17 00:00:00-05:00,NVDA,stock flow + macro overlay favors long exposure,short,-3.0,0.0,0.9739535948293416,1.0,1.6460930392244013,7500.0,True,[]
2025-12-17 00:00:00-05:00,SILVER,metal flow + macro overlay favors long exposure,long,3.0,0.0,0.9739535948293416,1.0,1.6460930392244013,7500.0,True,[]
2025-12-17 00:00:00-05:00,TSLA,stock flow + macro overlay favors long exposure,long,3.0,0.0,0.9739535948293416,1.0,1.6460930392244013,7500.0,True,[]
2025-12-17 00:00:00-05:00,SOL,crypto flow + macro overlay favors short exposure,short,-2.448839848144152,-0.5141791146801507,0.9739535948293416,1.0,1.5266157495593073,2040.69987345346,True,[]
2025-12-17 00:00:00-05:00,XRP,crypto flow + macro overlay favors short exposure,short,-2.3510835110629387,-0.6767003395824458,0.9739535948293416,1.0,1.5232557040983352,1959.2362592191157,True,[]
2025-12-17 00:00:00-05:00,BTC,crypto flow + macro overlay favors short exposure,short,-2.352445089569164,-0.6736190349392821,0.9739535948293416,1.0,1.5230980882653455,1960.3709079743035,True,[]
2025-12-17 00:00:00-05:00,ETH,crypto flow + macro overlay favors short exposure,short,-2.3451399535550985,-0.6862002651957849,0.9739535948293416,1.0,1.5229560846231418,1954.283294629249,True,[]
2025-12-17 00:00:00-05:00,SPY,stock flow + macro overlay favors long exposure,long,2.471087921777678,0.0,0.9739535948293416,1.0,1.4080826040243564,6177.719804444195,True,[]
2025-12-18 00:00:00-05:00,BTC,crypto flow + macro overlay favors short exposure,long,2.3783803560624572,-0.6210645274339861,0.981369359062144,1.0,1.5227426959459238,1981.9836300520478,True,[]
2025-12-18 00:00:00-05:00,SOL,crypto flow + macro overlay favors short exposure,short,-2.3501937949365663,-0.6692601400096523,0.981369359062144,1.0,1.5221076465831895,1958.4948291138055,True,[]
2025-12-18 00:00:00-05:00,XRP,crypto flow + macro overlay favors short exposure,short,-2.315602904779352,-0.7265056200386156,0.981369359062144,1.0,1.5208531160196839,1929.669087316127,True,[]
2025-12-18 00:00:00-05:00,ETH,crypto flow + macro overlay favors short exposure,long,2.311061403513744,-0.7336687852482356,0.981369359062144,1.0,1.5206002317525653,1925.88450292812,True,[]
2025-12-18 00:00:00-05:00,AUDUSD,forex flow + macro overlay favors long exposure,flat,,-0.736318473972376,0.981369359062144,1.0,0.48128502235241566,0.0,False,"['weak_signal', 'insufficient_net_edge']"
2025-12-18 00:00:00-05:00,SILVER,metal flow + macro overlay favors long exposure,flat,,0.7106450525484711,0.981369359062144,1.0,0.4748666669964394,0.0,False,"['weak_signal', 'insufficient_net_edge']"
2025-12-18 00:00:00-05:00,EURUSD,forex flow + macro overlay favors long exposure,flat,,0.3163770200489886,0.981369359062144,1.0,0.37629965887156874,0.0,False,"['weak_signal', 'insufficient_net_edge']"
2025-12-18 00:00:00-05:00,GOLD,metal flow + macro overlay favors long exposure,flat,,-0.25156416872569,0.981369359062144,1.0,0.3600964460407441,0.0,False,"['weak_signal', 'insufficient_net_edge']"
2025-12-18 00:00:00-05:00,COPPER,metal flow + macro overlay favors long exposure,flat,,-0.0976653395766588,0.981369359062144,1.0,0.3216217387534863,0.0,False,"['weak_signal', 'insufficient_net_edge']"
2025-12-18 00:00:00-05:00,GOOG,stock flow + macro overlay favors short exposure,flat,,0.0,0.981369359062144,1.0,0.2972054038593216,0.0,False,"['weak_signal', 'insufficient_net_edge']"
2025-12-18 00:00:00-05:00,MCD,stock flow + macro overlay favors short exposure,flat,,0.0,0.981369359062144,1.0,0.2972054038593216,0.0,False,"['weak_signal', 'insufficient_net_edge']"
2025-12-18 00:00:00-05:00,NVDA,stock flow + macro overlay favors short exposure,flat,,0.0,0.981369359062144,1.0,0.2972054038593216,0.0,False,"['weak_signal', 'insufficient_net_edge']"
2025-12-18 00:00:00-05:00,SPY,stock flow + macro overlay favors short exposure,flat,,0.0,0.981369359062144,1.0,0.2972054038593216,0.0,False,"['weak_signal', 'insufficient_net_edge']"
2025-12-18 00:00:00-05:00,TSLA,stock flow + macro overlay favors short exposure,flat,,0.0,0.981369359062144,1.0,0.2972054038593216,0.0,False,"['weak_signal', 'insufficient_net_edge']"
2025-12-19 00:00:00-05:00,BTC,crypto flow + macro overlay favors short exposure,short,-2.998612167812828,0.388560640689644,0.9795462215427643,1.0,1.7434475689195983,2498.843473177357,True,[]
2025-12-19 00:00:00-05:00,ETH,crypto flow + macro overlay favors short exposure,short,-2.759225993457121,-0.010822320136262293,0.9795462215427643,1.0,1.5412892103211844,2299.354994547601,True,[]
2025-12-19 00:00:00-05:00,XRP,crypto flow + macro overlay favors short exposure,short,-2.533771945392444,-0.3869850704771176,0.9795462215427643,1.0,1.533875576277294,2111.47662116037,True,[]
2025-12-19 00:00:00-05:00,SOL,crypto flow + macro overlay favors short exposure,short,-2.490326614587226,-0.45979995871887436,0.9795462215427643,1.0,1.532528899475385,2075.2721788226886,True,[]
2025-12-19 00:00:00-05:00,SILVER,metal flow + macro overlay favors long exposure,flat,,0.7189062966721336,0.9795462215427643,1.0,0.47665850739944804,0.0,False,"['weak_signal', 'insufficient_net_edge']"
2025-12-19 00:00:00-05:00,COPPER,metal flow + macro overlay favors long exposure,flat,,0.7111400449653512,0.9795462215427643,1.0,0.4747169444727525,0.0,False,"['weak_signal', 'insufficient_net_edge']"
2025-12-19 00:00:00-05:00,AUDUSD,forex flow + macro overlay favors long exposure,flat,,-0.6946955069560753,0.9795462215427643,1.0,0.47060580997043344,0.0,False,"['weak_signal', 'insufficient_net_edge']"
2025-12-19 00:00:00-05:00,GOLD,metal flow + macro overlay favors long exposure,flat,,0.6132156801291876,0.9795462215427643,1.0,0.4502358532637115,0.0,False,"['weak_signal', 'insufficient_net_edge']"
2025-12-19 00:00:00-05:00,EURUSD,forex flow + macro overlay favors long exposure,flat,,-0.6120570712309782,0.9795462215427643,1.0,0.44994620103915917,0.0,False,"['weak_signal', 'insufficient_net_edge']"
2025-12-19 00:00:00-05:00,TSLA,stock flow + macro overlay favors long exposure,flat,,0.607004849250901,0.9795462215427643,1.0,0.4486831455441399,0.0,False,"['weak_signal', 'insufficient_net_edge']"
2025-12-19 00:00:00-05:00,GOOG,stock flow + macro overlay favors long exposure,flat,,-0.5889932579646965,0.9795462215427643,1.0,0.4441802477225888,0.0,False,"['weak_signal', 'insufficient_net_edge']"
2025-12-19 00:00:00-05:00,SPY,stock flow + macro overlay favors long exposure,flat,,-0.537641476040098,0.9795462215427643,1.0,0.4313423022414391,0.0,False,"['weak_signal', 'insufficient_net_edge']"
2025-12-19 00:00:00-05:00,NVDA,stock flow + macro overlay favors long exposure,flat,,-0.2166905284316537,0.9795462215427643,1.0,0.35110456533932805,0.0,False,"['weak_signal', 'insufficient_net_edge']"
2025-12-19 00:00:00-05:00,MCD,stock flow + macro overlay favors long exposure,flat,,0.17766232243183477,0.9795462215427643,1.0,0.34134751383937334,0.0,False,"['weak_signal', 'insufficient_net_edge']"
2025-12-20 00:00:00-05:00,BTC,crypto flow + macro overlay favors short exposure,short,-3.0,0.4598017962156532,0.9872981000829644,1.0,1.7630451640663578,2500.0,True,[]
2025-12-20 00:00:00-05:00,XRP,crypto flow + macro overlay favors short exposure,short,-2.8073583981355,-0.07358558350559874,0.9872981000829644,1.0,1.5798023900498195,2339.4653317795833,True,[]
2025-12-20 00:00:00-05:00,SOL,crypto flow + macro overlay favors short exposure,short,-2.7455479188261096,-0.17700905258764396,0.9872981000829644,1.0,1.577843541631105,2287.9565990217584,True,[]
2025-12-20 00:00:00-05:00,ETH,crypto flow + macro overlay favors short exposure,long,2.6037077377439406,0.37619488267760237,0.9872981000829644,1.0,1.5638119176666185,2169.7564481199506,True,[]
2025-12-20 00:00:00-05:00,COPPER,metal flow + macro overlay favors long exposure,flat,,0.620798954965171,0.9872981000829644,1.0,0.45329445375373745,0.0,False,"['weak_signal', 'insufficient_net_edge']"
2025-12-20 00:00:00-05:00,NVDA,stock flow + macro overlay favors long exposure,flat,,0.5981369006650976,0.9872981000829644,1.0,0.447628940178719,0.0,False,"['weak_signal', 'insufficient_net_edge']"
2025-12-20 00:00:00-05:00,SPY,stock flow + macro overlay favors long exposure,flat,,0.5907931445981004,0.9872981000829644,1.0,0.44579300116196974,0.0,False,"['weak_signal', 'insufficient_net_edge']"
2025-12-20 00:00:00-05:00,TSLA,stock flow + macro overlay favors long exposure,flat,,-0.44060415130435737,0.9872981000829644,1.0,0.40824575283853404,0.0,False,"['weak_signal', 'insufficient_net_edge']"
2025-12-20 00:00:00-05:00,EURUSD,forex flow + macro overlay favors short exposure,flat,,-0.4230577896923611,0.9872981000829644,1.0,0.4038591624355349,0.0,False,"['weak_signal', 'insufficient_net_edge']"
2025-12-20 00:00:00-05:00,SILVER,metal flow + macro overlay favors long exposure,flat,,0.4042480901141352,0.9872981000829644,1.0,0.39915673754097847,0.0,False,"['weak_signal', 'insufficient_net_edge']"
2025-12-20 00:00:00-05:00,GOLD,metal flow + macro overlay favors long exposure,flat,,0.39076505768229053,0.9872981000829644,1.0,0.3957859794330173,0.0,False,"['weak_signal', 'insufficient_net_edge']"
2025-12-20 00:00:00-05:00,GOOG,stock flow + macro overlay favors long exposure,flat,,0.3682617845015613,0.9872981000829644,1.0,0.3901601611378349,0.0,False,"['weak_signal', 'insufficient_net_edge']"
2025-12-20 00:00:00-05:00,MCD,stock flow + macro overlay favors long exposure,flat,,0.285201204228431,0.9872981000829644,1.0,0.3693950160695524,0.0,False,"['weak_signal', 'insufficient_net_edge']"
2025-12-20 00:00:00-05:00,AUDUSD,forex flow + macro overlay favors short exposure,flat,,-0.26970180555033113,0.9872981000829644,1.0,0.3655201664000274,0.0,False,"['weak_signal', 'insufficient_net_edge']"
2025-12-21 00:00:00-05:00,ETH,crypto flow + macro overlay favors long exposure,long,3.0,0.6320964929762329,0.9969216782579362,0.9642857142857144,1.802205232125606,2500.0,False,['report_invalid']
2025-12-21 00:00:00-05:00,XRP,crypto flow + macro overlay favors long exposure,short,-3.0,0.6148569322012247,0.9969216782579362,0.9642857142857144,1.7978953419318537,2500.0,False,['report_invalid']
2025-12-21 00:00:00-05:00,BTC,crypto flow + macro overlay favors long exposure,long,3.0,0.4204568458890995,0.9969216782579362,0.9642857142857144,1.7492953203538226,2500.0,False,['report_invalid']
2025-12-21 00:00:00-05:00,SOL,crypto flow + macro overlay favors long exposure,short,-3.0,0.22463448866561891,0.9969216782579362,0.9642857142857144,1.7003397310479524,2500.0,False,['report_invalid']
2025-12-21 00:00:00-05:00,AUDUSD,forex flow + macro overlay favors long exposure,flat,,0.0,0.9969216782579362,0.9642857142857144,0.2941811088815476,0.0,False,"['report_invalid', 'weak_signal', 'insufficient_net_edge']"
2025-12-21 00:00:00-05:00,COPPER,metal flow + macro overlay favors long exposure,flat,,0.0,0.9969216782579362,0.9642857142857144,0.2941811088815476,0.0,False,"['report_invalid', 'weak_signal', 'insufficient_net_edge']"
2025-12-21 00:00:00-05:00,EURUSD,forex flow + macro overlay favors long exposure,flat,,0.0,0.9969216782579362,0.9642857142857144,0.2941811088815476,0.0,False,"['report_invalid', 'weak_signal', 'insufficient_net_edge']"
2025-12-21 00:00:00-05:00,GOLD,metal flow + macro overlay favors long exposure,flat,,0.0,0.9969216782579362,0.9642857142857144,0.2941811088815476,0.0,False,"['report_invalid', 'weak_signal', 'insufficient_net_edge']"
2025-12-21 00:00:00-05:00,GOOG,stock flow + macro overlay favors long exposure,flat,,0.0,0.9969216782579362,0.9642857142857144,0.2941811088815476,0.0,False,"['report_invalid', 'weak_signal', 'insufficient_net_edge']"
2025-12-21 00:00:00-05:00,MCD,stock flow + macro overlay favors long exposure,flat,,0.0,0.9969216782579362,0.9642857142857144,0.2941811088815476,0.0,False,"['report_invalid', 'weak_signal', 'insufficient_net_edge']"
2025-12-21 00:00:00-05:00,NVDA,stock flow + macro overlay favors long exposure,flat,,0.0,0.9969216782579362,0.9642857142857144,0.2941811088815476,0.0,False,"['report_invalid', 'weak_signal', 'insufficient_net_edge']"
2025-12-21 00:00:00-05:00,SILVER,metal flow + macro overlay favors long exposure,flat,,0.0,0.9969216782579362,0.9642857142857144,0.2941811088815476,0.0,False,"['report_invalid', 'weak_signal', 'insufficient_net_edge']"
2025-12-21 00:00:00-05:00,SPY,stock flow + macro overlay favors long exposure,flat,,0.0,0.9969216782579362,0.9642857142857144,0.2941811088815476,0.0,False,"['report_invalid', 'weak_signal', 'insufficient_net_edge']"
2025-12-21 00:00:00-05:00,TSLA,stock flow + macro overlay favors long exposure,flat,,0.0,0.9969216782579362,0.9642857142857144,0.2941811088815476,0.0,False,"['report_invalid', 'weak_signal', 'insufficient_net_edge']"
2025-12-22 00:00:00-05:00,XRP,crypto flow + macro overlay favors long exposure,short,-3.0,0.6784012559739254,0.9865880483592253,0.9642857142857144,1.8122313783902224,2500.0,False,['report_invalid']
2025-12-22 00:00:00-05:00,ETH,crypto flow + macro overlay favors long exposure,short,-3.0,0.5934703272722279,0.9865880483592253,0.9642857142857144,1.790998646214798,2500.0,False,['report_invalid']
2025-12-22 00:00:00-05:00,SOL,crypto flow + macro overlay favors long exposure,short,-3.0,0.5116943389715453,0.9865880483592253,0.9642857142857144,1.7705546491396273,2500.0,False,['report_invalid']
2025-12-22 00:00:00-05:00,BTC,crypto flow + macro overlay favors long exposure,short,-3.0,0.5078619808063524,0.9865880483592253,0.9642857142857144,1.7695965595983292,2500.0,False,['report_invalid']
2025-12-22 00:00:00-05:00,GOLD,metal flow + macro overlay favors long exposure,flat,,0.7214906729557004,0.9865880483592253,0.9642857142857144,0.4730037326356661,0.0,False,"['report_invalid', 'weak_signal', 'insufficient_net_edge']"
2025-12-22 00:00:00-05:00,SILVER,metal flow + macro overlay favors long exposure,flat,,0.6854241682034394,0.9865880483592253,0.9642857142857144,0.4639871064476008,0.0,False,"['report_invalid', 'weak_signal', 'insufficient_net_edge']"
2025-12-22 00:00:00-05:00,AUDUSD,forex flow + macro overlay favors long exposure,flat,,0.6321595046913842,0.9865880483592253,0.9642857142857144,0.450670940569587,0.0,False,"['report_invalid', 'weak_signal', 'insufficient_net_edge']"
2025-12-22 00:00:00-05:00,EURUSD,forex flow + macro overlay favors long exposure,flat,,-0.07684962531514543,0.9865880483592253,0.9642857142857144,0.3118434707255273,0.0,False,"['report_invalid', 'weak_signal', 'insufficient_net_edge']"
2025-12-22 00:00:00-05:00,COPPER,metal flow + macro overlay favors long exposure,flat,,0.04973494365106638,0.9865880483592253,0.9642857142857144,0.30506480030950756,0.0,False,"['report_invalid', 'weak_signal', 'insufficient_net_edge']"
2025-12-22 00:00:00-05:00,GOOG,stock flow + macro overlay favors long exposure,flat,,0.0,0.9865880483592253,0.9642857142857144,0.2926310643967409,0.0,False,"['report_invalid', 'weak_signal', 'insufficient_net_edge']"
2025-12-22 00:00:00-05:00,MCD,stock flow + macro overlay favors long exposure,flat,,0.0,0.9865880483592253,0.9642857142857144,0.2926310643967409,0.0,False,"['report_invalid', 'weak_signal', 'insufficient_net_edge']"
2025-12-22 00:00:00-05:00,NVDA,stock flow + macro overlay favors long exposure,flat,,0.0,0.9865880483592253,0.9642857142857144,0.2926310643967409,0.0,False,"['report_invalid', 'weak_signal', 'insufficient_net_edge']"
2025-12-22 00:00:00-05:00,SPY,stock flow + macro overlay favors long exposure,flat,,0.0,0.9865880483592253,0.9642857142857144,0.2926310643967409,0.0,False,"['report_invalid', 'weak_signal', 'insufficient_net_edge']"
2025-12-22 00:00:00-05:00,TSLA,stock flow + macro overlay favors long exposure,flat,,0.0,0.9865880483592253,0.9642857142857144,0.2926310643967409,0.0,False,"['report_invalid', 'weak_signal', 'insufficient_net_edge']"
2025-12-23 00:00:00-05:00,AUDUSD,forex flow + macro overlay favors long exposure,long,3.0,0.7460582731595381,0.9779986478377743,1.0,1.8332143654655506,15000.0,True,[]
2025-12-23 00:00:00-05:00,GOLD,metal flow + macro overlay favors long exposure,long,3.0,0.744006986438797,0.9779986478377743,1.0,1.8327015437853653,7500.0,True,[]
2025-12-23 00:00:00-05:00,EURUSD,forex flow + macro overlay favors long exposure,long,3.0,0.730491672703708,0.9779986478377743,1.0,1.829322715351593,15000.0,True,[]
2025-12-23 00:00:00-05:00,SILVER,metal flow + macro overlay favors long exposure,long,3.0,0.5824889709301789,0.9779986478377743,1.0,1.7923220399082107,7500.0,True,[]
2025-12-23 00:00:00-05:00,COPPER,metal flow + macro overlay favors long exposure,long,3.0,-0.18111759166060373,0.9779986478377743,1.0,1.691979195090817,7500.0,True,[]
2025-12-23 00:00:00-05:00,ETH,crypto flow + macro overlay favors short exposure,short,-2.9005231359692254,-0.08052740100523033,0.9779986478377743,1.0,1.622067058613125,2417.102613307688,True,[]
2025-12-23 00:00:00-05:00,BTC,crypto flow + macro overlay favors short exposure,short,-2.8514176994283047,-0.16196379167370437,0.9779986478377743,1.0,1.6203287098368293,2376.181416190254,True,[]
2025-12-23 00:00:00-05:00,SOL,crypto flow + macro overlay favors short exposure,short,-2.8244023560210674,-0.20820737471828188,0.9779986478377743,1.0,1.619732701064717,2353.6686300175566,True,[]
2025-12-23 00:00:00-05:00,XRP,crypto flow + macro overlay favors short exposure,short,-2.777171330918418,-0.2865197463229703,0.9779986478377743,1.0,1.6180568326696967,2314.309442432015,True,[]
2025-12-23 00:00:00-05:00,SPY,stock flow + macro overlay favors long exposure,flat,,0.5660154847881478,0.9779986478377743,1.0,0.4382036683727031,0.0,False,"['weak_signal', 'insufficient_net_edge']"
2025-12-23 00:00:00-05:00,TSLA,stock flow + macro overlay favors long exposure,flat,,0.40960038106530994,0.9779986478377743,1.0,0.3990998924419936,0.0,False,"['weak_signal', 'insufficient_net_edge']"
2025-12-23 00:00:00-05:00,GOOG,stock flow + macro overlay favors long exposure,flat,,0.3519424003288061,0.9779986478377743,1.0,0.38468539725786766,0.0,False,"['weak_signal', 'insufficient_net_edge']"
2025-12-23 00:00:00-05:00,NVDA,stock flow + macro overlay favors long exposure,flat,,0.327871254390925,0.9779986478377743,1.0,0.3786676107733974,0.0,False,"['weak_signal', 'insufficient_net_edge']"
2025-12-23 00:00:00-05:00,MCD,stock flow + macro overlay favors long exposure,flat,,-0.21455112271969035,0.9779986478377743,1.0,0.3503375778555887,0.0,False,"['weak_signal', 'insufficient_net_edge']"
2025-12-24 00:00:00-05:00,AUDUSD,forex flow + macro overlay favors long exposure,long,3.0,0.0,0.9717282116660738,1.0,1.645759231749911,15000.0,True,[]
2025-12-24 00:00:00-05:00,COPPER,metal flow + macro overlay favors long exposure,long,3.0,0.0,0.9717282116660738,1.0,1.645759231749911,7500.0,True,[]
2025-12-24 00:00:00-05:00,EURUSD,forex flow + macro overlay favors long exposure,long,3.0,0.0,0.9717282116660738,1.0,1.645759231749911,15000.0,True,[]
2025-12-24 00:00:00-05:00,GOLD,metal flow + macro overlay favors long exposure,long,3.0,0.0,0.9717282116660738,1.0,1.645759231749911,7500.0,True,[]
2025-12-24 00:00:00-05:00,GOOG,stock flow + macro overlay favors long exposure,long,3.0,0.0,0.9717282116660738,1.0,1.645759231749911,7500.0,True,[]
2025-12-24 00:00:00-05:00,MCD,stock flow + macro overlay favors long exposure,long,3.0,0.0,0.9717282116660738,1.0,1.645759231749911,7500.0,True,[]
2025-12-24 00:00:00-05:00,NVDA,stock flow + macro overlay favors long exposure,short,-3.0,0.0,0.9717282116660738,1.0,1.645759231749911,7500.0,True,[]
2025-12-24 00:00:00-05:00,SILVER,metal flow + macro overlay favors long exposure,long,3.0,0.0,0.9717282116660738,1.0,1.645759231749911,7500.0,True,[]
2025-12-24 00:00:00-05:00,SPY,stock flow + macro overlay favors long exposure,long,3.0,0.0,0.9717282116660738,1.0,1.645759231749911,7500.0,True,[]
2025-12-24 00:00:00-05:00,TSLA,stock flow + macro overlay favors long exposure,long,3.0,0.0,0.9717282116660738,1.0,1.645759231749911,7500.0,True,[]
2025-12-24 00:00:00-05:00,ETH,crypto flow + macro overlay favors short exposure,short,-2.6975288304120046,-0.29050453407914434,0.9717282116660738,1.0,1.5822733389550991,2247.940692010004,True,[]
2025-12-24 00:00:00-05:00,BTC,crypto flow + macro overlay favors short exposure,short,-2.6387039693904697,-0.38813996554864283,0.9717282116660738,1.0,1.580211009362783,2198.9199744920584,True,[]
2025-12-24 00:00:00-05:00,SOL,crypto flow + macro overlay favors short exposure,short,-2.54907875953995,-0.538733325998691,0.9717282116660738,1.0,1.577528005042561,2124.232299616625,True,[]
2025-12-24 00:00:00-05:00,XRP,crypto flow + macro overlay favors short exposure,short,-2.4670718199797173,-0.6750055550326843,0.9717282116660738,1.0,1.5746929394989548,2055.893183316431,True,[]
2025-12-25 00:00:00-05:00,ETH,crypto flow + macro overlay favors short exposure,short,-2.511433081102287,-0.5806846668674521,0.9752843922558534,1.0,1.5716087120512698,2092.8609009185725,True,[]
2025-12-25 00:00:00-05:00,SOL,crypto flow + macro overlay favors short exposure,short,-2.5016382011010934,-0.597821474002229,0.9752843922558534,1.0,1.5714852178344272,2084.698500917578,True,[]
2025-12-25 00:00:00-05:00,XRP,crypto flow + macro overlay favors short exposure,short,-2.4805014822312725,-0.6326433352188698,0.9752843922558534,1.0,1.570679159647168,2067.0845685260606,True,[]
2025-12-25 00:00:00-05:00,BTC,crypto flow + macro overlay favors short exposure,long,0.4116000867189843,-0.504242970524869,0.9752843922558534,1.0,0.6075734404931382,343.0000722658203,False,['weak_signal']
2025-12-25 00:00:00-05:00,AUDUSD,forex flow + macro overlay favors long exposure,flat,,0.7495487670718649,0.9752843922558534,1.0,0.4836798506063442,0.0,False,"['weak_signal', 'insufficient_net_edge']"
2025-12-25 00:00:00-05:00,EURUSD,forex flow + macro overlay favors long exposure,flat,,0.7245534180221734,0.9752843922558534,1.0,0.47743101334392135,0.0,False,"['weak_signal', 'insufficient_net_edge']"
2025-12-25 00:00:00-05:00,SILVER,metal flow + macro overlay favors long exposure,flat,,0.7053723078944715,0.9752843922558534,1.0,0.4726357358119959,0.0,False,"['weak_signal', 'insufficient_net_edge']"
2025-12-25 00:00:00-05:00,GOLD,metal flow + macro overlay favors long exposure,flat,,0.701282340759154,0.9752843922558534,1.0,0.4716132440281665,0.0,False,"['weak_signal', 'insufficient_net_edge']"
2025-12-25 00:00:00-05:00,COPPER,metal flow + macro overlay favors long exposure,flat,,0.5882120411223448,0.9752843922558534,1.0,0.4433456691189642,0.0,False,"['weak_signal', 'insufficient_net_edge']"
2025-12-25 00:00:00-05:00,GOOG,stock flow + macro overlay favors long exposure,flat,,0.0,0.9752843922558534,1.0,0.29629265883837796,0.0,False,"['weak_signal', 'insufficient_net_edge']"
2025-12-25 00:00:00-05:00,MCD,stock flow + macro overlay favors long exposure,flat,,0.0,0.9752843922558534,1.0,0.29629265883837796,0.0,False,"['weak_signal', 'insufficient_net_edge']"
2025-12-25 00:00:00-05:00,NVDA,stock flow + macro overlay favors long exposure,flat,,0.0,0.9752843922558534,1.0,0.29629265883837796,0.0,False,"['weak_signal', 'insufficient_net_edge']"
2025-12-25 00:00:00-05:00,SPY,stock flow + macro overlay favors long exposure,flat,,0.0,0.9752843922558534,1.0,0.29629265883837796,0.0,False,"['weak_signal', 'insufficient_net_edge']"
2025-12-25 00:00:00-05:00,TSLA,stock flow + macro overlay favors long exposure,flat,,0.0,0.9752843922558534,1.0,0.29629265883837796,0.0,False,"['weak_signal', 'insufficient_net_edge']"
2025-12-26 00:00:00-05:00,BTC,crypto flow + macro overlay favors short exposure,short,-3.0,0.44721781221237633,0.9851489928172297,0.9642857142857144,1.7542196591185357,2500.0,False,['report_invalid']
2025-12-26 00:00:00-05:00,ETH,crypto flow + macro overlay favors short exposure,short,-2.8253717892777743,-0.07331324813222248,0.9851489928172297,0.9642857142857144,1.5821608232734954,2354.4764910648123,False,['report_invalid']
2025-12-26 00:00:00-05:00,XRP,crypto flow + macro overlay favors short exposure,short,-2.659800061706927,-0.35468945606126623,0.9851489928172297,0.9642857142857144,1.5779975978488752,2216.5000514224394,False,['report_invalid']
2025-12-26 00:00:00-05:00,SOL,crypto flow + macro overlay favors short exposure,short,-2.6090662202859014,-0.4411892511300063,0.9851489928172297,0.9642857142857144,1.5767923179765986,2174.221850238251,False,['report_invalid']
2025-12-26 00:00:00-05:00,COPPER,metal flow + macro overlay favors long exposure,flat,,0.7467669177435998,0.9851489928172297,0.9642857142857144,0.47910693550134154,0.0,False,"['report_invalid', 'weak_signal', 'insufficient_net_edge']"
2025-12-26 00:00:00-05:00,SILVER,metal flow + macro overlay favors long exposure,flat,,0.7455423127735036,0.9851489928172297,0.9642857142857144,0.47880078425881756,0.0,False,"['report_invalid', 'weak_signal', 'insufficient_net_edge']"
2025-12-26 00:00:00-05:00,AUDUSD,forex flow + macro overlay favors long exposure,flat,,0.7318977621199227,0.9851489928172297,0.9642857142857144,0.47538964659542227,0.0,False,"['report_invalid', 'weak_signal', 'insufficient_net_edge']"
2025-12-26 00:00:00-05:00,GOLD,metal flow + macro overlay favors long exposure,flat,,0.48986357387932933,0.9851489928172297,0.9642857142857144,0.41488109953527397,0.0,False,"['report_invalid', 'weak_signal', 'insufficient_net_edge']"
2025-12-26 00:00:00-05:00,EURUSD,forex flow + macro overlay favors long exposure,flat,,0.2665768018048359,0.9851489928172297,0.9642857142857144,0.3590594065166506,0.0,False,"['report_invalid', 'weak_signal', 'insufficient_net_edge']"
2025-12-26 00:00:00-05:00,GOOG,stock flow + macro overlay favors long exposure,flat,,0.0,0.9851489928172297,0.9642857142857144,0.2924152060654416,0.0,False,"['report_invalid', 'weak_signal', 'insufficient_net_edge']"
2025-12-26 00:00:00-05:00,MCD,stock flow + macro overlay favors long exposure,flat,,0.0,0.9851489928172297,0.9642857142857144,0.2924152060654416,0.0,False,"['report_invalid', 'weak_signal', 'insufficient_net_edge']"
2025-12-26 00:00:00-05:00,NVDA,stock flow + macro overlay favors long exposure,flat,,0.0,0.9851489928172297,0.9642857142857144,0.2924152060654416,0.0,False,"['report_invalid', 'weak_signal', 'insufficient_net_edge']"
2025-12-26 00:00:00-05:00,SPY,stock flow + macro overlay favors long exposure,flat,,0.0,0.9851489928172297,0.9642857142857144,0.2924152060654416,0.0,False,"['report_invalid', 'weak_signal', 'insufficient_net_edge']"
2025-12-26 00:00:00-05:00,TSLA,stock flow + macro overlay favors long exposure,flat,,0.0,0.9851489928172297,0.9642857142857144,0.2924152060654416,0.0,False,"['report_invalid', 'weak_signal', 'insufficient_net_edge']"
2025-12-27 00:00:00-05:00,SOL,crypto flow + macro overlay favors short exposure,short,-3.0,0.27140566707332425,0.9816840838107925,1.0,1.71510402933995,2500.0,True,[]
2025-12-27 00:00:00-05:00,BTC,crypto flow + macro overlay favors short exposure,long,2.9461364258508502,0.13922196924985739,0.9816840838107925,1.0,1.6578194965169657,2455.1136882090423,True,[]
2025-12-27 00:00:00-05:00,XRP,crypto flow + macro overlay favors short exposure,short,-2.7902236700918626,-0.12144463081457635,0.9816840838107925,1.0,1.583214421816601,2325.186391743219,True,[]
2025-12-27 00:00:00-05:00,COPPER,metal flow + macro overlay favors long exposure,flat,,0.7443302798406759,0.9816840838107925,1.0,0.48333518253178787,0.0,False,"['weak_signal', 'insufficient_net_edge']"
2025-12-27 00:00:00-05:00,SILVER,metal flow + macro overlay favors long exposure,flat,,0.7381485653537697,0.9816840838107925,1.0,0.4817897539100613,0.0,False,"['weak_signal', 'insufficient_net_edge']"
2025-12-27 00:00:00-05:00,ETH,crypto flow + macro overlay favors short exposure,short,-0.2731674838606468,-0.06759253519554356,0.9816840838107925,1.0,0.4370761141077958,227.63956988387238,False,['weak_signal']
2025-12-27 00:00:00-05:00,TSLA,stock flow + macro overlay favors long exposure,flat,,-0.5591858457691751,0.9816840838107925,1.0,0.4370490740139127,0.0,False,"['weak_signal', 'insufficient_net_edge']"
2025-12-27 00:00:00-05:00,EURUSD,forex flow + macro overlay favors long exposure,flat,,-0.5364649818342389,0.9816840838107925,1.0,0.43136885803017855,0.0,False,"['weak_signal', 'insufficient_net_edge']"
2025-12-27 00:00:00-05:00,GOLD,metal flow + macro overlay favors long exposure,flat,,0.44255609350906977,0.9816840838107925,1.0,0.40789163594888633,0.0,False,"['weak_signal', 'insufficient_net_edge']"
2025-12-27 00:00:00-05:00,SPY,stock flow + macro overlay favors long exposure,flat,,0.3817723069915685,0.9816840838107925,1.0,0.392695689319511,0.0,False,"['weak_signal', 'insufficient_net_edge']"
2025-12-27 00:00:00-05:00,GOOG,stock flow + macro overlay favors long exposure,flat,,-0.250592019468344,0.9816840838107925,1.0,0.35990061743870483,0.0,False,"['weak_signal', 'insufficient_net_edge']"
2025-12-27 00:00:00-05:00,NVDA,stock flow + macro overlay favors long exposure,flat,,0.2135470199929551,0.9816840838107925,1.0,0.35063936756985764,0.0,False,"['weak_signal', 'insufficient_net_edge']"
2025-12-27 00:00:00-05:00,AUDUSD,forex flow + macro overlay favors long exposure,flat,,0.135728584748948,0.9816840838107925,1.0,0.3311847587588559,0.0,False,"['weak_signal', 'insufficient_net_edge']"
2025-12-27 00:00:00-05:00,MCD,stock flow + macro overlay favors long exposure,flat,,-0.005683742891704686,0.9816840838107925,1.0,0.29867354829454507,0.0,False,"['weak_signal', 'insufficient_net_edge']"
2025-12-28 00:00:00-05:00,SOL,crypto flow + macro overlay favors short exposure,short,-3.0,0.2748293303647251,0.9936732917715234,0.9642857142857144,1.712401183499767,2500.0,False,['report_invalid']
2025-12-28 00:00:00-05:00,XRP,crypto flow + macro overlay favors short exposure,short,-2.86565001425909,0.03364031555224499,0.9936732917715234,0.9642857142857144,1.5916464362132372,2388.0416785492416,False,['report_invalid']
2025-12-28 00:00:00-05:00,BTC,crypto flow + macro overlay favors short exposure,long,2.8307557152893748,-0.02476224526357462,0.9936732917715234,0.9642857142857144,1.573724484104698,2358.9630960744794,False,['report_invalid']
2025-12-28 00:00:00-05:00,ETH,crypto flow + macro overlay favors short exposure,long,2.819372033026524,-0.04448601266995786,0.9936732917715234,0.9642857142857144,1.573532768938011,2349.47669418877,False,['report_invalid']
2025-12-28 00:00:00-05:00,AUDUSD,forex flow + macro overlay favors long exposure,flat,,0.0,0.9936732917715234,0.9642857142857144,0.2936938509085857,0.0,False,"['report_invalid', 'weak_signal', 'insufficient_net_edge']"
2025-12-28 00:00:00-05:00,COPPER,metal flow + macro overlay favors long exposure,flat,,0.0,0.9936732917715234,0.9642857142857144,0.2936938509085857,0.0,False,"['report_invalid', 'weak_signal', 'insufficient_net_edge']"
2025-12-28 00:00:00-05:00,EURUSD,forex flow + macro overlay favors long exposure,flat,,0.0,0.9936732917715234,0.9642857142857144,0.2936938509085857,0.0,False,"['report_invalid', 'weak_signal', 'insufficient_net_edge']"
2025-12-28 00:00:00-05:00,GOLD,metal flow + macro overlay favors long exposure,flat,,0.0,0.9936732917715234,0.9642857142857144,0.2936938509085857,0.0,False,"['report_invalid', 'weak_signal', 'insufficient_net_edge']"
2025-12-28 00:00:00-05:00,GOOG,stock flow + macro overlay favors long exposure,flat,,0.0,0.9936732917715234,0.9642857142857144,0.2936938509085857,0.0,False,"['report_invalid', 'weak_signal', 'insufficient_net_edge']"
2025-12-28 00:00:00-05:00,MCD,stock flow + macro overlay favors long exposure,flat,,0.0,0.9936732917715234,0.9642857142857144,0.2936938509085857,0.0,False,"['report_invalid', 'weak_signal', 'insufficient_net_edge']"
2025-12-28 00:00:00-05:00,NVDA,stock flow + macro overlay favors long exposure,flat,,0.0,0.9936732917715234,0.9642857142857144,0.2936938509085857,0.0,False,"['report_invalid', 'weak_signal', 'insufficient_net_edge']"
2025-12-28 00:00:00-05:00,SILVER,metal flow + macro overlay favors long exposure,flat,,0.0,0.9936732917715234,0.9642857142857144,0.2936938509085857,0.0,False,"['report_invalid', 'weak_signal', 'insufficient_net_edge']"
2025-12-28 00:00:00-05:00,SPY,stock flow + macro overlay favors long exposure,flat,,0.0,0.9936732917715234,0.9642857142857144,0.2936938509085857,0.0,False,"['report_invalid', 'weak_signal', 'insufficient_net_edge']"
2025-12-28 00:00:00-05:00,TSLA,stock flow + macro overlay favors long exposure,flat,,0.0,0.9936732917715234,0.9642857142857144,0.2936938509085857,0.0,False,"['report_invalid', 'weak_signal', 'insufficient_net_edge']"
2025-12-29 00:00:00-05:00,SOL,crypto flow + macro overlay favors long exposure,short,-3.0,0.6798371162756129,0.9806327145196865,0.9642857142857144,1.8116970433897135,2500.0,False,['report_invalid']
2025-12-29 00:00:00-05:00,XRP,crypto flow + macro overlay favors long exposure,short,-3.0,0.5874805925944785,0.9806327145196865,0.9642857142857144,1.7886079124694299,2500.0,False,['report_invalid']
2025-12-29 00:00:00-05:00,ETH,crypto flow + macro overlay favors long exposure,short,-3.0,0.44656017153016575,0.9806327145196865,0.9642857142857144,1.7533778072033517,2500.0,False,['report_invalid']
2025-12-29 00:00:00-05:00,BTC,crypto flow + macro overlay favors long exposure,short,-3.0,0.43715724899310116,0.9806327145196865,0.9642857142857144,1.7510270765690854,2500.0,False,['report_invalid']
2025-12-29 00:00:00-05:00,SILVER,metal flow + macro overlay favors long exposure,flat,,0.6934561716167613,0.9806327145196865,0.9642857142857144,0.4651018072250005,0.0,False,"['report_invalid', 'weak_signal', 'insufficient_net_edge']"
2025-12-29 00:00:00-05:00,EURUSD,forex flow + macro overlay favors long exposure,flat,,-0.5738354755601871,0.9806327145196865,0.9642857142857144,0.4351966332108569,0.0,False,"['report_invalid', 'weak_signal', 'insufficient_net_edge']"
2025-12-29 00:00:00-05:00,COPPER,metal flow + macro overlay favors long exposure,flat,,0.5021597596316941,0.9806327145196865,0.9642857142857144,0.41727770422873367,0.0,False,"['report_invalid', 'weak_signal', 'insufficient_net_edge']"
2025-12-29 00:00:00-05:00,GOLD,metal flow + macro overlay favors long exposure,flat,,-0.24607793573210662,0.9806327145196865,0.9642857142857144,0.35325724825383675,0.0,False,"['report_invalid', 'weak_signal', 'insufficient_net_edge']"
2025-12-29 00:00:00-05:00,AUDUSD,forex flow + macro overlay favors long exposure,flat,,0.1944281343780806,0.9806327145196865,0.9642857142857144,0.34034479791533023,0.0,False,"['report_invalid', 'weak_signal', 'insufficient_net_edge']"
2025-12-29 00:00:00-05:00,GOOG,stock flow + macro overlay favors long exposure,flat,,0.0,0.9806327145196865,0.9642857142857144,0.2917377643208101,0.0,False,"['report_invalid', 'weak_signal', 'insufficient_net_edge']"
2025-12-29 00:00:00-05:00,MCD,stock flow + macro overlay favors long exposure,flat,,0.0,0.9806327145196865,0.9642857142857144,0.2917377643208101,0.0,False,"['report_invalid', 'weak_signal', 'insufficient_net_edge']"
2025-12-29 00:00:00-05:00,NVDA,stock flow + macro overlay favors long exposure,flat,,0.0,0.9806327145196865,0.9642857142857144,0.2917377643208101,0.0,False,"['report_invalid', 'weak_signal', 'insufficient_net_edge']"
2025-12-29 00:00:00-05:00,SPY,stock flow + macro overlay favors long exposure,flat,,0.0,0.9806327145196865,0.9642857142857144,0.2917377643208101,0.0,False,"['report_invalid', 'weak_signal', 'insufficient_net_edge']"
2025-12-29 00:00:00-05:00,TSLA,stock flow + macro overlay favors long exposure,flat,,0.0,0.9806327145196865,0.9642857142857144,0.2917377643208101,0.0,False,"['report_invalid', 'weak_signal', 'insufficient_net_edge']"
2025-12-30 00:00:00-05:00,XRP,crypto flow + macro overlay favors short exposure,short,-3.0,0.21086138180986708,0.9822190972755017,1.0,1.700048210043792,2500.0,True,[]
2025-12-30 00:00:00-05:00,SOL,crypto flow + macro overlay favors short exposure,short,-2.991490992755596,0.178522431066481,0.9822190972755017,1.0,1.6881344190979637,2492.909160629664,True,[]
2025-12-30 00:00:00-05:00,ETH,crypto flow + macro overlay favors short exposure,short,-2.9838892870082145,0.1666649286202989,0.9822190972755017,1.0,1.6817492759000965,2486.574405840179,True,[]
2025-12-30 00:00:00-05:00,EURUSD,forex flow + macro overlay favors long exposure,long,3.0,0.035758073134665086,0.9822190972755017,1.0,1.6562723828749915,15000.0,True,[]
2025-12-30 00:00:00-05:00,AUDUSD,forex flow + macro overlay favors long exposure,long,2.9973036113185154,-0.03314982338225576,0.9822190972755017,1.0,1.654406945530221,14986.518056592577,True,[]
2025-12-30 00:00:00-05:00,BTC,crypto flow + macro overlay favors short exposure,short,-2.823615423275432,-0.10005217403461085,0.9822190972755017,1.0,1.592972848573922,2353.012852729527,True,[]
2025-12-30 00:00:00-05:00,GOLD,metal flow + macro overlay favors long exposure,flat,,-0.7447139867816742,0.9822190972755017,1.0,0.48351136128674377,0.0,False,"['weak_signal', 'insufficient_net_edge']"
2025-12-30 00:00:00-05:00,TSLA,stock flow + macro overlay favors short exposure,flat,,-0.7056417621737086,0.9822190972755017,1.0,0.4737433051347524,0.0,False,"['weak_signal', 'insufficient_net_edge']"
2025-12-30 00:00:00-05:00,SILVER,metal flow + macro overlay favors long exposure,flat,,-0.5963696765570994,0.9822190972755017,1.0,0.4464252837306001,0.0,False,"['weak_signal', 'insufficient_net_edge']"
2025-12-30 00:00:00-05:00,COPPER,metal flow + macro overlay favors long exposure,flat,,-0.5786213018263249,0.9822190972755017,1.0,0.44198819004790646,0.0,False,"['weak_signal', 'insufficient_net_edge']"
2025-12-30 00:00:00-05:00,NVDA,stock flow + macro overlay favors short exposure,flat,,-0.4274969570722566,0.9822190972755017,1.0,0.4042071038593894,0.0,False,"['weak_signal', 'insufficient_net_edge']"
2025-12-30 00:00:00-05:00,MCD,stock flow + macro overlay favors short exposure,flat,,-0.2682705723646871,0.9822190972755017,1.0,0.364400507682497,0.0,False,"['weak_signal', 'insufficient_net_edge']"
2025-12-30 00:00:00-05:00,SPY,stock flow + macro overlay favors short exposure,flat,,-0.13809886890356068,0.9822190972755017,1.0,0.3318575818172154,0.0,False,"['weak_signal', 'insufficient_net_edge']"
2025-12-30 00:00:00-05:00,GOOG,stock flow + macro overlay favors short exposure,flat,,-0.0983054037012403,0.9822190972755017,1.0,0.3219092155166353,0.0,False,"['weak_signal', 'insufficient_net_edge']"
2025-12-31 00:00:00-05:00,SOL,crypto flow + macro overlay favors short exposure,short,-3.0,0.3779296163784885,0.9959665121525938,1.0,1.7438773809175112,2500.0,True,[]
2025-12-31 00:00:00-05:00,ETH,crypto flow + macro overlay favors short exposure,short,-3.0,0.3385231005485886,0.9959665121525938,1.0,1.7340257519600362,2500.0,True,[]
2025-12-31 00:00:00-05:00,BTC,crypto flow + macro overlay favors short exposure,short,-3.0,0.3181643941204635,0.9959665121525938,1.0,1.728936075353005,2500.0,True,[]
2025-12-31 00:00:00-05:00,AUDUSD,forex flow + macro overlay favors short exposure,long,3.0,0.0,0.9959665121525938,1.0,1.649394976822889,15000.0,True,[]
2025-12-31 00:00:00-05:00,EURUSD,forex flow + macro overlay favors short exposure,long,3.0,0.0,0.9959665121525938,1.0,1.649394976822889,15000.0,True,[]
2025-12-31 00:00:00-05:00,COPPER,metal flow + macro overlay favors short exposure,long,2.9893880281047194,0.0,0.9959665121525938,1.0,1.6446195894700126,7473.470070261798,True,[]
2025-12-31 00:00:00-05:00,SILVER,metal flow + macro overlay favors short exposure,long,2.9886572216852105,0.0,0.9959665121525938,1.0,1.6442907265812337,7471.643054213026,True,[]
2025-12-31 00:00:00-05:00,GOLD,metal flow + macro overlay favors short exposure,long,2.9876828131258657,0.0,0.9959665121525938,1.0,1.6438522427295286,7469.207032814664,True,[]
2025-12-31 00:00:00-05:00,XRP,crypto flow + macro overlay favors short exposure,short,-2.89158033053181,-0.09365958303165743,0.9959665121525938,1.0,1.6240210213201178,2409.6502754431754,True,[]
2025-12-31 00:00:00-05:00,GOOG,stock flow + macro overlay favors long exposure,flat,,0.0,0.9959665121525938,1.0,0.29939497682288907,0.0,False,"['weak_signal', 'insufficient_net_edge']"
2025-12-31 00:00:00-05:00,MCD,stock flow + macro overlay favors long exposure,flat,,0.0,0.9959665121525938,1.0,0.29939497682288907,0.0,False,"['weak_signal', 'insufficient_net_edge']"
2025-12-31 00:00:00-05:00,NVDA,stock flow + macro overlay favors long exposure,flat,,0.0,0.9959665121525938,1.0,0.29939497682288907,0.0,False,"['weak_signal', 'insufficient_net_edge']"
2025-12-31 00:00:00-05:00,SPY,stock flow + macro overlay favors long exposure,flat,,0.0,0.9959665121525938,1.0,0.29939497682288907,0.0,False,"['weak_signal', 'insufficient_net_edge']"
2025-12-31 00:00:00-05:00,TSLA,stock flow + macro overlay favors long exposure,flat,,0.0,0.9959665121525938,1.0,0.29939497682288907,0.0,False,"['weak_signal', 'insufficient_net_edge']"
2026-01-01 00:00:00-05:00,ETH,crypto flow + macro overlay favors short exposure,short,-2.6221693258846765,-0.4871902429078876,0.9897177623580077,1.0,1.6002314217287774,2185.1411049038975,True,[]
2026-01-01 00:00:00-05:00,SOL,crypto flow + macro overlay favors short exposure,short,-2.532038175928495,-0.6382208333009785,0.9897177623580077,1.0,1.5974300518467686,2110.031813273746,True,[]
2026-01-01 00:00:00-05:00,XRP,crypto flow + macro overlay favors short exposure,short,-2.4873558515636933,-0.7122853703425875,0.9897177623580077,1.0,1.59583914014301,2072.7965429697447,True,[]
2026-01-01 00:00:00-05:00,BTC,crypto flow + macro overlay favors short exposure,short,-2.493170024045666,-0.701783075739845,0.9897177623580077,1.0,1.5958299441092123,2077.641686704722,True,[]
2026-01-01 00:00:00-05:00,GOLD,metal flow + macro overlay favors short exposure,flat,,-0.7477331335114656,0.9897177623580077,1.0,0.48539094773156755,0.0,False,"['weak_signal', 'insufficient_net_edge']"
2026-01-01 00:00:00-05:00,SILVER,metal flow + macro overlay favors short exposure,flat,,-0.745133423967921,0.9897177623580077,1.0,0.48474102034568145,0.0,False,"['weak_signal', 'insufficient_net_edge']"
2026-01-01 00:00:00-05:00,AUDUSD,forex flow + macro overlay favors short exposure,flat,,-0.727884029389447,0.9897177623580077,1.0,0.48042867170106285,0.0,False,"['weak_signal', 'insufficient_net_edge']"
2026-01-01 00:00:00-05:00,COPPER,metal flow + macro overlay favors short exposure,flat,,-0.6925155229296581,0.9897177623580077,1.0,0.47158654508611564,0.0,False,"['weak_signal', 'insufficient_net_edge']"
2026-01-01 00:00:00-05:00,EURUSD,forex flow + macro overlay favors short exposure,flat,,-0.2767815387679724,0.9897177623580077,1.0,0.36765304904569424,0.0,False,"['weak_signal', 'insufficient_net_edge']"
2026-01-01 00:00:00-05:00,GOOG,stock flow + macro overlay favors short exposure,flat,,0.0,0.9897177623580077,1.0,0.29845766435370114,0.0,False,"['weak_signal', 'insufficient_net_edge']"
2026-01-01 00:00:00-05:00,MCD,stock flow + macro overlay favors short exposure,flat,,0.0,0.9897177623580077,1.0,0.29845766435370114,0.0,False,"['weak_signal', 'insufficient_net_edge']"
2026-01-01 00:00:00-05:00,NVDA,stock flow + macro overlay favors short exposure,flat,,0.0,0.9897177623580077,1.0,0.29845766435370114,0.0,False,"['weak_signal', 'insufficient_net_edge']"
2026-01-01 00:00:00-05:00,SPY,stock flow + macro overlay favors short exposure,flat,,0.0,0.9897177623580077,1.0,0.29845766435370114,0.0,False,"['weak_signal', 'insufficient_net_edge']"
2026-01-01 00:00:00-05:00,TSLA,stock flow + macro overlay favors short exposure,flat,,0.0,0.9897177623580077,1.0,0.29845766435370114,0.0,False,"['weak_signal', 'insufficient_net_edge']"
2026-01-02 00:00:00-05:00,SOL,crypto flow + macro overlay favors short exposure,short,-3.0,0.6135014914090361,0.9920868765335995,0.9642857142857144,1.7968312614751563,2500.0,False,['report_invalid']
2026-01-02 00:00:00-05:00,ETH,crypto flow + macro overlay favors short exposure,short,-3.0,0.5544309156930558,0.9920868765335995,0.9642857142857144,1.782063617546161,2500.0,False,['report_invalid']
2026-01-02 00:00:00-05:00,BTC,crypto flow + macro overlay favors short exposure,short,-3.0,0.5439428800723431,0.9920868765335995,0.9642857142857144,1.779441608640983,2500.0,False,['report_invalid']
2026-01-02 00:00:00-05:00,XRP,crypto flow + macro overlay favors short exposure,short,-3.0,0.23497439434957146,0.9920868765335995,0.9642857142857144,1.70219948721029,2500.0,False,['report_invalid']
2026-01-02 00:00:00-05:00,EURUSD,forex flow + macro overlay favors long exposure,flat,,-0.5514969833081523,0.9920868765335995,0.9642857142857144,0.4313301344499352,0.0,False,"['report_invalid', 'weak_signal', 'insufficient_net_edge']"
2026-01-02 00:00:00-05:00,AUDUSD,forex flow + macro overlay favors long exposure,flat,,-0.5349579669435524,0.9920868765335995,0.9642857142857144,0.4271953803587851,0.0,False,"['report_invalid', 'weak_signal', 'insufficient_net_edge']"
2026-01-02 00:00:00-05:00,SILVER,metal flow + macro overlay favors long exposure,flat,,-0.3178900080127787,0.9920868765335995,0.9642857142857144,0.37292839062609173,0.0,False,"['report_invalid', 'weak_signal', 'insufficient_net_edge']"
2026-01-02 00:00:00-05:00,GOLD,metal flow + macro overlay favors long exposure,flat,,0.025977133926280795,0.9920868765335995,0.9642857142857144,0.2999501721044673,0.0,False,"['report_invalid', 'weak_signal', 'insufficient_net_edge']"
2026-01-02 00:00:00-05:00,COPPER,metal flow + macro overlay favors long exposure,flat,,0.02291120316033144,0.9920868765335995,0.9642857142857144,0.2991836894129799,0.0,False,"['report_invalid', 'weak_signal', 'insufficient_net_edge']"
2026-01-02 00:00:00-05:00,GOOG,stock flow + macro overlay favors long exposure,flat,,0.0,0.9920868765335995,0.9642857142857144,0.29345588862289707,0.0,False,"['report_invalid', 'weak_signal', 'insufficient_net_edge']"
2026-01-02 00:00:00-05:00,MCD,stock flow + macro overlay favors long exposure,flat,,0.0,0.9920868765335995,0.9642857142857144,0.29345588862289707,0.0,False,"['report_invalid', 'weak_signal', 'insufficient_net_edge']"
2026-01-02 00:00:00-05:00,NVDA,stock flow + macro overlay favors long exposure,flat,,0.0,0.9920868765335995,0.9642857142857144,0.29345588862289707,0.0,False,"['report_invalid', 'weak_signal', 'insufficient_net_edge']"
2026-01-02 00:00:00-05:00,SPY,stock flow + macro overlay favors long exposure,flat,,0.0,0.9920868765335995,0.9642857142857144,0.29345588862289707,0.0,False,"['report_invalid', 'weak_signal', 'insufficient_net_edge']"
2026-01-02 00:00:00-05:00,TSLA,stock flow + macro overlay favors long exposure,flat,,0.0,0.9920868765335995,0.9642857142857144,0.29345588862289707,0.0,False,"['report_invalid', 'weak_signal', 'insufficient_net_edge']"
2026-01-03 00:00:00-05:00,XRP,crypto flow + macro overlay favors long exposure,short,-3.0,0.7469609245895409,0.9884332122141352,1.0,1.8350052129795054,2500.0,True,[]
2026-01-03 00:00:00-05:00,SOL,crypto flow + macro overlay favors long exposure,short,-3.0,0.7372381911468556,0.9884332122141352,1.0,1.832574529618834,2500.0,True,[]
2026-01-03 00:00:00-05:00,ETH,crypto flow + macro overlay favors long exposure,short,-3.0,0.7251830494957809,0.9884332122141352,1.0,1.8295607442060655,2500.0,True,[]
2026-01-03 00:00:00-05:00,BTC,crypto flow + macro overlay favors long exposure,short,-3.0,0.6364657672909526,0.9884332122141352,1.0,1.8073814236548584,2500.0,True,[]
2026-01-03 00:00:00-05:00,TSLA,stock flow + macro overlay favors long exposure,flat,,-0.6611210920317167,0.9884332122141352,1.0,0.4635452548400495,0.0,False,"['weak_signal', 'insufficient_net_edge']"
2026-01-03 00:00:00-05:00,EURUSD,forex flow + macro overlay favors short exposure,flat,,-0.4778812623524013,0.9884332122141352,1.0,0.41773529742022064,0.0,False,"['weak_signal', 'insufficient_net_edge']"
2026-01-03 00:00:00-05:00,MCD,stock flow + macro overlay favors long exposure,flat,,-0.427452066761284,0.9884332122141352,1.0,0.4051279985224413,0.0,False,"['weak_signal', 'insufficient_net_edge']"
2026-01-03 00:00:00-05:00,SILVER,metal flow + macro overlay favors short exposure,flat,,0.4269937007656426,0.9884332122141352,1.0,0.40501340702353095,0.0,False,"['weak_signal', 'insufficient_net_edge']"
2026-01-03 00:00:00-05:00,GOLD,metal flow + macro overlay favors short exposure,flat,,0.37937129704905365,0.9884332122141352,1.0,0.39310780609438367,0.0,False,"['weak_signal', 'insufficient_net_edge']"
2026-01-03 00:00:00-05:00,NVDA,stock flow + macro overlay favors long exposure,flat,,0.3496074202112548,0.9884332122141352,1.0,0.385666836884934,0.0,False,"['weak_signal', 'insufficient_net_edge']"
2026-01-03 00:00:00-05:00,SPY,stock flow + macro overlay favors long exposure,flat,,-0.15520027736262523,0.9884332122141352,1.0,0.3370650511727766,0.0,False,"['weak_signal', 'insufficient_net_edge']"
2026-01-03 00:00:00-05:00,AUDUSD,forex flow + macro overlay favors short exposure,flat,,0.1308679406826689,0.9884332122141352,1.0,0.3309819670027875,0.0,False,"['weak_signal', 'insufficient_net_edge']"
2026-01-03 00:00:00-05:00,COPPER,metal flow + macro overlay favors short exposure,flat,,0.124827470267461,0.9884332122141352,1.0,0.32947184939898555,0.0,False,"['weak_signal', 'insufficient_net_edge']"
2026-01-03 00:00:00-05:00,GOOG,stock flow + macro overlay favors long exposure,flat,,0.11834169018414276,0.9884332122141352,1.0,0.32785040437815594,0.0,False,"['weak_signal', 'insufficient_net_edge']"
2026-01-04 00:00:00-05:00,XRP,crypto flow + macro overlay favors long exposure,long,3.0,0.7493862518218464,0.988606436037874,0.9642857142857144,1.8302803855039997,2500.0,False,['report_invalid']
2026-01-04 00:00:00-05:00,SOL,crypto flow + macro overlay favors long exposure,short,-3.0,0.7476511716598648,0.988606436037874,0.9642857142857144,1.8298466154635042,2500.0,False,['report_invalid']
2026-01-04 00:00:00-05:00,BTC,crypto flow + macro overlay favors long exposure,long,3.0,0.740716471880328,0.988606436037874,0.9642857142857144,1.82811294051862,2500.0,False,['report_invalid']
2026-01-04 00:00:00-05:00,ETH,crypto flow + macro overlay favors long exposure,short,-3.0,0.7379056183462939,0.988606436037874,0.9642857142857144,1.8274102271351118,2500.0,False,['report_invalid']
2026-01-04 00:00:00-05:00,AUDUSD,forex flow + macro overlay favors long exposure,flat,,0.0,0.988606436037874,0.9642857142857144,0.2929338225485383,0.0,False,"['report_invalid', 'weak_signal', 'insufficient_net_edge']"
2026-01-04 00:00:00-05:00,COPPER,metal flow + macro overlay favors long exposure,flat,,0.0,0.988606436037874,0.9642857142857144,0.2929338225485383,0.0,False,"['report_invalid', 'weak_signal', 'insufficient_net_edge']"
2026-01-04 00:00:00-05:00,EURUSD,forex flow + macro overlay favors long exposure,flat,,0.0,0.988606436037874,0.9642857142857144,0.2929338225485383,0.0,False,"['report_invalid', 'weak_signal', 'insufficient_net_edge']"
2026-01-04 00:00:00-05:00,GOLD,metal flow + macro overlay favors long exposure,flat,,0.0,0.988606436037874,0.9642857142857144,0.2929338225485383,0.0,False,"['report_invalid', 'weak_signal', 'insufficient_net_edge']"
2026-01-04 00:00:00-05:00,GOOG,stock flow + macro overlay favors long exposure,flat,,0.0,0.988606436037874,0.9642857142857144,0.2929338225485383,0.0,False,"['report_invalid', 'weak_signal', 'insufficient_net_edge']"
2026-01-04 00:00:00-05:00,MCD,stock flow + macro overlay favors long exposure,flat,,0.0,0.988606436037874,0.9642857142857144,0.2929338225485383,0.0,False,"['report_invalid', 'weak_signal', 'insufficient_net_edge']"
2026-01-04 00:00:00-05:00,NVDA,stock flow + macro overlay favors long exposure,flat,,0.0,0.988606436037874,0.9642857142857144,0.2929338225485383,0.0,False,"['report_invalid', 'weak_signal', 'insufficient_net_edge']"
2026-01-04 00:00:00-05:00,SILVER,metal flow + macro overlay favors long exposure,flat,,0.0,0.988606436037874,0.9642857142857144,0.2929338225485383,0.0,False,"['report_invalid', 'weak_signal', 'insufficient_net_edge']"
2026-01-04 00:00:00-05:00,SPY,stock flow + macro overlay favors long exposure,flat,,0.0,0.988606436037874,0.9642857142857144,0.2929338225485383,0.0,False,"['report_invalid', 'weak_signal', 'insufficient_net_edge']"
2026-01-04 00:00:00-05:00,TSLA,stock flow + macro overlay favors long exposure,flat,,0.0,0.988606436037874,0.9642857142857144,0.2929338225485383,0.0,False,"['report_invalid', 'weak_signal', 'insufficient_net_edge']"
2026-01-05 00:00:00-05:00,XRP,crypto flow + macro overlay favors long exposure,short,-3.0,0.7498729522460117,0.9724376958701269,0.9642857142857144,1.827976749584879,2500.0,False,['report_invalid']
2026-01-05 00:00:00-05:00,SOL,crypto flow + macro overlay favors long exposure,short,-3.0,0.7477194808506681,0.9724376958701269,0.9642857142857144,1.8274383817360431,2500.0,False,['report_invalid']
2026-01-05 00:00:00-05:00,ETH,crypto flow + macro overlay favors long exposure,short,-3.0,0.7436828136722524,0.9724376958701269,0.9642857142857144,1.8264292149414394,2500.0,False,['report_invalid']
2026-01-05 00:00:00-05:00,BTC,crypto flow + macro overlay favors long exposure,long,1.5160172217169425,0.7473558411754352,0.9724376958701269,0.9642857142857144,1.159555221589859,1263.3476847641189,False,['report_invalid']
2026-01-05 00:00:00-05:00,EURUSD,forex flow + macro overlay favors short exposure,flat,,-0.7402893048003572,0.9724376958701269,0.9642857142857144,0.4755808377234655,0.0,False,"['report_invalid', 'weak_signal', 'insufficient_net_edge']"
2026-01-05 00:00:00-05:00,COPPER,metal flow + macro overlay favors long exposure,flat,,0.6887440054568279,0.9724376958701269,0.9642857142857144,0.4626945128875831,0.0,False,"['report_invalid', 'weak_signal', 'insufficient_net_edge']"
2026-01-05 00:00:00-05:00,AUDUSD,forex flow + macro overlay favors short exposure,flat,,-0.5631776884211976,0.9724376958701269,0.9642857142857144,0.43130293362867556,0.0,False,"['report_invalid', 'weak_signal', 'insufficient_net_edge']"
2026-01-05 00:00:00-05:00,SILVER,metal flow + macro overlay favors long exposure,flat,,0.43473918408385215,0.9724376958701269,0.9642857142857144,0.39919330754433924,0.0,False,"['report_invalid', 'weak_signal', 'insufficient_net_edge']"
2026-01-05 00:00:00-05:00,GOLD,metal flow + macro overlay favors long exposure,flat,,0.3178555326268212,0.9724376958701269,0.9642857142857144,0.3699723946800815,0.0,False,"['report_invalid', 'weak_signal', 'insufficient_net_edge']"
2026-01-05 00:00:00-05:00,GOOG,stock flow + macro overlay favors long exposure,flat,,0.0,0.9724376958701269,0.9642857142857144,0.2905085115233762,0.0,False,"['report_invalid', 'weak_signal', 'insufficient_net_edge']"
2026-01-05 00:00:00-05:00,MCD,stock flow + macro overlay favors long exposure,flat,,0.0,0.9724376958701269,0.9642857142857144,0.2905085115233762,0.0,False,"['report_invalid', 'weak_signal', 'insufficient_net_edge']"
2026-01-05 00:00:00-05:00,NVDA,stock flow + macro overlay favors long exposure,flat,,0.0,0.9724376958701269,0.9642857142857144,0.2905085115233762,0.0,False,"['report_invalid', 'weak_signal', 'insufficient_net_edge']"
2026-01-05 00:00:00-05:00,SPY,stock flow + macro overlay favors long exposure,flat,,0.0,0.9724376958701269,0.9642857142857144,0.2905085115233762,0.0,False,"['report_invalid', 'weak_signal', 'insufficient_net_edge']"
2026-01-05 00:00:00-05:00,TSLA,stock flow + macro overlay favors long exposure,flat,,0.0,0.9724376958701269,0.9642857142857144,0.2905085115233762,0.0,False,"['report_invalid', 'weak_signal', 'insufficient_net_edge']"
2026-01-06 00:00:00-05:00,COPPER,metal flow + macro overlay favors long exposure,long,3.0,0.7494568223804826,0.9640591714538833,1.0,1.8319730813132031,7500.0,True,[]
2026-01-06 00:00:00-05:00,BTC,crypto flow + macro overlay favors long exposure,short,-3.0,0.7439048768292814,0.9640591714538833,1.0,1.830585094925403,2500.0,True,[]
2026-01-06 00:00:00-05:00,SILVER,metal flow + macro overlay favors long exposure,long,3.0,0.742327080943618,0.9640591714538833,1.0,1.830190645953987,7500.0,True,[]
2026-01-06 00:00:00-05:00,GOLD,metal flow + macro overlay favors long exposure,long,3.0,0.7345501736830687,0.9640591714538833,1.0,1.8282464191388497,7500.0,True,[]
2026-01-06 00:00:00-05:00,SOL,crypto flow + macro overlay favors long exposure,short,-3.0,0.725197347536044,0.9640591714538833,1.0,1.8259082126020936,2500.0,True,[]
2026-01-06 00:00:00-05:00,ETH,crypto flow + macro overlay favors long exposure,short,-3.0,0.7136156029030204,0.9640591714538833,1.0,1.8230127764438377,2500.0,True,[]
2026-01-06 00:00:00-05:00,AUDUSD,forex flow + macro overlay favors long exposure,short,-3.0,0.6692119906016133,0.9640591714538833,1.0,1.8119118733684858,15000.0,True,[]
2026-01-06 00:00:00-05:00,EURUSD,forex flow + macro overlay favors long exposure,short,-3.0,0.2482618229653662,0.9640591714538833,1.0,1.7066743314594242,15000.0,True,[]
2026-01-06 00:00:00-05:00,XRP,crypto flow + macro overlay favors long exposure,long,0.03572728801370465,0.7497174895976476,0.9640591714538833,1.0,0.4981155277236615,29.772740011420545,False,['weak_signal']
2026-01-06 00:00:00-05:00,TSLA,stock flow + macro overlay favors long exposure,flat,,0.5955292911794952,0.9640591714538833,1.0,0.44349119851295626,0.0,False,"['weak_signal', 'insufficient_net_edge']"
2026-01-06 00:00:00-05:00,MCD,stock flow + macro overlay favors long exposure,flat,,-0.38047220342363186,0.9640591714538833,1.0,0.38972692657399044,0.0,False,"['weak_signal', 'insufficient_net_edge']"
2026-01-06 00:00:00-05:00,SPY,stock flow + macro overlay favors long exposure,flat,,0.23406931731913844,0.9640591714538833,1.0,0.35312620504786707,0.0,False,"['weak_signal', 'insufficient_net_edge']"
2026-01-06 00:00:00-05:00,GOOG,stock flow + macro overlay favors long exposure,flat,,0.2302697175921305,0.9640591714538833,1.0,0.3521763051161151,0.0,False,"['weak_signal', 'insufficient_net_edge']"
2026-01-06 00:00:00-05:00,NVDA,stock flow + macro overlay favors long exposure,flat,,-0.1902308052590786,0.9640591714538833,1.0,0.34216657703285214,0.0,False,"['weak_signal', 'insufficient_net_edge']"
2026-01-07 00:00:00-05:00,XRP,crypto flow + macro overlay favors long exposure,short,-3.0,0.7339704915695041,0.9670397533017622,1.0,1.8285485858876405,2500.0,True,[]
2026-01-07 00:00:00-05:00,ETH,crypto flow + macro overlay favors long exposure,short,-3.0,0.7210978115485034,0.9670397533017622,1.0,1.8253304158823902,2500.0,True,[]
2026-01-07 00:00:00-05:00,SOL,crypto flow + macro overlay favors long exposure,short,-3.0,0.6980420567264893,0.9670397533017622,1.0,1.8195664771768867,2500.0,True,[]
2026-01-07 00:00:00-05:00,BTC,crypto flow + macro overlay favors long exposure,short,-3.0,0.5560272024019085,0.9670397533017622,1.0,1.7840627635957416,2500.0,True,[]
2026-01-07 00:00:00-05:00,COPPER,metal flow + macro overlay favors long exposure,long,3.0,0.0,0.9670397533017622,1.0,1.6450559629952644,7500.0,True,[]
2026-01-07 00:00:00-05:00,EURUSD,forex flow + macro overlay favors long exposure,short,-3.0,0.0,0.9670397533017622,1.0,1.6450559629952644,15000.0,True,[]
2026-01-07 00:00:00-05:00,GOLD,metal flow + macro overlay favors long exposure,long,3.0,0.0,0.9670397533017622,1.0,1.6450559629952644,7500.0,True,[]
2026-01-07 00:00:00-05:00,SILVER,metal flow + macro overlay favors long exposure,long,3.0,0.0,0.9670397533017622,1.0,1.6450559629952644,7500.0,True,[]
2026-01-07 00:00:00-05:00,AUDUSD,forex flow + macro overlay favors long exposure,long,1.123593577526756,0.0,0.9670397533017622,1.0,0.8006730728823046,5617.96788763378,True,[]
2026-01-07 00:00:00-05:00,GOOG,stock flow + macro overlay favors long exposure,flat,,0.0,0.9670397533017622,1.0,0.2950559629952643,0.0,False,"['weak_signal', 'insufficient_net_edge']"
2026-01-07 00:00:00-05:00,MCD,stock flow + macro overlay favors long exposure,flat,,0.0,0.9670397533017622,1.0,0.2950559629952643,0.0,False,"['weak_signal', 'insufficient_net_edge']"
2026-01-07 00:00:00-05:00,NVDA,stock flow + macro overlay favors long exposure,flat,,0.0,0.9670397533017622,1.0,0.2950559629952643,0.0,False,"['weak_signal', 'insufficient_net_edge']"
2026-01-07 00:00:00-05:00,SPY,stock flow + macro overlay favors long exposure,flat,,0.0,0.9670397533017622,1.0,0.2950559629952643,0.0,False,"['weak_signal', 'insufficient_net_edge']"
2026-01-07 00:00:00-05:00,TSLA,stock flow + macro overlay favors long exposure,flat,,0.0,0.9670397533017622,1.0,0.2950559629952643,0.0,False,"['weak_signal', 'insufficient_net_edge']"
2026-01-08 00:00:00-05:00,SOL,crypto flow + macro overlay favors long exposure,short,-3.0,0.5297911827153823,0.978259968945813,1.0,1.7791867910207175,2500.0,True,[]
2026-01-08 00:00:00-05:00,XRP,crypto flow + macro overlay favors long exposure,long,3.0,0.32036118599416896,0.978259968945813,1.0,1.726829291840414,2500.0,True,[]
2026-01-08 00:00:00-05:00,BTC,crypto flow + macro overlay favors long exposure,short,-2.8473820530972205,-0.5799370423854072,0.978259968945813,1.0,1.7230451798319728,2372.818377581017,True,[]
2026-01-08 00:00:00-05:00,ETH,crypto flow + macro overlay favors long exposure,long,3.0,-0.06835719658580504,0.978259968945813,1.0,1.6638282944883231,2500.0,True,[]
2026-01-08 00:00:00-05:00,AUDUSD,forex flow + macro overlay favors long exposure,flat,,0.5786825563329312,0.978259968945813,1.0,0.4414096344251047,0.0,False,"['weak_signal', 'insufficient_net_edge']"
2026-01-08 00:00:00-05:00,COPPER,metal flow + macro overlay favors long exposure,flat,,-0.29334428836876414,0.978259968945813,1.0,0.370075067434063,0.0,False,"['weak_signal', 'insufficient_net_edge']"
2026-01-08 00:00:00-05:00,SILVER,metal flow + macro overlay favors long exposure,flat,,0.22119843107563514,0.978259968945813,1.0,0.3520386031107807,0.0,False,"['weak_signal', 'insufficient_net_edge']"
2026-01-08 00:00:00-05:00,GOLD,metal flow + macro overlay favors long exposure,flat,,0.14967148428114851,0.978259968945813,1.0,0.3341568664121591,0.0,False,"['weak_signal', 'insufficient_net_edge']"
2026-01-08 00:00:00-05:00,EURUSD,forex flow + macro overlay favors long exposure,flat,,-0.0712987323777069,0.978259968945813,1.0,0.3145636784362987,0.0,False,"['weak_signal', 'insufficient_net_edge']"
2026-01-08 00:00:00-05:00,GOOG,stock flow + macro overlay favors long exposure,flat,,0.0,0.978259968945813,1.0,0.296738995341872,0.0,False,"['weak_signal', 'insufficient_net_edge']"
2026-01-08 00:00:00-05:00,MCD,stock flow + macro overlay favors long exposure,flat,,0.0,0.978259968945813,1.0,0.296738995341872,0.0,False,"['weak_signal', 'insufficient_net_edge']"
2026-01-08 00:00:00-05:00,NVDA,stock flow + macro overlay favors long exposure,flat,,0.0,0.978259968945813,1.0,0.296738995341872,0.0,False,"['weak_signal', 'insufficient_net_edge']"
2026-01-08 00:00:00-05:00,SPY,stock flow + macro overlay favors long exposure,flat,,0.0,0.978259968945813,1.0,0.296738995341872,0.0,False,"['weak_signal', 'insufficient_net_edge']"
2026-01-08 00:00:00-05:00,TSLA,stock flow + macro overlay favors long exposure,flat,,0.0,0.978259968945813,1.0,0.296738995341872,0.0,False,"['weak_signal', 'insufficient_net_edge']"
2026-01-09 00:00:00-05:00,SOL,crypto flow + macro overlay favors long exposure,short,-3.0,0.4306845452367206,0.9864843970744391,1.0,1.7556437958703461,2500.0,True,[]
2026-01-09 00:00:00-05:00,BTC,crypto flow + macro overlay favors long exposure,short,-2.704001339947685,-0.715302086113306,0.9864843970744391,1.0,1.6935987840659505,2253.3344499564046,True,[]
2026-01-09 00:00:00-05:00,ETH,crypto flow + macro overlay favors long exposure,short,-2.496271467094651,-0.7146502374704742,0.9864843970744391,1.0,1.5999573791213775,2080.226222578876,True,[]
2026-01-09 00:00:00-05:00,XRP,crypto flow + macro overlay favors long exposure,short,-1.1385178701007057,-0.7420139581455338,0.9864843970744391,1.0,0.9958091906428669,948.7648917505882,True,[]
2026-01-09 00:00:00-05:00,EURUSD,forex flow + macro overlay favors long exposure,flat,,-0.7417946678171556,0.9864843970744391,1.0,0.4834213265154548,0.0,False,"['weak_signal', 'insufficient_net_edge']"
2026-01-09 00:00:00-05:00,TSLA,stock flow + macro overlay favors short exposure,flat,,-0.706533664901048,0.9864843970744391,1.0,0.4746060757864279,0.0,False,"['weak_signal', 'insufficient_net_edge']"
2026-01-09 00:00:00-05:00,COPPER,metal flow + macro overlay favors long exposure,flat,,-0.7054903796553664,0.9864843970744391,1.0,0.4743452544750075,0.0,False,"['weak_signal', 'insufficient_net_edge']"
2026-01-09 00:00:00-05:00,GOOG,stock flow + macro overlay favors short exposure,flat,,0.6619046308116696,0.9864843970744391,1.0,0.46344881726408327,0.0,False,"['weak_signal', 'insufficient_net_edge']"
2026-01-09 00:00:00-05:00,MCD,stock flow + macro overlay favors short exposure,flat,,0.6556126614946938,0.9864843970744391,1.0,0.46187582493483936,0.0,False,"['weak_signal', 'insufficient_net_edge']"
2026-01-09 00:00:00-05:00,AUDUSD,forex flow + macro overlay favors long exposure,flat,,-0.6098253295968958,0.9864843970744391,1.0,0.4504289919603899,0.0,False,"['weak_signal', 'insufficient_net_edge']"
2026-01-09 00:00:00-05:00,NVDA,stock flow + macro overlay favors short exposure,flat,,-0.493768127218591,0.9864843970744391,1.0,0.42141469136581367,0.0,False,"['weak_signal', 'insufficient_net_edge']"
2026-01-09 00:00:00-05:00,SILVER,metal flow + macro overlay favors long exposure,flat,,-0.3598359963418732,0.9864843970744391,1.0,0.38793165864663415,0.0,False,"['weak_signal', 'insufficient_net_edge']"
2026-01-09 00:00:00-05:00,GOLD,metal flow + macro overlay favors long exposure,flat,,0.15886586521503782,0.9864843970744391,1.0,0.3376891258649253,0.0,False,"['weak_signal', 'insufficient_net_edge']"
2026-01-09 00:00:00-05:00,SPY,stock flow + macro overlay favors short exposure,flat,,0.11322417270723895,0.9864843970744391,1.0,0.3262787027379756,0.0,False,"['weak_signal', 'insufficient_net_edge']"
2026-01-10 00:00:00-05:00,SOL,crypto flow + macro overlay favors long exposure,short,-2.679461681512326,-0.5919715978062587,0.9942203688543254,1.0,1.6528837114602601,2232.884734593605,True,[]
2026-01-10 00:00:00-05:00,BTC,crypto flow + macro overlay favors long exposure,short,-2.6180931628096653,-0.6930344516115117,0.9942203688543254,1.0,1.650533591495376,2181.744302341388,True,[]
2026-01-10 00:00:00-05:00,ETH,crypto flow + macro overlay favors long exposure,short,-2.586631820839764,-0.7458760251277419,0.9942203688543254,1.0,1.6495863809879778,2155.52651736647,True,[]
2026-01-10 00:00:00-05:00,XRP,crypto flow + macro overlay favors long exposure,long,1.1549611869808343,-0.7094261961446239,0.9942203688543254,1.0,0.9962221385056802,962.467655817362,True,[]
2026-01-10 00:00:00-05:00,GOOG,stock flow + macro overlay favors long exposure,flat,,0.7386507604949737,0.9942203688543254,1.0,0.4837957454518922,0.0,False,"['weak_signal', 'insufficient_net_edge']"
2026-01-10 00:00:00-05:00,AUDUSD,forex flow + macro overlay favors short exposure,flat,,-0.7369511311346861,0.9942203688543254,1.0,0.48337083811182036,0.0,False,"['weak_signal', 'insufficient_net_edge']"
2026-01-10 00:00:00-05:00,EURUSD,forex flow + macro overlay favors short exposure,flat,,-0.7237844212081201,0.9942203688543254,1.0,0.48007916063017886,0.0,False,"['weak_signal', 'insufficient_net_edge']"
2026-01-10 00:00:00-05:00,TSLA,stock flow + macro overlay favors long exposure,flat,,0.6309360849325569,0.9942203688543254,1.0,0.456867076561288,0.0,False,"['weak_signal', 'insufficient_net_edge']"
2026-01-10 00:00:00-05:00,NVDA,stock flow + macro overlay favors long exposure,flat,,-0.5173822925901099,0.9942203688543254,1.0,0.4284786284756763,0.0,False,"['weak_signal', 'insufficient_net_edge']"
2026-01-10 00:00:00-05:00,COPPER,metal flow + macro overlay favors long exposure,flat,,-0.45355214015657586,0.9942203688543254,1.0,0.4125210903672928,0.0,False,"['weak_signal', 'insufficient_net_edge']"
2026-01-10 00:00:00-05:00,GOLD,metal flow + macro overlay favors long exposure,flat,,0.41242023291308516,0.9942203688543254,1.0,0.40223811355642014,0.0,False,"['weak_signal', 'insufficient_net_edge']"
2026-01-10 00:00:00-05:00,MCD,stock flow + macro overlay favors long exposure,flat,,0.3355048074744362,0.9942203688543254,1.0,0.3830092571967578,0.0,False,"['weak_signal', 'insufficient_net_edge']"
2026-01-10 00:00:00-05:00,SPY,stock flow + macro overlay favors long exposure,flat,,0.1277205287123962,0.9942203688543254,1.0,0.33106318750624786,0.0,False,"['weak_signal', 'insufficient_net_edge']"
2026-01-10 00:00:00-05:00,SILVER,metal flow + macro overlay favors long exposure,flat,,0.08377623710871022,0.9942203688543254,1.0,0.32007711460532634,0.0,False,"['weak_signal', 'insufficient_net_edge']"
2026-01-11 00:00:00-05:00,BTC,crypto flow + macro overlay favors short exposure,short,-2.7696208768118074,-0.19785511654965554,0.995984921870207,0.9642857142857144,1.5898337691261155,2308.017397343173,False,['report_invalid']
2026-01-11 00:00:00-05:00,SOL,crypto flow + macro overlay favors short exposure,short,-2.645045854589044,-0.4104731649601925,0.995984921870207,0.9642857142857144,1.586929521228506,2204.2048788242037,False,['report_invalid']
2026-01-11 00:00:00-05:00,XRP,crypto flow + macro overlay favors short exposure,long,2.5950365264116986,-0.49493147587656644,0.995984921870207,0.9642857142857144,1.5855399012777942,2162.5304386764155,False,['report_invalid']
2026-01-11 00:00:00-05:00,ETH,crypto flow + macro overlay favors short exposure,short,-2.5296217283689035,-0.6055324023221886,0.995984921870207,0.9642857142857144,1.583753473769942,2108.0181069740865,False,['report_invalid']
2026-01-11 00:00:00-05:00,AUDUSD,forex flow + macro overlay favors long exposure,flat,,0.0,0.995984921870207,0.9642857142857144,0.29404059542338823,0.0,False,"['report_invalid', 'weak_signal', 'insufficient_net_edge']"
2026-01-11 00:00:00-05:00,COPPER,metal flow + macro overlay favors long exposure,flat,,0.0,0.995984921870207,0.9642857142857144,0.29404059542338823,0.0,False,"['report_invalid', 'weak_signal', 'insufficient_net_edge']"
2026-01-11 00:00:00-05:00,EURUSD,forex flow + macro overlay favors long exposure,flat,,0.0,0.995984921870207,0.9642857142857144,0.29404059542338823,0.0,False,"['report_invalid', 'weak_signal', 'insufficient_net_edge']"
2026-01-11 00:00:00-05:00,GOLD,metal flow + macro overlay favors long exposure,flat,,0.0,0.995984921870207,0.9642857142857144,0.29404059542338823,0.0,False,"['report_invalid', 'weak_signal', 'insufficient_net_edge']"
2026-01-11 00:00:00-05:00,GOOG,stock flow + macro overlay favors long exposure,flat,,0.0,0.995984921870207,0.9642857142857144,0.29404059542338823,0.0,False,"['report_invalid', 'weak_signal', 'insufficient_net_edge']"
2026-01-11 00:00:00-05:00,MCD,stock flow + macro overlay favors long exposure,flat,,0.0,0.995984921870207,0.9642857142857144,0.29404059542338823,0.0,False,"['report_invalid', 'weak_signal', 'insufficient_net_edge']"
2026-01-11 00:00:00-05:00,NVDA,stock flow + macro overlay favors long exposure,flat,,0.0,0.995984921870207,0.9642857142857144,0.29404059542338823,0.0,False,"['report_invalid', 'weak_signal', 'insufficient_net_edge']"
2026-01-11 00:00:00-05:00,SILVER,metal flow + macro overlay favors long exposure,flat,,0.0,0.995984921870207,0.9642857142857144,0.29404059542338823,0.0,False,"['report_invalid', 'weak_signal', 'insufficient_net_edge']"
2026-01-11 00:00:00-05:00,SPY,stock flow + macro overlay favors long exposure,flat,,0.0,0.995984921870207,0.9642857142857144,0.29404059542338823,0.0,False,"['report_invalid', 'weak_signal', 'insufficient_net_edge']"
2026-01-11 00:00:00-05:00,TSLA,stock flow + macro overlay favors long exposure,flat,,0.0,0.995984921870207,0.9642857142857144,0.29404059542338823,0.0,False,"['report_invalid', 'weak_signal', 'insufficient_net_edge']"
2026-01-12 00:00:00-05:00,SOL,crypto flow + macro overlay favors long exposure,short,-3.0,0.5086536551800063,0.9841678931301405,0.9642857142857144,1.7694314549073797,2500.0,False,['report_invalid']
2026-01-12 00:00:00-05:00,BTC,crypto flow + macro overlay favors long exposure,short,-3.0,0.4376330593904165,0.9841678931301405,0.9642857142857144,1.7516763059599822,2500.0,False,['report_invalid']
2026-01-12 00:00:00-05:00,XRP,crypto flow + macro overlay favors long exposure,long,2.811870974036545,-0.33792779723661104,0.9841678931301405,0.9642857142857144,1.6420919287379763,2343.225811697121,False,['report_invalid']
2026-01-12 00:00:00-05:00,ETH,crypto flow + macro overlay favors long exposure,short,-1.8490888462426693,0.4656814807496669,0.9841678931301405,0.9642857142857144,1.240778392108996,1540.9073718688912,False,['report_invalid']
2026-01-12 00:00:00-05:00,SILVER,metal flow + macro overlay favors long exposure,flat,,0.7451326287973727,0.9841678931301405,0.9642857142857144,0.47855119831172144,0.0,False,"['report_invalid', 'weak_signal', 'insufficient_net_edge']"
2026-01-12 00:00:00-05:00,GOLD,metal flow + macro overlay favors long exposure,flat,,0.7216125242374691,0.9841678931301405,0.9642857142857144,0.4726711721717455,0.0,False,"['report_invalid', 'weak_signal', 'insufficient_net_edge']"
2026-01-12 00:00:00-05:00,COPPER,metal flow + macro overlay favors long exposure,flat,,0.6597994407630194,0.9841678931301405,0.9642857142857144,0.4572179013031331,0.0,False,"['report_invalid', 'weak_signal', 'insufficient_net_edge']"
2026-01-12 00:00:00-05:00,EURUSD,forex flow + macro overlay favors short exposure,flat,,0.4608474158349401,0.9841678931301405,0.9642857142857144,0.40747989507111326,0.0,False,"['report_invalid', 'weak_signal', 'insufficient_net_edge']"
2026-01-12 00:00:00-05:00,AUDUSD,forex flow + macro overlay favors short exposure,flat,,0.11192923120593849,0.9841678931301405,0.9642857142857144,0.32025034891386284,0.0,False,"['report_invalid', 'weak_signal', 'insufficient_net_edge']"
2026-01-12 00:00:00-05:00,GOOG,stock flow + macro overlay favors long exposure,flat,,0.0,0.9841678931301405,0.9642857142857144,0.29226804111237825,0.0,False,"['report_invalid', 'weak_signal', 'insufficient_net_edge']"
2026-01-12 00:00:00-05:00,MCD,stock flow + macro overlay favors long exposure,flat,,0.0,0.9841678931301405,0.9642857142857144,0.29226804111237825,0.0,False,"['report_invalid', 'weak_signal', 'insufficient_net_edge']"
2026-01-12 00:00:00-05:00,NVDA,stock flow + macro overlay favors long exposure,flat,,0.0,0.9841678931301405,0.9642857142857144,0.29226804111237825,0.0,False,"['report_invalid', 'weak_signal', 'insufficient_net_edge']"
2026-01-12 00:00:00-05:00,SPY,stock flow + macro overlay favors long exposure,flat,,0.0,0.9841678931301405,0.9642857142857144,0.29226804111237825,0.0,False,"['report_invalid', 'weak_signal', 'insufficient_net_edge']"
2026-01-12 00:00:00-05:00,TSLA,stock flow + macro overlay favors long exposure,flat,,0.0,0.9841678931301405,0.9642857142857144,0.29226804111237825,0.0,False,"['report_invalid', 'weak_signal', 'insufficient_net_edge']"
2026-01-13 00:00:00-05:00,SILVER,metal flow + macro overlay favors long exposure,long,3.0,0.7328417047801794,0.9805263317058652,1.0,1.8302893759509247,7500.0,True,[]
2026-01-13 00:00:00-05:00,GOLD,metal flow + macro overlay favors long exposure,short,-3.0,0.7027429008523112,0.9805263317058652,1.0,1.8227646749689574,7500.0,True,[]
2026-01-13 00:00:00-05:00,EURUSD,forex flow + macro overlay favors short exposure,short,-3.0,0.6206866835738133,0.9805263317058652,1.0,1.8022506206493332,15000.0,True,[]
2026-01-13 00:00:00-05:00,SOL,crypto flow + macro overlay favors long exposure,long,3.0,0.6012068405219987,0.9805263317058652,1.0,1.7973806598863795,2500.0,True,[]
2026-01-13 00:00:00-05:00,COPPER,metal flow + macro overlay favors long exposure,long,3.0,0.5920177212012083,0.9805263317058652,1.0,1.7950833800561818,7500.0,True,[]
2026-01-13 00:00:00-05:00,BTC,crypto flow + macro overlay favors long exposure,short,-3.0,0.5458396704435898,0.9805263317058652,1.0,1.7835388673667771,2500.0,True,[]
2026-01-13 00:00:00-05:00,AUDUSD,forex flow + macro overlay favors short exposure,short,-3.0,0.5377836712389021,0.9805263317058652,1.0,1.7815248675656052,15000.0,True,[]
2026-01-13 00:00:00-05:00,XRP,crypto flow + macro overlay favors long exposure,long,2.9929668717172326,-0.1643791540410187,0.9805263317058652,1.0,1.685008830538889,2494.139059764361,True,[]
2026-01-13 00:00:00-05:00,ETH,crypto flow + macro overlay favors long exposure,long,1.0730505274098692,0.5217698594307641,0.9805263317058652,1.0,0.910394151948012,894.2087728415577,True,[]
2026-01-13 00:00:00-05:00,GOOG,stock flow + macro overlay favors long exposure,flat,,0.23712472393328654,0.9805263317058652,1.0,0.3563601307392014,0.0,False,"['weak_signal', 'insufficient_net_edge']"
2026-01-13 00:00:00-05:00,TSLA,stock flow + macro overlay favors long exposure,flat,,0.2042569059748156,0.9805263317058652,1.0,0.3481431762495837,0.0,False,"['weak_signal', 'insufficient_net_edge']"
2026-01-13 00:00:00-05:00,MCD,stock flow + macro overlay favors long exposure,flat,,-0.11383355666131656,0.9805263317058652,1.0,0.32553733892120895,0.0,False,"['weak_signal', 'insufficient_net_edge']"
2026-01-13 00:00:00-05:00,NVDA,stock flow + macro overlay favors long exposure,flat,,-0.05669809714219756,0.9805263317058652,1.0,0.31125347404142917,0.0,False,"['weak_signal', 'insufficient_net_edge']"
2026-01-13 00:00:00-05:00,SPY,stock flow + macro overlay favors long exposure,flat,,-0.032917153085510464,0.9805263317058652,1.0,0.3053082380272574,0.0,False,"['weak_signal', 'insufficient_net_edge']"
2026-01-14 00:00:00-05:00,ETH,crypto flow + macro overlay favors long exposure,short,-3.0,0.7484272500031389,0.968564329873131,1.0,1.8323914619817543,2500.0,True,[]
2026-01-14 00:00:00-05:00,BTC,crypto flow + macro overlay favors long exposure,short,-3.0,0.7451186303137787,0.968564329873131,1.0,1.8315643070594143,2500.0,True,[]
2026-01-14 00:00:00-05:00,SOL,crypto flow + macro overlay favors long exposure,long,3.0,0.7442502791380954,0.968564329873131,1.0,1.8313472192654934,2500.0,True,[]
2026-01-14 00:00:00-05:00,XRP,crypto flow + macro overlay favors long exposure,long,3.0,0.48191506130869166,0.968564329873131,1.0,1.7657634148081425,2500.0,True,[]
2026-01-14 00:00:00-05:00,COPPER,metal flow + macro overlay favors long exposure,long,3.0,0.0,0.968564329873131,1.0,1.6452846494809696,7500.0,True,[]
2026-01-14 00:00:00-05:00,GOOG,stock flow + macro overlay favors long exposure,long,3.0,0.0,0.968564329873131,1.0,1.6452846494809696,7500.0,True,[]
2026-01-14 00:00:00-05:00,MCD,stock flow + macro overlay favors long exposure,short,-3.0,0.0,0.968564329873131,1.0,1.6452846494809696,7500.0,True,[]
2026-01-14 00:00:00-05:00,NVDA,stock flow + macro overlay favors long exposure,short,-3.0,0.0,0.968564329873131,1.0,1.6452846494809696,7500.0,True,[]
2026-01-14 00:00:00-05:00,SILVER,metal flow + macro overlay favors long exposure,long,3.0,0.0,0.968564329873131,1.0,1.6452846494809696,7500.0,True,[]
2026-01-14 00:00:00-05:00,SPY,stock flow + macro overlay favors long exposure,short,-3.0,0.0,0.968564329873131,1.0,1.6452846494809696,7500.0,True,[]
2026-01-14 00:00:00-05:00,TSLA,stock flow + macro overlay favors long exposure,short,-3.0,0.0,0.968564329873131,1.0,1.6452846494809696,7500.0,True,[]
2026-01-14 00:00:00-05:00,AUDUSD,forex flow + macro overlay favors short exposure,short,-2.992309761084673,0.0,0.968564329873131,1.0,1.6418240419690726,14961.548805423365,True,[]
2026-01-14 00:00:00-05:00,EURUSD,forex flow + macro overlay favors short exposure,short,-2.9915789546651648,0.0,0.968564329873131,1.0,1.6414951790802936,14957.894773325823,True,[]
2026-01-14 00:00:00-05:00,GOLD,metal flow + macro overlay favors long exposure,long,1.0824104943656538,0.0,0.968564329873131,1.0,0.7823693719455139,2706.0262359141343,True,[]
2026-01-15 00:00:00-05:00,BTC,crypto flow + macro overlay favors long exposure,short,-3.0,0.7442577531180002,0.9747360035176303,1.0,1.8322748388071446,2500.0,True,[]
2026-01-15 00:00:00-05:00,ETH,crypto flow + macro overlay favors long exposure,short,-3.0,0.7280126843086197,0.9747360035176303,1.0,1.8282135716047996,2500.0,True,[]
2026-01-15 00:00:00-05:00,XRP,crypto flow + macro overlay favors long exposure,short,-3.0,0.11977692463905543,0.9747360035176303,1.0,1.6761546316874083,2500.0,True,[]
2026-01-15 00:00:00-05:00,SOL,crypto flow + macro overlay favors long exposure,long,2.4539028270286605,0.39642222272604816,0.9747360035176303,1.0,1.4995722283720538,2044.919022523884,True,[]
2026-01-15 00:00:00-05:00,EURUSD,forex flow + macro overlay favors short exposure,flat,,-0.6788019798400876,0.9747360035176303,1.0,0.4659108954876665,0.0,False,"['weak_signal', 'insufficient_net_edge']"
2026-01-15 00:00:00-05:00,SILVER,metal flow + macro overlay favors long exposure,flat,,0.6173691623275864,0.9747360035176303,1.0,0.4505526911095412,0.0,False,"['weak_signal', 'insufficient_net_edge']"
2026-01-15 00:00:00-05:00,AUDUSD,forex flow + macro overlay favors short exposure,flat,,-0.5396282275107849,0.9747360035176303,1.0,0.4311174574053408,0.0,False,"['weak_signal', 'insufficient_net_edge']"
2026-01-15 00:00:00-05:00,COPPER,metal flow + macro overlay favors long exposure,flat,,-0.40116047498399177,0.9747360035176303,1.0,0.3965005192736425,0.0,False,"['weak_signal', 'insufficient_net_edge']"
2026-01-15 00:00:00-05:00,GOLD,metal flow + macro overlay favors long exposure,flat,,0.09838375887714632,0.9747360035176303,1.0,0.3208063402469311,0.0,False,"['weak_signal', 'insufficient_net_edge']"
2026-01-15 00:00:00-05:00,GOOG,stock flow + macro overlay favors short exposure,flat,,0.0,0.9747360035176303,1.0,0.2962104005276446,0.0,False,"['weak_signal', 'insufficient_net_edge']"
2026-01-15 00:00:00-05:00,MCD,stock flow + macro overlay favors short exposure,flat,,0.0,0.9747360035176303,1.0,0.2962104005276446,0.0,False,"['weak_signal', 'insufficient_net_edge']"
2026-01-15 00:00:00-05:00,NVDA,stock flow + macro overlay favors short exposure,flat,,0.0,0.9747360035176303,1.0,0.2962104005276446,0.0,False,"['weak_signal', 'insufficient_net_edge']"
2026-01-15 00:00:00-05:00,SPY,stock flow + macro overlay favors short exposure,flat,,0.0,0.9747360035176303,1.0,0.2962104005276446,0.0,False,"['weak_signal', 'insufficient_net_edge']"
2026-01-15 00:00:00-05:00,TSLA,stock flow + macro overlay favors short exposure,flat,,0.0,0.9747360035176303,1.0,0.2962104005276446,0.0,False,"['weak_signal', 'insufficient_net_edge']"
2026-01-16 00:00:00-05:00,BTC,crypto flow + macro overlay favors long exposure,short,-3.0,0.7391214138432836,0.9823310343242462,1.0,1.8321300086094578,2500.0,True,[]
2026-01-16 00:00:00-05:00,SOL,crypto flow + macro overlay favors long exposure,long,3.0,0.5105941659086518,0.9823310343242462,1.0,1.7749981966257997,2500.0,True,[]
2026-01-16 00:00:00-05:00,ETH,crypto flow + macro overlay favors long exposure,short,-2.621415761184515,0.7351600028232044,0.9823310343242462,1.0,1.6607767483874696,2184.5131343204293,True,[]
2026-01-16 00:00:00-05:00,XRP,crypto flow + macro overlay favors long exposure,long,3.0,0.01623044328254696,0.9823310343242462,1.0,1.6514072659692736,2500.0,True,[]
2026-01-16 00:00:00-05:00,EURUSD,forex flow + macro overlay favors short exposure,flat,,-0.7376073796162472,0.9823310343242462,1.0,0.48175150005269873,0.0,False,"['weak_signal', 'insufficient_net_edge']"
2026-01-16 00:00:00-05:00,SILVER,metal flow + macro overlay favors long exposure,flat,,0.7262500275980049,0.9823310343242462,1.0,0.47891216204813813,0.0,False,"['weak_signal', 'insufficient_net_edge']"
2026-01-16 00:00:00-05:00,COPPER,metal flow + macro overlay favors long exposure,flat,,-0.5947407825797225,0.9823310343242462,1.0,0.4460348507935675,0.0,False,"['weak_signal', 'insufficient_net_edge']"
2026-01-16 00:00:00-05:00,TSLA,stock flow + macro overlay favors short exposure,flat,,-0.5584494097369319,0.9823310343242462,1.0,0.43696200758286996,0.0,False,"['weak_signal', 'insufficient_net_edge']"
2026-01-16 00:00:00-05:00,NVDA,stock flow + macro overlay favors short exposure,flat,,0.5060907715782657,0.9823310343242462,1.0,0.4238723480432034,0.0,False,"['weak_signal', 'insufficient_net_edge']"
2026-01-16 00:00:00-05:00,MCD,stock flow + macro overlay favors short exposure,flat,,0.24963891262307433,0.9823310343242462,1.0,0.3597593833044055,0.0,False,"['weak_signal', 'insufficient_net_edge']"
2026-01-16 00:00:00-05:00,AUDUSD,forex flow + macro overlay favors short exposure,flat,,-0.24125165622031236,0.9823310343242462,1.0,0.357662569203715,0.0,False,"['weak_signal', 'insufficient_net_edge']"
2026-01-16 00:00:00-05:00,GOLD,metal flow + macro overlay favors long exposure,flat,,0.18205114030139125,0.9823310343242462,1.0,0.3428624402239847,0.0,False,"['weak_signal', 'insufficient_net_edge']"
2026-01-16 00:00:00-05:00,GOOG,stock flow + macro overlay favors short exposure,flat,,0.1740766196851193,0.9823310343242462,1.0,0.34086881006991676,0.0,False,"['weak_signal', 'insufficient_net_edge']"
2026-01-16 00:00:00-05:00,SPY,stock flow + macro overlay favors short exposure,flat,,-0.050256411657664944,0.9823310343242462,1.0,0.30991375806305316,0.0,False,"['weak_signal', 'insufficient_net_edge']"
2026-01-17 00:00:00-05:00,ETH,crypto flow + macro overlay favors long exposure,short,-2.9575912762700547,-0.38367020970417137,0.9869956299101427,1.0,1.724882971234089,2464.6593968917123,True,[]
2026-01-17 00:00:00-05:00,XRP,crypto flow + macro overlay favors long exposure,short,-2.8452400966065663,-0.5713281793763786,0.9869956299101427,1.0,1.721239432803571,2371.0334138388052,True,[]
2026-01-17 00:00:00-05:00,SOL,crypto flow + macro overlay favors long exposure,long,3.0,-0.15295318636988062,0.9869956299101427,1.0,1.6862876410789915,2500.0,True,[]
2026-01-17 00:00:00-05:00,BTC,crypto flow + macro overlay favors long exposure,short,-3.0,0.10609431277054723,0.9869956299101427,1.0,1.6745729226791581,2500.0,True,[]
2026-01-17 00:00:00-05:00,COPPER,metal flow + macro overlay favors long exposure,flat,,-0.7391889075419759,0.9869956299101427,1.0,0.48284657137201537,0.0,False,"['weak_signal', 'insufficient_net_edge']"
2026-01-17 00:00:00-05:00,GOOG,stock flow + macro overlay favors long exposure,flat,,-0.7172428093293499,0.9869956299101427,1.0,0.4773600468188589,0.0,False,"['weak_signal', 'insufficient_net_edge']"
2026-01-17 00:00:00-05:00,EURUSD,forex flow + macro overlay favors short exposure,flat,,-0.7155677410131831,0.9869956299101427,1.0,0.47694127973981715,0.0,False,"['weak_signal', 'insufficient_net_edge']"
2026-01-17 00:00:00-05:00,TSLA,stock flow + macro overlay favors long exposure,flat,,-0.6514630431343708,0.9869956299101427,1.0,0.46091510527011414,0.0,False,"['weak_signal', 'insufficient_net_edge']"
2026-01-17 00:00:00-05:00,MCD,stock flow + macro overlay favors long exposure,flat,,-0.5200908806884367,0.9869956299101427,1.0,0.42807206465863057,0.0,False,"['weak_signal', 'insufficient_net_edge']"
2026-01-17 00:00:00-05:00,SPY,stock flow + macro overlay favors long exposure,flat,,-0.4355236274249887,0.9869956299101427,1.0,0.4069302513427686,0.0,False,"['weak_signal', 'insufficient_net_edge']"
2026-01-17 00:00:00-05:00,AUDUSD,forex flow + macro overlay favors short exposure,flat,,-0.3259749152077088,0.9869956299101427,1.0,0.3795430732884486,0.0,False,"['weak_signal', 'insufficient_net_edge']"
2026-01-17 00:00:00-05:00,GOLD,metal flow + macro overlay favors long exposure,flat,,-0.30894572697479794,0.9869956299101427,1.0,0.37528577623022086,0.0,False,"['weak_signal', 'insufficient_net_edge']"
2026-01-17 00:00:00-05:00,SILVER,metal flow + macro overlay favors long exposure,flat,,0.1866366167683271,0.9869956299101427,1.0,0.3447084986786032,0.0,False,"['weak_signal', 'insufficient_net_edge']"
2026-01-17 00:00:00-05:00,NVDA,stock flow + macro overlay favors long exposure,flat,,0.1322052024922418,0.9869956299101427,1.0,0.3311006451095818,0.0,False,"['weak_signal', 'insufficient_net_edge']"
2026-01-18 00:00:00-05:00,SOL,crypto flow + macro overlay favors long exposure,long,2.9111389412154276,-0.34818116247537534,0.9898217373608351,0.9642857142857144,1.6901739319127687,2425.949117679523,False,['report_invalid']
2026-01-18 00:00:00-05:00,XRP,crypto flow + macro overlay favors long exposure,short,-2.905094989300028,-0.3580315621593561,0.9898217373608351,0.9642857142857144,1.689916753471834,2420.912491083357,False,['report_invalid']
2026-01-18 00:00:00-05:00,BTC,crypto flow + macro overlay favors long exposure,short,-2.805896054655066,-0.5255571410907466,0.9898217373608351,0.9642857142857144,1.6871586276144486,2338.2467122125554,False,['report_invalid']
2026-01-18 00:00:00-05:00,ETH,crypto flow + macro overlay favors long exposure,long,3.0,0.03347168830497127,0.9898217373608351,0.9642857142857144,1.6514840398232251,2500.0,False,['report_invalid']
2026-01-18 00:00:00-05:00,AUDUSD,forex flow + macro overlay favors long exposure,flat,,0.0,0.9898217373608351,0.9642857142857144,0.29311611774698243,0.0,False,"['report_invalid', 'weak_signal', 'insufficient_net_edge']"
2026-01-18 00:00:00-05:00,COPPER,metal flow + macro overlay favors long exposure,flat,,0.0,0.9898217373608351,0.9642857142857144,0.29311611774698243,0.0,False,"['report_invalid', 'weak_signal', 'insufficient_net_edge']"
2026-01-18 00:00:00-05:00,EURUSD,forex flow + macro overlay favors long exposure,flat,,0.0,0.9898217373608351,0.9642857142857144,0.29311611774698243,0.0,False,"['report_invalid', 'weak_signal', 'insufficient_net_edge']"
2026-01-18 00:00:00-05:00,GOLD,metal flow + macro overlay favors long exposure,flat,,0.0,0.9898217373608351,0.9642857142857144,0.29311611774698243,0.0,False,"['report_invalid', 'weak_signal', 'insufficient_net_edge']"
2026-01-18 00:00:00-05:00,GOOG,stock flow + macro overlay favors long exposure,flat,,0.0,0.9898217373608351,0.9642857142857144,0.29311611774698243,0.0,False,"['report_invalid', 'weak_signal', 'insufficient_net_edge']"
2026-01-18 00:00:00-05:00,MCD,stock flow + macro overlay favors long exposure,flat,,0.0,0.9898217373608351,0.9642857142857144,0.29311611774698243,0.0,False,"['report_invalid', 'weak_signal', 'insufficient_net_edge']"
2026-01-18 00:00:00-05:00,NVDA,stock flow + macro overlay favors long exposure,flat,,0.0,0.9898217373608351,0.9642857142857144,0.29311611774698243,0.0,False,"['report_invalid', 'weak_signal', 'insufficient_net_edge']"
2026-01-18 00:00:00-05:00,SILVER,metal flow + macro overlay favors long exposure,flat,,0.0,0.9898217373608351,0.9642857142857144,0.29311611774698243,0.0,False,"['report_invalid', 'weak_signal', 'insufficient_net_edge']"
2026-01-18 00:00:00-05:00,SPY,stock flow + macro overlay favors long exposure,flat,,0.0,0.9898217373608351,0.9642857142857144,0.29311611774698243,0.0,False,"['report_invalid', 'weak_signal', 'insufficient_net_edge']"
2026-01-18 00:00:00-05:00,TSLA,stock flow + macro overlay favors long exposure,flat,,0.0,0.9898217373608351,0.9642857142857144,0.29311611774698243,0.0,False,"['report_invalid', 'weak_signal', 'insufficient_net_edge']"
2026-01-19 00:00:00-05:00,ETH,crypto flow + macro overlay favors short exposure,long,2.5775678420181873,-0.5632095675372413,0.9884670812084452,0.9642857142857144,1.5936208401166185,2147.973201681823,False,['report_invalid']
2026-01-19 00:00:00-05:00,XRP,crypto flow + macro overlay favors short exposure,long,2.395893105823104,-0.5823638346661532,0.9884670812084452,0.9642857142857144,1.516655775611059,1996.5775881859204,False,['report_invalid']
2026-01-19 00:00:00-05:00,BTC,crypto flow + macro overlay favors short exposure,long,1.8492065266346227,-0.7105182707806945,0.9884670812084452,0.9642857142857144,1.3026854240048777,1541.0054388621857,False,['report_invalid']
2026-01-19 00:00:00-05:00,SOL,crypto flow + macro overlay favors short exposure,long,0.5605900521239541,-0.7280137477860085,0.9884670812084452,0.9642857142857144,0.7271818797264055,467.15837676996176,False,"['report_invalid', 'weak_signal']"
2026-01-19 00:00:00-05:00,GOLD,metal flow + macro overlay favors long exposure,flat,,0.6261711731563422,0.9884670812084452,0.9642857142857144,0.4494557126132095,0.0,False,"['report_invalid', 'weak_signal', 'insufficient_net_edge']"
2026-01-19 00:00:00-05:00,EURUSD,forex flow + macro overlay favors short exposure,flat,,0.551991999022691,0.9884670812084452,0.9642857142857144,0.43091091907979673,0.0,False,"['report_invalid', 'weak_signal', 'insufficient_net_edge']"
2026-01-19 00:00:00-05:00,SILVER,metal flow + macro overlay favors long exposure,flat,,0.38500559140248314,0.9884670812084452,0.9642857142857144,0.3891643171747447,0.0,False,"['report_invalid', 'weak_signal', 'insufficient_net_edge']"
2026-01-19 00:00:00-05:00,COPPER,metal flow + macro overlay favors long exposure,flat,,-0.1308645503951063,0.9884670812084452,0.9642857142857144,0.32562905692290045,0.0,False,"['report_invalid', 'weak_signal', 'insufficient_net_edge']"
2026-01-19 00:00:00-05:00,AUDUSD,forex flow + macro overlay favors short exposure,flat,,-0.11577356714159869,0.9884670812084452,0.9642857142857144,0.3218563111095236,0.0,False,"['report_invalid', 'weak_signal', 'insufficient_net_edge']"
2026-01-19 00:00:00-05:00,GOOG,stock flow + macro overlay favors long exposure,flat,,0.0,0.9884670812084452,0.9642857142857144,0.2929129193241239,0.0,False,"['report_invalid', 'weak_signal', 'insufficient_net_edge']"
2026-01-19 00:00:00-05:00,MCD,stock flow + macro overlay favors long exposure,flat,,0.0,0.9884670812084452,0.9642857142857144,0.2929129193241239,0.0,False,"['report_invalid', 'weak_signal', 'insufficient_net_edge']"
2026-01-19 00:00:00-05:00,NVDA,stock flow + macro overlay favors long exposure,flat,,0.0,0.9884670812084452,0.9642857142857144,0.2929129193241239,0.0,False,"['report_invalid', 'weak_signal', 'insufficient_net_edge']"
2026-01-19 00:00:00-05:00,SPY,stock flow + macro overlay favors long exposure,flat,,0.0,0.9884670812084452,0.9642857142857144,0.2929129193241239,0.0,False,"['report_invalid', 'weak_signal', 'insufficient_net_edge']"
2026-01-19 00:00:00-05:00,TSLA,stock flow + macro overlay favors long exposure,flat,,0.0,0.9884670812084452,0.9642857142857144,0.2929129193241239,0.0,False,"['report_invalid', 'weak_signal', 'insufficient_net_edge']"
2026-01-20 00:00:00-05:00,EURUSD,forex flow + macro overlay favors long exposure,short,-3.0,0.7425381064583413,0.981620569116354,0.9642857142857144,1.8275204691248956,15000.0,False,['report_invalid']
2026-01-20 00:00:00-05:00,AUDUSD,forex flow + macro overlay favors long exposure,short,-3.0,0.7210649607006201,0.981620569116354,0.9642857142857144,1.8221521826854652,15000.0,False,['report_invalid']
2026-01-20 00:00:00-05:00,SILVER,metal flow + macro overlay favors long exposure,long,3.0,0.7133883068741084,0.981620569116354,0.9642857142857144,1.8202330192288374,7500.0,False,['report_invalid']
2026-01-20 00:00:00-05:00,XRP,crypto flow + macro overlay favors short exposure,short,-2.5362593602693115,-0.5874492139149775,0.981620569116354,0.9642857142857144,1.5800649581102448,2113.5494668910933,False,['report_invalid']
2026-01-20 00:00:00-05:00,BTC,crypto flow + macro overlay favors short exposure,short,-2.4451704624780564,-0.741212306064321,0.981620569116354,0.9642857142857144,1.5775157271415157,2037.6420520650472,False,['report_invalid']
2026-01-20 00:00:00-05:00,COPPER,metal flow + macro overlay favors long exposure,short,-2.3928850783378843,0.35366056518938166,0.981620569116354,0.9642857142857144,1.4570993690597036,5982.212695844711,False,['report_invalid']
2026-01-20 00:00:00-05:00,SOL,crypto flow + macro overlay favors short exposure,short,-1.7253472108252088,-0.7449711396592041,0.981620569116354,0.9642857142857144,1.2545349722964552,1437.7893423543408,False,['report_invalid']
2026-01-20 00:00:00-05:00,GOLD,metal flow + macro overlay favors long exposure,long,1.1039448185269358,0.7476072322373728,0.981620569116354,0.9642857142857144,0.9755629189067746,2759.8620463173393,False,['report_invalid']
2026-01-20 00:00:00-05:00,ETH,crypto flow + macro overlay favors short exposure,short,-0.3774698877110891,-0.7039467585330438,0.981620569116354,0.9642857142857144,0.6377340816135614,314.5582397592409,False,"['report_invalid', 'weak_signal']"
2026-01-20 00:00:00-05:00,GOOG,stock flow + macro overlay favors long exposure,flat,,0.0,0.981620569116354,0.9642857142857144,0.29188594251031025,0.0,False,"['report_invalid', 'weak_signal', 'insufficient_net_edge']"
2026-01-20 00:00:00-05:00,MCD,stock flow + macro overlay favors long exposure,flat,,0.0,0.981620569116354,0.9642857142857144,0.29188594251031025,0.0,False,"['report_invalid', 'weak_signal', 'insufficient_net_edge']"
2026-01-20 00:00:00-05:00,NVDA,stock flow + macro overlay favors long exposure,flat,,0.0,0.981620569116354,0.9642857142857144,0.29188594251031025,0.0,False,"['report_invalid', 'weak_signal', 'insufficient_net_edge']"
2026-01-20 00:00:00-05:00,SPY,stock flow + macro overlay favors long exposure,flat,,0.0,0.981620569116354,0.9642857142857144,0.29188594251031025,0.0,False,"['report_invalid', 'weak_signal', 'insufficient_net_edge']"
2026-01-20 00:00:00-05:00,TSLA,stock flow + macro overlay favors long exposure,flat,,0.0,0.981620569116354,0.9642857142857144,0.29188594251031025,0.0,False,"['report_invalid', 'weak_signal', 'insufficient_net_edge']"
2026-01-21 00:00:00-05:00,AUDUSD,forex flow + macro overlay favors long exposure,short,-3.0,0.0,0.9711858303880971,1.0,1.6456778745582146,15000.0,True,[]
2026-01-21 00:00:00-05:00,COPPER,metal flow + macro overlay favors long exposure,long,3.0,0.0,0.9711858303880971,1.0,1.6456778745582146,7500.0,True,[]
2026-01-21 00:00:00-05:00,EURUSD,forex flow + macro overlay favors long exposure,short,-3.0,0.0,0.9711858303880971,1.0,1.6456778745582146,15000.0,True,[]
2026-01-21 00:00:00-05:00,GOLD,metal flow + macro overlay favors long exposure,long,3.0,0.0,0.9711858303880971,1.0,1.6456778745582146,7500.0,True,[]
2026-01-21 00:00:00-05:00,SILVER,metal flow + macro overlay favors long exposure,long,3.0,0.0,0.9711858303880971,1.0,1.6456778745582146,7500.0,True,[]
2026-01-21 00:00:00-05:00,NVDA,stock flow + macro overlay favors short exposure,short,-2.9040107000800552,0.0,0.9711858303880971,1.0,1.6024826895942395,7260.026750200138,True,[]
2026-01-21 00:00:00-05:00,TSLA,stock flow + macro overlay favors short exposure,short,-2.903767097940219,0.0,0.9711858303880971,1.0,1.602373068631313,7259.417744850547,True,[]
2026-01-21 00:00:00-05:00,GOOG,stock flow + macro overlay favors short exposure,long,2.903523495800383,0.0,0.9711858303880971,1.0,1.6022634476683868,7258.808739500957,True,[]
2026-01-21 00:00:00-05:00,SPY,stock flow + macro overlay favors short exposure,short,-2.9032798936605464,0.0,0.9711858303880971,1.0,1.6021538267054605,7258.199734151365,True,[]
2026-01-21 00:00:00-05:00,MCD,stock flow + macro overlay favors short exposure,short,-2.902549087241037,0.0,0.9711858303880971,1.0,1.6018249638166813,7256.372718102592,True,[]
2026-01-21 00:00:00-05:00,ETH,crypto flow + macro overlay favors short exposure,long,1.2217197570140188,-0.7493183208556191,0.9711858303880971,1.0,1.0327813454284278,1018.0997975116825,True,[]
2026-01-21 00:00:00-05:00,XRP,crypto flow + macro overlay favors short exposure,short,-0.9366266429290951,-0.6863793350892149,0.9711858303880971,1.0,0.8887546976486111,780.5222024409127,False,['weak_signal']
2026-01-21 00:00:00-05:00,BTC,crypto flow + macro overlay favors short exposure,short,-0.20627432620091105,-0.748988583768741,0.9711858303880971,1.0,0.5757484672908098,171.89527183409254,False,['weak_signal']
2026-01-21 00:00:00-05:00,SOL,crypto flow + macro overlay favors short exposure,long,0.03174330441631742,-0.7490896661280962,0.9711858303880971,1.0,0.49723477807758143,26.452753680264518,False,['weak_signal']
2026-01-22 00:00:00-05:00,XRP,crypto flow + macro overlay favors short exposure,short,-2.811270954343746,-0.09753337210333932,0.9780690836246738,1.0,1.5861656350242215,2342.725795286455,True,[]
2026-01-22 00:00:00-05:00,BTC,crypto flow + macro overlay favors short exposure,long,2.4381515875319866,-0.7185869763234848,0.9780690836246738,1.0,1.5735253210139661,2031.792989609989,True,[]
2026-01-22 00:00:00-05:00,ETH,crypto flow + macro overlay favors short exposure,long,2.4299302967845686,-0.7326951311355752,0.9780690836246738,1.0,1.5733527788806505,2024.9419139871407,True,[]
2026-01-22 00:00:00-05:00,SOL,crypto flow + macro overlay favors short exposure,long,1.650988030524838,-0.5343850997123964,0.9780690836246738,1.0,1.1732512512079771,1375.8233587706984,True,[]
2026-01-22 00:00:00-05:00,AUDUSD,forex flow + macro overlay favors long exposure,flat,,0.7484939389628071,0.9780690836246738,1.0,0.4838338472844028,0.0,False,"['weak_signal', 'insufficient_net_edge']"
2026-01-22 00:00:00-05:00,GOLD,metal flow + macro overlay favors long exposure,flat,,0.7445148518068925,0.9780690836246738,1.0,0.48283907549542415,0.0,False,"['weak_signal', 'insufficient_net_edge']"
2026-01-22 00:00:00-05:00,EURUSD,forex flow + macro overlay favors long exposure,flat,,0.7268811444258255,0.9780690836246738,1.0,0.4784306486501575,0.0,False,"['weak_signal', 'insufficient_net_edge']"
2026-01-22 00:00:00-05:00,COPPER,metal flow + macro overlay favors long exposure,flat,,-0.6355850748681438,0.9780690836246738,1.0,0.45560663126073697,0.0,False,"['weak_signal', 'insufficient_net_edge']"
2026-01-22 00:00:00-05:00,SILVER,metal flow + macro overlay favors long exposure,flat,,0.25525745406187295,0.9780690836246738,1.0,0.3605247260591693,0.0,False,"['weak_signal', 'insufficient_net_edge']"
2026-01-22 00:00:00-05:00,GOOG,stock flow + macro overlay favors short exposure,flat,,0.0,0.9780690836246738,1.0,0.2967103625437011,0.0,False,"['weak_signal', 'insufficient_net_edge']"
2026-01-22 00:00:00-05:00,MCD,stock flow + macro overlay favors short exposure,flat,,0.0,0.9780690836246738,1.0,0.2967103625437011,0.0,False,"['weak_signal', 'insufficient_net_edge']"
2026-01-22 00:00:00-05:00,NVDA,stock flow + macro overlay favors short exposure,flat,,0.0,0.9780690836246738,1.0,0.2967103625437011,0.0,False,"['weak_signal', 'insufficient_net_edge']"
2026-01-22 00:00:00-05:00,SPY,stock flow + macro overlay favors short exposure,flat,,0.0,0.9780690836246738,1.0,0.2967103625437011,0.0,False,"['weak_signal', 'insufficient_net_edge']"
2026-01-22 00:00:00-05:00,TSLA,stock flow + macro overlay favors short exposure,flat,,0.0,0.9780690836246738,1.0,0.2967103625437011,0.0,False,"['weak_signal', 'insufficient_net_edge']"
2026-01-23 00:00:00-05:00,XRP,crypto flow + macro overlay favors short exposure,short,-2.557596994190122,-0.38764984023417487,0.974121847587875,1.0,1.5439493845822798,2131.3308284917684,True,[]
2026-01-23 00:00:00-05:00,SOL,crypto flow + macro overlay favors short exposure,short,-2.412395509560557,-0.6300583181831776,0.974121847587875,1.0,1.5392108359862262,2010.3295913004642,True,[]
2026-01-23 00:00:00-05:00,BTC,crypto flow + macro overlay favors short exposure,short,-2.398738839277571,-0.6516014246223053,0.974121847587875,1.0,1.5384511109686645,1998.9490327313092,True,[]
2026-01-23 00:00:00-05:00,ETH,crypto flow + macro overlay favors short exposure,short,-2.3470681231910753,-0.738125288332859,0.974121847587875,1.0,1.5368302546573798,1955.8901026592296,True,[]
2026-01-23 00:00:00-05:00,GOLD,metal flow + macro overlay favors long exposure,flat,,0.7496263083203,0.974121847587875,1.0,0.4835248542182562,0.0,False,"['weak_signal', 'insufficient_net_edge']"
2026-01-23 00:00:00-05:00,AUDUSD,forex flow + macro overlay favors long exposure,flat,,0.7483508779704797,0.974121847587875,1.0,0.4832059966308012,0.0,False,"['weak_signal', 'insufficient_net_edge']"
2026-01-23 00:00:00-05:00,EURUSD,forex flow + macro overlay favors long exposure,flat,,0.7412103930382284,0.974121847587875,1.0,0.48142087539773837,0.0,False,"['weak_signal', 'insufficient_net_edge']"
2026-01-23 00:00:00-05:00,SILVER,metal flow + macro overlay favors long exposure,flat,,0.7134937379605908,0.974121847587875,1.0,0.4744917116283289,0.0,False,"['weak_signal', 'insufficient_net_edge']"
2026-01-23 00:00:00-05:00,COPPER,metal flow + macro overlay favors long exposure,flat,,-0.3047261745350902,0.974121847587875,1.0,0.3722998207719538,0.0,False,"['weak_signal', 'insufficient_net_edge']"
2026-01-23 00:00:00-05:00,GOOG,stock flow + macro overlay favors long exposure,flat,,0.0,0.974121847587875,1.0,0.29611827713818123,0.0,False,"['weak_signal', 'insufficient_net_edge']"
2026-01-23 00:00:00-05:00,MCD,stock flow + macro overlay favors long exposure,flat,,0.0,0.974121847587875,1.0,0.29611827713818123,0.0,False,"['weak_signal', 'insufficient_net_edge']"
2026-01-23 00:00:00-05:00,NVDA,stock flow + macro overlay favors long exposure,flat,,0.0,0.974121847587875,1.0,0.29611827713818123,0.0,False,"['weak_signal', 'insufficient_net_edge']"
2026-01-23 00:00:00-05:00,SPY,stock flow + macro overlay favors long exposure,flat,,0.0,0.974121847587875,1.0,0.29611827713818123,0.0,False,"['weak_signal', 'insufficient_net_edge']"
2026-01-23 00:00:00-05:00,TSLA,stock flow + macro overlay favors long exposure,flat,,0.0,0.974121847587875,1.0,0.29611827713818123,0.0,False,"['weak_signal', 'insufficient_net_edge']"
2026-01-24 00:00:00-05:00,XRP,crypto flow + macro overlay favors short exposure,short,-2.93329829449565,0.14707166928975438,0.9799135275511117,1.0,1.6537391789781477,2444.4152454130417,True,[]
2026-01-24 00:00:00-05:00,BTC,crypto flow + macro overlay favors short exposure,long,2.885198683981123,0.06771765889833094,0.9799135275511117,1.0,1.6122558516487546,2404.332236650936,True,[]
2026-01-24 00:00:00-05:00,SOL,crypto flow + macro overlay favors short exposure,short,-2.838670347799547,-0.011047578770144392,0.9799135275511117,1.0,1.5771505803349988,2365.558623166289,True,[]
2026-01-24 00:00:00-05:00,ETH,crypto flow + macro overlay favors short exposure,short,-2.111026078465529,-0.1844003624815967,0.9799135275511117,1.0,1.293048855062554,1759.1883987212743,True,[]
2026-01-24 00:00:00-05:00,AUDUSD,forex flow + macro overlay favors long exposure,flat,,0.7499054765421228,0.9799135275511117,1.0,0.4844633982681975,0.0,False,"['weak_signal', 'insufficient_net_edge']"
2026-01-24 00:00:00-05:00,SILVER,metal flow + macro overlay favors long exposure,flat,,0.7482643671136228,0.9799135275511117,1.0,0.48405312091107244,0.0,False,"['weak_signal', 'insufficient_net_edge']"
2026-01-24 00:00:00-05:00,TSLA,stock flow + macro overlay favors long exposure,flat,,0.7457801646636341,0.9799135275511117,1.0,0.48343207029857527,0.0,False,"['weak_signal', 'insufficient_net_edge']"
2026-01-24 00:00:00-05:00,NVDA,stock flow + macro overlay favors long exposure,flat,,0.7449598121739418,0.9799135275511117,1.0,0.48322698217615223,0.0,False,"['weak_signal', 'insufficient_net_edge']"
2026-01-24 00:00:00-05:00,MCD,stock flow + macro overlay favors long exposure,flat,,0.7440519844338951,0.9799135275511117,1.0,0.4830000252411405,0.0,False,"['weak_signal', 'insufficient_net_edge']"
2026-01-24 00:00:00-05:00,EURUSD,forex flow + macro overlay favors long exposure,flat,,0.7440316207055353,0.9799135275511117,1.0,0.4829949343090506,0.0,False,"['weak_signal', 'insufficient_net_edge']"
2026-01-24 00:00:00-05:00,SPY,stock flow + macro overlay favors long exposure,flat,,0.7402861089500982,0.9799135275511117,1.0,0.48205855637019135,0.0,False,"['weak_signal', 'insufficient_net_edge']"
2026-01-24 00:00:00-05:00,GOLD,metal flow + macro overlay favors long exposure,flat,,0.7231080598099909,0.9799135275511117,1.0,0.4777640440851645,0.0,False,"['weak_signal', 'insufficient_net_edge']"
2026-01-24 00:00:00-05:00,GOOG,stock flow + macro overlay favors long exposure,flat,,0.6752052776873965,0.9799135275511117,1.0,0.4657883485545159,0.0,False,"['weak_signal', 'insufficient_net_edge']"
2026-01-24 00:00:00-05:00,COPPER,metal flow + macro overlay favors long exposure,flat,,0.5595736067062042,0.9799135275511117,1.0,0.4368804308092178,0.0,False,"['weak_signal', 'insufficient_net_edge']"
2026-01-25 00:00:00-05:00,XRP,crypto flow + macro overlay favors short exposure,short,-2.507394443820562,-0.4452600432419019,0.9893716755045024,0.9642857142857144,1.5326911189982608,2089.4953698504687,False,['report_invalid']
2026-01-25 00:00:00-05:00,BTC,crypto flow + macro overlay favors short exposure,long,2.4664191975979004,-0.5139817872748427,0.9893716755045024,0.9642857142857144,1.5314326942062984,2055.349331331584,False,['report_invalid']
2026-01-25 00:00:00-05:00,SOL,crypto flow + macro overlay favors short exposure,short,-2.4225372220739416,-0.5896661806813486,0.9893716755045024,0.9642857142857144,1.5306069035721432,2018.7810183949516,False,['report_invalid']
2026-01-25 00:00:00-05:00,ETH,crypto flow + macro overlay favors short exposure,long,2.411700386376947,-0.6072439553374004,0.9893716755045024,0.9642857142857144,1.5301247711725088,2009.7503219807893,False,['report_invalid']
2026-01-25 00:00:00-05:00,AUDUSD,forex flow + macro overlay favors long exposure,flat,,0.0,0.9893716755045024,0.9642857142857144,0.29304860846853253,0.0,False,"['report_invalid', 'weak_signal', 'insufficient_net_edge']"
2026-01-25 00:00:00-05:00,COPPER,metal flow + macro overlay favors long exposure,flat,,0.0,0.9893716755045024,0.9642857142857144,0.29304860846853253,0.0,False,"['report_invalid', 'weak_signal', 'insufficient_net_edge']"
2026-01-25 00:00:00-05:00,EURUSD,forex flow + macro overlay favors long exposure,flat,,0.0,0.9893716755045024,0.9642857142857144,0.29304860846853253,0.0,False,"['report_invalid', 'weak_signal', 'insufficient_net_edge']"
2026-01-25 00:00:00-05:00,GOLD,metal flow + macro overlay favors long exposure,flat,,0.0,0.9893716755045024,0.9642857142857144,0.29304860846853253,0.0,False,"['report_invalid', 'weak_signal', 'insufficient_net_edge']"
2026-01-25 00:00:00-05:00,GOOG,stock flow + macro overlay favors long exposure,flat,,0.0,0.9893716755045024,0.9642857142857144,0.29304860846853253,0.0,False,"['report_invalid', 'weak_signal', 'insufficient_net_edge']"
2026-01-25 00:00:00-05:00,MCD,stock flow + macro overlay favors long exposure,flat,,0.0,0.9893716755045024,0.9642857142857144,0.29304860846853253,0.0,False,"['report_invalid', 'weak_signal', 'insufficient_net_edge']"
2026-01-25 00:00:00-05:00,NVDA,stock flow + macro overlay favors long exposure,flat,,0.0,0.9893716755045024,0.9642857142857144,0.29304860846853253,0.0,False,"['report_invalid', 'weak_signal', 'insufficient_net_edge']"
2026-01-25 00:00:00-05:00,SILVER,metal flow + macro overlay favors long exposure,flat,,0.0,0.9893716755045024,0.9642857142857144,0.29304860846853253,0.0,False,"['report_invalid', 'weak_signal', 'insufficient_net_edge']"
2026-01-25 00:00:00-05:00,SPY,stock flow + macro overlay favors long exposure,flat,,0.0,0.9893716755045024,0.9642857142857144,0.29304860846853253,0.0,False,"['report_invalid', 'weak_signal', 'insufficient_net_edge']"
2026-01-25 00:00:00-05:00,TSLA,stock flow + macro overlay favors long exposure,flat,,0.0,0.9893716755045024,0.9642857142857144,0.29304860846853253,0.0,False,"['report_invalid', 'weak_signal', 'insufficient_net_edge']"
2026-01-26 00:00:00-05:00,XRP,crypto flow + macro overlay favors short exposure,short,-2.4222259684388634,-0.5439894926873491,0.9675293420849513,0.9642857142857144,1.5157713174249257,2018.5216403657196,False,['report_invalid']
2026-01-26 00:00:00-05:00,ETH,crypto flow + macro overlay favors short exposure,short,-2.3441071793225894,-0.6761487070152377,0.9675293420849513,0.9642857142857144,1.5136576659045744,1953.4226494354914,False,['report_invalid']
2026-01-26 00:00:00-05:00,SOL,crypto flow + macro overlay favors short exposure,short,-2.321857167303031,-0.7147183103024272,0.9675293420849513,0.9642857142857144,1.5132875613175705,1934.880972752526,False,['report_invalid']
2026-01-26 00:00:00-05:00,BTC,crypto flow + macro overlay favors short exposure,long,2.329516457738143,-0.7005027158345715,0.9675293420849513,0.9642857142857144,1.5131803433964068,1941.263714781786,False,['report_invalid']
2026-01-26 00:00:00-05:00,SILVER,metal flow + macro overlay favors long exposure,flat,,0.7470181402700188,0.9675293420849513,0.9642857142857144,0.47652679352310456,0.0,False,"['report_invalid', 'weak_signal', 'insufficient_net_edge']"
2026-01-26 00:00:00-05:00,EURUSD,forex flow + macro overlay favors long exposure,flat,,0.746926528634119,0.9675293420849513,0.9642857142857144,0.47650389061412957,0.0,False,"['report_invalid', 'weak_signal', 'insufficient_net_edge']"
2026-01-26 00:00:00-05:00,AUDUSD,forex flow + macro overlay favors long exposure,flat,,0.7240100274785444,0.9675293420849513,0.9642857142857144,0.470774765325236,0.0,False,"['report_invalid', 'weak_signal', 'insufficient_net_edge']"
2026-01-26 00:00:00-05:00,GOLD,metal flow + macro overlay favors long exposure,flat,,0.7104305692814884,0.9675293420849513,0.9642857142857144,0.4673799007759719,0.0,False,"['report_invalid', 'weak_signal', 'insufficient_net_edge']"
2026-01-26 00:00:00-05:00,COPPER,metal flow + macro overlay favors long exposure,flat,,0.5582577076424721,0.9675293420849513,0.9642857142857144,0.42933668536621783,0.0,False,"['report_invalid', 'weak_signal', 'insufficient_net_edge']"
2026-01-26 00:00:00-05:00,GOOG,stock flow + macro overlay favors long exposure,flat,,0.0,0.9675293420849513,0.9642857142857144,0.28977225845559984,0.0,False,"['report_invalid', 'weak_signal', 'insufficient_net_edge']"
2026-01-26 00:00:00-05:00,MCD,stock flow + macro overlay favors long exposure,flat,,0.0,0.9675293420849513,0.9642857142857144,0.28977225845559984,0.0,False,"['report_invalid', 'weak_signal', 'insufficient_net_edge']"
2026-01-26 00:00:00-05:00,NVDA,stock flow + macro overlay favors long exposure,flat,,0.0,0.9675293420849513,0.9642857142857144,0.28977225845559984,0.0,False,"['report_invalid', 'weak_signal', 'insufficient_net_edge']"
2026-01-26 00:00:00-05:00,SPY,stock flow + macro overlay favors long exposure,flat,,0.0,0.9675293420849513,0.9642857142857144,0.28977225845559984,0.0,False,"['report_invalid', 'weak_signal', 'insufficient_net_edge']"
2026-01-26 00:00:00-05:00,TSLA,stock flow + macro overlay favors long exposure,flat,,0.0,0.9675293420849513,0.9642857142857144,0.28977225845559984,0.0,False,"['report_invalid', 'weak_signal', 'insufficient_net_edge']"
2026-01-27 00:00:00-05:00,EURUSD,forex flow + macro overlay favors long exposure,long,3.0,0.6932479600517678,0.9653330519154824,1.0,1.818111947800264,15000.0,True,[]
2026-01-27 00:00:00-05:00,AUDUSD,forex flow + macro overlay favors long exposure,long,3.0,0.36800849226805843,0.9653330519154824,1.0,1.736802080854337,15000.0,True,[]
2026-01-27 00:00:00-05:00,ETH,crypto flow + macro overlay favors short exposure,short,-2.7007730852181986,-0.20154520827310143,0.9653330519154824,1.0,1.560534148203787,2250.6442376818322,True,[]
2026-01-27 00:00:00-05:00,XRP,crypto flow + macro overlay favors short exposure,short,-2.6591712948122175,-0.2712875291827971,0.9653330519154824,1.0,1.5592489227485196,2215.9760790101814,True,[]
2026-01-27 00:00:00-05:00,SOL,crypto flow + macro overlay favors short exposure,short,-2.4887043546126115,-0.5558050997485341,0.9653330519154824,1.0,1.553668192300131,2073.9202955105097,True,[]
2026-01-27 00:00:00-05:00,BTC,crypto flow + macro overlay favors short exposure,short,-2.491637419670657,-0.5496986472859428,0.9653330519154824,1.0,1.5534614584606037,2076.3645163922147,True,[]
2026-01-27 00:00:00-05:00,MCD,stock flow + macro overlay favors long exposure,flat,,0.7406129017484941,0.9653330519154824,1.0,0.4799531832244459,0.0,False,"['weak_signal', 'insufficient_net_edge']"
2026-01-27 00:00:00-05:00,SILVER,metal flow + macro overlay favors long exposure,flat,,0.7336663737502632,0.9653330519154824,1.0,0.47821655122488815,0.0,False,"['weak_signal', 'insufficient_net_edge']"
2026-01-27 00:00:00-05:00,GOLD,metal flow + macro overlay favors long exposure,flat,,0.6745163259280922,0.9653330519154824,1.0,0.4634290392693454,0.0,False,"['weak_signal', 'insufficient_net_edge']"
2026-01-27 00:00:00-05:00,TSLA,stock flow + macro overlay favors long exposure,flat,,-0.6670333839092836,0.9653330519154824,1.0,0.46155830376464324,0.0,False,"['weak_signal', 'insufficient_net_edge']"
2026-01-27 00:00:00-05:00,SPY,stock flow + macro overlay favors long exposure,flat,,0.6499478763744657,0.9653330519154824,1.0,0.45728692688093875,0.0,False,"['weak_signal', 'insufficient_net_edge']"
2026-01-27 00:00:00-05:00,GOOG,stock flow + macro overlay favors long exposure,flat,,0.6403200722302964,0.9653330519154824,1.0,0.4548799758448965,0.0,False,"['weak_signal', 'insufficient_net_edge']"
2026-01-27 00:00:00-05:00,COPPER,metal flow + macro overlay favors long exposure,flat,,-0.39547954824527654,0.9653330519154824,1.0,0.3936698448486415,0.0,False,"['weak_signal', 'insufficient_net_edge']"
2026-01-27 00:00:00-05:00,NVDA,stock flow + macro overlay favors long exposure,flat,,-0.19617115860016973,0.9653330519154824,1.0,0.34384274743736476,0.0,False,"['weak_signal', 'insufficient_net_edge']"
2026-01-28 00:00:00-05:00,ETH,crypto flow + macro overlay favors short exposure,short,-3.0,0.49814065037398386,0.9665920636797648,1.0,1.7695239721454608,2500.0,True,[]
2026-01-28 00:00:00-05:00,AUDUSD,forex flow + macro overlay favors long exposure,long,3.0,0.0,0.9665920636797648,1.0,1.6449888095519647,15000.0,True,[]
2026-01-28 00:00:00-05:00,COPPER,metal flow + macro overlay favors long exposure,long,3.0,0.0,0.9665920636797648,1.0,1.6449888095519647,7500.0,True,[]
2026-01-28 00:00:00-05:00,EURUSD,forex flow + macro overlay favors long exposure,short,-3.0,0.0,0.9665920636797648,1.0,1.6449888095519647,15000.0,True,[]
2026-01-28 00:00:00-05:00,GOLD,metal flow + macro overlay favors long exposure,long,3.0,0.0,0.9665920636797648,1.0,1.6449888095519647,7500.0,True,[]
2026-01-28 00:00:00-05:00,GOOG,stock flow + macro overlay favors long exposure,long,3.0,0.0,0.9665920636797648,1.0,1.6449888095519647,7500.0,True,[]
2026-01-28 00:00:00-05:00,MCD,stock flow + macro overlay favors long exposure,short,-3.0,0.0,0.9665920636797648,1.0,1.6449888095519647,7500.0,True,[]
2026-01-28 00:00:00-05:00,NVDA,stock flow + macro overlay favors long exposure,short,-3.0,0.0,0.9665920636797648,1.0,1.6449888095519647,7500.0,True,[]
2026-01-28 00:00:00-05:00,SILVER,metal flow + macro overlay favors long exposure,long,3.0,0.0,0.9665920636797648,1.0,1.6449888095519647,7500.0,True,[]
2026-01-28 00:00:00-05:00,SPY,stock flow + macro overlay favors long exposure,short,-3.0,0.0,0.9665920636797648,1.0,1.6449888095519647,7500.0,True,[]
2026-01-28 00:00:00-05:00,TSLA,stock flow + macro overlay favors long exposure,long,3.0,0.0,0.9665920636797648,1.0,1.6449888095519647,7500.0,True,[]
2026-01-28 00:00:00-05:00,BTC,crypto flow + macro overlay favors short exposure,short,-2.9338344247099495,0.048390975987071996,0.9665920636797648,1.0,1.62731204466821,2444.862020591625,True,[]
2026-01-28 00:00:00-05:00,XRP,crypto flow + macro overlay favors short exposure,short,-2.929699694909037,0.040687752519429264,0.9665920636797648,1.0,1.6235256103908884,2441.4164124241975,True,[]
2026-01-28 00:00:00-05:00,SOL,crypto flow + macro overlay favors short exposure,short,-2.923559072076077,0.030047377564769245,0.9665920636797648,1.0,1.6181022363773916,2436.2992267300647,True,[]
2026-01-29 00:00:00-05:00,ETH,crypto flow + macro overlay favors short exposure,short,-3.0,0.6521851289201004,0.9612610532658232,1.0,1.8072354402198987,2500.0,True,[]
2026-01-29 00:00:00-05:00,SOL,crypto flow + macro overlay favors short exposure,short,-3.0,0.22985324848965585,0.9612610532658232,1.0,1.7016524701122875,2500.0,True,[]
2026-01-29 00:00:00-05:00,XRP,crypto flow + macro overlay favors short exposure,short,-2.910506612000127,0.07070678926292555,0.9612610532658232,1.0,1.6215938307056619,2425.4221766667724,True,[]
2026-01-29 00:00:00-05:00,BTC,crypto flow + macro overlay favors short exposure,long,1.8140717900835404,0.3469113609278004,0.9612610532658232,1.0,1.1972493037594167,1511.7264917362838,True,[]
2026-01-29 00:00:00-05:00,GOLD,metal flow + macro overlay favors long exposure,flat,,0.7499347572889069,0.9612610532658232,1.0,0.48167284731210025,0.0,False,"['weak_signal', 'insufficient_net_edge']"
2026-01-29 00:00:00-05:00,AUDUSD,forex flow + macro overlay favors long exposure,flat,,0.7498410108520162,0.9612610532658232,1.0,0.4816494107028775,0.0,False,"['weak_signal', 'insufficient_net_edge']"
2026-01-29 00:00:00-05:00,SILVER,metal flow + macro overlay favors long exposure,flat,,0.7495460119999433,0.9612610532658232,1.0,0.48157566098985927,0.0,False,"['weak_signal', 'insufficient_net_edge']"
2026-01-29 00:00:00-05:00,COPPER,metal flow + macro overlay favors long exposure,flat,,0.7493138919776017,0.9612610532658232,1.0,0.4815176309842739,0.0,False,"['weak_signal', 'insufficient_net_edge']"
2026-01-29 00:00:00-05:00,EURUSD,forex flow + macro overlay favors long exposure,flat,,0.7412140508174471,0.9612610532658232,1.0,0.4794926706942353,0.0,False,"['weak_signal', 'insufficient_net_edge']"
2026-01-29 00:00:00-05:00,GOOG,stock flow + macro overlay favors long exposure,flat,,0.0,0.9612610532658232,1.0,0.29418915798987344,0.0,False,"['weak_signal', 'insufficient_net_edge']"
2026-01-29 00:00:00-05:00,MCD,stock flow + macro overlay favors long exposure,flat,,0.0,0.9612610532658232,1.0,0.29418915798987344,0.0,False,"['weak_signal', 'insufficient_net_edge']"
2026-01-29 00:00:00-05:00,NVDA,stock flow + macro overlay favors long exposure,flat,,0.0,0.9612610532658232,1.0,0.29418915798987344,0.0,False,"['weak_signal', 'insufficient_net_edge']"
2026-01-29 00:00:00-05:00,SPY,stock flow + macro overlay favors long exposure,flat,,0.0,0.9612610532658232,1.0,0.29418915798987344,0.0,False,"['weak_signal', 'insufficient_net_edge']"
2026-01-29 00:00:00-05:00,TSLA,stock flow + macro overlay favors long exposure,flat,,0.0,0.9612610532658232,1.0,0.29418915798987344,0.0,False,"['weak_signal', 'insufficient_net_edge']"
2026-01-30 00:00:00-05:00,SOL,crypto flow + macro overlay favors short exposure,short,-2.2837951284189453,-0.7371085999710054,0.9689793799416668,1.0,1.5073318647725267,1903.162607015788,True,[]
2026-01-30 00:00:00-05:00,ETH,crypto flow + macro overlay favors short exposure,short,-2.2886994733803236,-0.7281226845692534,0.9689793799416668,1.0,1.507292341154709,1907.24956115027,True,[]
2026-01-30 00:00:00-05:00,XRP,crypto flow + macro overlay favors short exposure,short,-2.2773466728719303,-0.7474500223163031,0.9689793799416668,1.0,1.5070154153626945,1897.788894059942,True,[]
2026-01-30 00:00:00-05:00,BTC,crypto flow + macro overlay favors short exposure,short,-2.2766448936918344,-0.747807647150342,0.9689793799416668,1.0,1.506789020940161,1897.204078076529,True,[]
2026-01-30 00:00:00-05:00,NVDA,stock flow + macro overlay favors long exposure,flat,,0.7123903649322356,0.9689793799416668,1.0,0.4734444982243089,0.0,False,"['weak_signal', 'insufficient_net_edge']"
2026-01-30 00:00:00-05:00,AUDUSD,forex flow + macro overlay favors long exposure,flat,,0.7074513579252477,0.9689793799416668,1.0,0.472209746472562,0.0,False,"['weak_signal', 'insufficient_net_edge']"
2026-01-30 00:00:00-05:00,COPPER,metal flow + macro overlay favors long exposure,flat,,0.6293734974705092,0.9689793799416668,1.0,0.45269028135887734,0.0,False,"['weak_signal', 'insufficient_net_edge']"
2026-01-30 00:00:00-05:00,MCD,stock flow + macro overlay favors long exposure,flat,,0.5931226676265136,0.9689793799416668,1.0,0.44362757389787844,0.0,False,"['weak_signal', 'insufficient_net_edge']"
2026-01-30 00:00:00-05:00,EURUSD,forex flow + macro overlay favors long exposure,flat,,0.5573843259632814,0.9689793799416668,1.0,0.4346929884820704,0.0,False,"['weak_signal', 'insufficient_net_edge']"
2026-01-30 00:00:00-05:00,GOLD,metal flow + macro overlay favors long exposure,flat,,0.5348774594949783,0.9689793799416668,1.0,0.4290662718649946,0.0,False,"['weak_signal', 'insufficient_net_edge']"
2026-01-30 00:00:00-05:00,TSLA,stock flow + macro overlay favors long exposure,flat,,-0.47565366057288716,0.9689793799416668,1.0,0.41426032213447184,0.0,False,"['weak_signal', 'insufficient_net_edge']"
2026-01-30 00:00:00-05:00,GOOG,stock flow + macro overlay favors long exposure,flat,,0.3903961846374324,0.9689793799416668,1.0,0.3929459531506081,0.0,False,"['weak_signal', 'insufficient_net_edge']"
2026-01-30 00:00:00-05:00,SPY,stock flow + macro overlay favors long exposure,flat,,-0.05421830242663239,0.9689793799416668,1.0,0.3089014825979081,0.0,False,"['weak_signal', 'insufficient_net_edge']"
2026-01-30 00:00:00-05:00,SILVER,metal flow + macro overlay favors long exposure,flat,,-0.007883220943358086,0.9689793799416668,1.0,0.2973177122270896,0.0,False,"['weak_signal', 'insufficient_net_edge']"
2026-01-31 00:00:00-05:00,SOL,crypto flow + macro overlay favors short exposure,short,-2.3079157090591416,-0.7385069506704387,0.9819910168736499,1.0,1.5204874592752708,1923.2630908826181,True,[]
2026-01-31 00:00:00-05:00,XRP,crypto flow + macro overlay favors short exposure,short,-2.301250254747022,-0.7492100376242437,0.9819910168736499,1.0,1.5201637765732685,1917.7085456225186,True,[]
2026-01-31 00:00:00-05:00,ETH,crypto flow + macro overlay favors short exposure,short,-2.3016452631855744,-0.7481456866602629,0.9819910168736499,1.0,1.5200754426296217,1918.0377193213121,True,[]
2026-01-31 00:00:00-05:00,BTC,crypto flow + macro overlay favors short exposure,long,2.303568869153208,-0.7445336731478132,0.9819910168736499,1.0,1.5200380619369445,1919.64072429434,True,[]
2026-01-31 00:00:00-05:00,SILVER,metal flow + macro overlay favors short exposure,flat,,-0.7476889160325608,0.9819910168736499,1.0,0.48422088153918774,0.0,False,"['weak_signal', 'insufficient_net_edge']"
2026-01-31 00:00:00-05:00,EURUSD,forex flow + macro overlay favors long exposure,flat,,-0.7328274512629416,0.9819910168736499,1.0,0.4805055153467829,0.0,False,"['weak_signal', 'insufficient_net_edge']"
2026-01-31 00:00:00-05:00,SPY,stock flow + macro overlay favors long exposure,flat,,-0.7133508785851461,0.9819910168736499,1.0,0.475636372177334,0.0,False,"['weak_signal', 'insufficient_net_edge']"
2026-01-31 00:00:00-05:00,GOLD,metal flow + macro overlay favors short exposure,flat,,-0.6219616332731914,0.9819910168736499,1.0,0.45278906084934534,0.0,False,"['weak_signal', 'insufficient_net_edge']"
2026-01-31 00:00:00-05:00,MCD,stock flow + macro overlay favors long exposure,flat,,0.34971146706240086,0.9819910168736499,1.0,0.3847265192966477,0.0,False,"['weak_signal', 'insufficient_net_edge']"
2026-01-31 00:00:00-05:00,TSLA,stock flow + macro overlay favors long exposure,flat,,-0.26713050210421674,0.9819910168736499,1.0,0.36408127805710166,0.0,False,"['weak_signal', 'insufficient_net_edge']"
2026-01-31 00:00:00-05:00,GOOG,stock flow + macro overlay favors long exposure,flat,,0.2545309349495733,0.9819910168736499,1.0,0.3609313862684408,0.0,False,"['weak_signal', 'insufficient_net_edge']"
2026-01-31 00:00:00-05:00,COPPER,metal flow + macro overlay favors short exposure,flat,,0.1499999866616719,0.9819910168736499,1.0,0.33479864919646546,0.0,False,"['weak_signal', 'insufficient_net_edge']"
2026-01-31 00:00:00-05:00,AUDUSD,forex flow + macro overlay favors long exposure,flat,,-0.023485767426350335,0.9819910168736499,1.0,0.3031700943876351,0.0,False,"['weak_signal', 'insufficient_net_edge']"
2026-01-31 00:00:00-05:00,NVDA,stock flow + macro overlay favors long exposure,flat,,0.014523367115109216,0.9819910168736499,1.0,0.3009294943098248,0.0,False,"['weak_signal', 'insufficient_net_edge']"
